# Blender 5.2.0 LTS
# www.blender.org
mtllib calf_wheel_left.mtl
o calf_wheel_left
v 0.001517 -0.014500 0.020945
v -0.002247 -0.014500 0.020879
v 0.005232 -0.014500 0.020338
v 0.008780 -0.014500 0.019077
v -0.005939 -0.014500 0.020143
v 0.012045 -0.014500 0.017202
v -0.009441 -0.014500 0.018758
v 0.014923 -0.014500 0.014775
v 0.017321 -0.014500 0.011873
v 0.019163 -0.014500 0.008590
v 0.020389 -0.014500 0.005030
v 0.020959 -0.014500 0.001308
v 0.020856 -0.014500 -0.002455
v 0.020082 -0.014500 -0.006140
v 0.018663 -0.014500 -0.009627
v 0.016645 -0.014500 -0.012805
v 0.014091 -0.014500 -0.015571
v -0.012638 -0.014500 0.016771
v 0.011084 -0.014500 -0.017837
v 0.007721 -0.014500 -0.019529
v 0.004110 -0.014500 -0.020594
v 0.000367 -0.014500 -0.020997
v -0.003388 -0.014500 -0.020725
v -0.007034 -0.014500 -0.019787
v -0.010454 -0.014500 -0.018213
v -0.013538 -0.014500 -0.016053
v -0.016187 -0.014500 -0.013378
v -0.015430 -0.014500 0.014245
v -0.018316 -0.014500 -0.010273
v -0.017725 -0.014500 0.011261
v -0.019856 -0.014500 -0.006837
v -0.019451 -0.014500 0.007915
v -0.020758 -0.014500 -0.003182
v -0.020552 -0.014500 0.004315
v -0.020992 -0.014500 0.000576
v -0.007495 0.003000 0.049931
v -0.008794 0.013000 0.048887
v -0.009814 0.003000 0.047891
v -0.010971 0.013000 0.046506
v -0.010971 -0.013000 0.046506
v -0.012627 -0.013000 0.043736
v -0.012627 0.013000 0.043736
v -0.013694 -0.003000 0.040690
v -0.013694 0.003000 0.040690
v -0.013694 0.013000 0.040690
v -0.006182 0.013000 0.050783
v -0.004827 0.003000 0.051487
v -0.003244 0.013000 0.052116
v -0.001910 0.003000 0.052502
v -0.000097 0.013000 0.052832
v 0.001148 0.003000 0.052937
v 0.003129 0.013000 0.052903
v 0.004233 0.003000 0.052777
v 0.006304 0.013000 0.052325
v 0.007229 0.003000 0.052027
v 0.009298 0.013000 0.051121
v 0.010025 0.003000 0.050715
v 0.011990 0.013000 0.049341
v 0.012518 0.003000 0.048890
v 0.014269 0.013000 0.047058
v 0.014613 0.003000 0.046621
v 0.016045 0.013000 0.044363
v 0.016233 0.003000 0.043991
v 0.017243 0.013000 0.041367
v 0.017317 0.003000 0.041099
v 0.017816 0.013000 0.038191
v 0.017826 0.003000 0.038052
v 0.017740 0.013000 0.034965
v 0.017740 0.003000 0.034965
v -0.013694 -0.013000 0.040690
v -0.009814 -0.003000 0.047891
v -0.008794 -0.013000 0.048887
v -0.007495 -0.003000 0.049931
v -0.006182 -0.013000 0.050783
v -0.004827 -0.003000 0.051487
v -0.003244 -0.013000 0.052116
v -0.001910 -0.003000 0.052502
v -0.000097 -0.013000 0.052832
v 0.001148 -0.003000 0.052937
v 0.003129 -0.013000 0.052903
v 0.004233 -0.003000 0.052777
v 0.006304 -0.013000 0.052325
v 0.007229 -0.003000 0.052027
v 0.009298 -0.013000 0.051121
v 0.010025 -0.003000 0.050715
v 0.011990 -0.013000 0.049341
v 0.012518 -0.003000 0.048890
v 0.014269 -0.013000 0.047058
v 0.014613 -0.003000 0.046621
v 0.016045 -0.013000 0.044363
v 0.016233 -0.003000 0.043991
v 0.017243 -0.013000 0.041367
v 0.017317 -0.003000 0.041099
v 0.017816 -0.013000 0.038191
v 0.017826 -0.003000 0.038052
v 0.017740 -0.013000 0.034965
v 0.017740 -0.003000 0.034965
v 0.025158 0.003000 -0.060592
v 0.022431 0.003000 -0.045061
v -0.000690 0.003000 0.024685
v 0.021272 0.003000 -0.038102
v 0.020721 0.003000 -0.034662
v 0.020152 0.003000 -0.031012
v 0.019406 0.003000 -0.024248
v 0.019236 0.003000 -0.017446
v 0.019646 0.003000 -0.010654
v 0.018693 0.003000 0.011663
v 0.017731 0.003000 0.017439
v 0.020129 0.003000 0.005987
v 0.020631 0.003000 -0.003921
v 0.020822 0.003000 0.002725
v 0.020991 0.003000 -0.000606
v 0.017250 0.003000 0.023274
v 0.017253 0.003000 0.029130
v -0.002604 0.003000 0.024105
v -0.002604 -0.003000 0.024105
v -0.001924 -0.001870 0.021860
v -0.001756 -0.000668 0.021305
v -0.001756 0.000668 0.021305
v -0.002227 -0.002703 0.022859
v -0.001924 0.001870 0.021860
v -0.002227 0.002703 0.022859
v 0.017253 0.013000 0.029130
v 0.017250 0.013000 0.023274
v 0.017731 0.013000 0.017439
v 0.018693 0.013000 0.011663
v 0.020129 0.013000 0.005987
v 0.018828 0.013000 0.009302
v 0.016985 0.013000 0.012350
v 0.014654 0.013000 0.015042
v 0.011901 0.013000 0.017302
v 0.008806 0.013000 0.019064
v 0.005458 0.013000 0.020278
v 0.001953 0.013000 0.020909
v -0.001608 0.013000 0.020938
v -0.005123 0.013000 0.020366
v -0.016485 0.013000 0.028156
v -0.008491 0.013000 0.019207
v -0.011614 0.013000 0.017496
v -0.014404 0.013000 0.015282
v -0.018857 0.013000 0.015535
v -0.016779 0.013000 0.012628
v -0.018672 0.013000 0.009611
v -0.020027 0.013000 0.006318
v -0.020807 0.013000 0.002843
v -0.020807 0.003000 0.002843
v -0.018857 0.003000 0.015535
v -0.016485 0.003000 0.028156
v -0.017726 0.003000 -0.030481
v -0.018717 0.003000 -0.020292
v -0.018854 0.003000 -0.021027
v -0.019186 0.003000 -0.010066
v -0.019911 0.003000 -0.011563
v -0.019130 0.003000 0.000172
v -0.020895 0.003000 -0.002093
v -0.018551 0.003000 0.010392
v -0.017450 0.003000 0.020570
v -0.015829 0.003000 0.030678
v -0.020995 0.003000 -0.000447
v -0.020966 0.003000 0.001202
v -0.017726 -0.013000 -0.030481
v -0.017726 -0.003000 -0.030481
v -0.017723 -0.013000 -0.030504
v -0.017723 0.013000 -0.030504
v -0.017726 0.013000 -0.030481
v -0.018717 -0.003000 -0.020292
v -0.019186 -0.003000 -0.010066
v -0.019130 -0.003000 0.000172
v -0.018551 -0.003000 0.010392
v -0.017450 -0.003000 0.020570
v -0.015829 -0.003000 0.030678
v -0.016485 -0.003000 0.028156
v -0.018857 -0.003000 0.015535
v -0.020895 -0.003000 -0.002093
v -0.019911 -0.003000 -0.011563
v -0.018854 -0.003000 -0.021027
v -0.020807 -0.003000 0.002843
v -0.020995 -0.003000 -0.000447
v -0.020966 -0.003000 0.001202
v -0.016485 -0.013000 0.028156
v -0.018857 -0.013000 0.015535
v -0.020807 -0.013000 0.002843
v -0.020027 -0.013000 0.006318
v -0.018672 -0.013000 0.009611
v -0.016779 -0.013000 0.012628
v -0.014404 -0.013000 0.015282
v -0.011614 -0.013000 0.017496
v -0.008491 -0.013000 0.019207
v -0.005123 -0.013000 0.020366
v -0.001608 -0.013000 0.020938
v 0.001953 -0.013000 0.020909
v 0.005458 -0.013000 0.020278
v 0.017253 -0.013000 0.029130
v 0.008806 -0.013000 0.019064
v 0.017250 -0.013000 0.023274
v 0.011901 -0.013000 0.017302
v 0.017731 -0.013000 0.017439
v 0.014654 -0.013000 0.015042
v 0.016985 -0.013000 0.012350
v 0.018693 -0.013000 0.011663
v 0.018828 -0.013000 0.009302
v 0.020129 -0.013000 0.005987
v 0.020129 -0.003000 0.005987
v 0.018693 -0.003000 0.011663
v 0.017731 -0.003000 0.017439
v 0.017250 -0.003000 0.023274
v 0.017253 -0.003000 0.029130
v 0.025158 -0.003000 -0.060592
v -0.000690 -0.003000 0.024685
v 0.022561 -0.003000 -0.045819
v 0.020152 -0.003000 -0.031012
v 0.019406 -0.003000 -0.024248
v 0.019236 -0.003000 -0.017446
v 0.019646 -0.003000 -0.010654
v 0.020631 -0.003000 -0.003921
v 0.020822 -0.003000 0.002725
v 0.020991 -0.003000 -0.000606
v -0.000313 -0.002703 0.023439
v -0.000010 -0.001870 0.022440
v 0.000158 -0.000668 0.021886
v 0.000158 0.000668 0.021886
v -0.000010 0.001870 0.022440
v -0.000313 0.002703 0.023439
v -0.020895 0.013000 -0.002093
v -0.020992 0.014500 0.000576
v -0.020758 0.014500 -0.003182
v -0.020552 0.014500 0.004315
v -0.019451 0.014500 0.007915
v -0.017725 0.014500 0.011261
v -0.015430 0.014500 0.014245
v -0.012638 0.014500 0.016771
v -0.009441 0.014500 0.018758
v -0.005939 0.014500 0.020143
v -0.002247 0.014500 0.020879
v 0.001517 0.014500 0.020945
v 0.005232 0.014500 0.020338
v 0.008780 0.014500 0.019077
v 0.012045 0.014500 0.017202
v 0.014923 0.014500 0.014775
v 0.017321 0.014500 0.011873
v 0.019163 0.014500 0.008590
v 0.020389 0.014500 0.005030
v 0.020959 0.014500 0.001308
v 0.020856 0.014500 -0.002455
v 0.020631 0.013000 -0.003921
v 0.020082 0.014500 -0.006140
v 0.019608 0.013000 -0.007519
v 0.018663 0.014500 -0.009627
v 0.017962 0.013000 -0.010879
v 0.016645 0.014500 -0.012805
v 0.015747 0.013000 -0.013893
v 0.014091 0.014500 -0.015571
v 0.013032 0.013000 -0.016467
v 0.011084 0.014500 -0.017837
v 0.009904 0.013000 -0.018518
v 0.007721 0.014500 -0.019529
v 0.006461 0.013000 -0.019981
v 0.004110 0.014500 -0.020594
v 0.002813 0.013000 -0.020811
v 0.000367 0.014500 -0.020997
v -0.000924 0.013000 -0.020980
v -0.003388 0.014500 -0.020725
v -0.004631 0.013000 -0.020483
v -0.007034 0.014500 -0.019787
v -0.008192 0.013000 -0.019336
v -0.010454 0.014500 -0.018213
v -0.011493 0.013000 -0.017576
v -0.013538 0.014500 -0.016053
v -0.014429 0.013000 -0.015258
v -0.016187 0.014500 -0.013378
v -0.016907 0.013000 -0.012456
v -0.018316 0.014500 -0.010273
v -0.018849 0.013000 -0.009258
v -0.019856 0.014500 -0.006837
v -0.020193 0.013000 -0.005767
v -0.018854 0.013000 -0.021027
v -0.019911 0.013000 -0.011563
v 0.019646 0.013000 -0.010654
v 0.019236 0.013000 -0.017446
v 0.019406 0.013000 -0.024248
v 0.020152 0.013000 -0.031012
v -0.016481 0.013000 -0.039197
v -0.014824 0.013000 -0.047820
v -0.012792 0.013000 -0.056363
v -0.010481 0.013000 -0.064834
v -0.007316 0.013000 -0.075245
v 0.020191 0.013000 -0.031262
v 0.020172 0.013000 -0.031137
v 0.024077 0.013000 -0.054540
v -0.003941 0.013000 -0.085590
v 0.002970 0.013000 -0.106227
v 0.028283 0.013000 -0.077774
v 0.006277 0.013000 -0.116594
v 0.032406 0.013000 -0.101035
v 0.009344 0.013000 -0.127035
v 0.034311 0.013000 -0.112697
v 0.012071 0.013000 -0.137569
v 0.036045 0.013000 -0.124393
v 0.014357 0.013000 -0.148208
v 0.036607 0.013000 -0.128542
v 0.037139 0.013000 -0.132695
v 0.037634 0.013000 -0.136853
v 0.038088 0.013000 -0.141015
v 0.032692 -0.013000 -0.102732
v 0.036045 -0.013000 -0.124393
v 0.036045 0.006000 -0.124393
v 0.028889 -0.013000 -0.081107
v 0.024373 -0.013000 -0.056207
v 0.020191 -0.013000 -0.031262
v 0.020172 -0.013000 -0.031137
v 0.020152 -0.013000 -0.031012
v 0.038088 -0.013000 -0.141015
v 0.038088 0.006000 -0.141015
v 0.037162 -0.013000 -0.132888
v 0.014357 -0.013000 -0.148208
v 0.012915 -0.013000 -0.141224
v 0.014357 0.006000 -0.148208
v 0.011217 -0.013000 -0.134088
v 0.009265 -0.013000 -0.126751
v 0.007126 -0.013000 -0.119390
v 0.002514 -0.013000 -0.104852
v -0.002277 -0.013000 -0.090554
v -0.005669 -0.013000 -0.080360
v -0.010481 -0.013000 -0.064834
v -0.012792 -0.013000 -0.056363
v -0.014824 -0.013000 -0.047820
v -0.016481 -0.013000 -0.039197
v 0.006461 -0.013000 -0.019981
v 0.009904 -0.013000 -0.018518
v 0.019406 -0.013000 -0.024248
v 0.013032 -0.013000 -0.016467
v 0.015747 -0.013000 -0.013893
v 0.019236 -0.013000 -0.017446
v 0.017962 -0.013000 -0.010879
v 0.019646 -0.013000 -0.010654
v 0.019608 -0.013000 -0.007519
v 0.020631 -0.013000 -0.003921
v 0.002813 -0.013000 -0.020811
v -0.000924 -0.013000 -0.020980
v -0.004631 -0.013000 -0.020483
v -0.008192 -0.013000 -0.019336
v -0.011493 -0.013000 -0.017576
v -0.014429 -0.013000 -0.015258
v -0.018854 -0.013000 -0.021027
v -0.016907 -0.013000 -0.012456
v -0.019911 -0.013000 -0.011563
v -0.018849 -0.013000 -0.009258
v -0.020193 -0.013000 -0.005767
v -0.020895 -0.013000 -0.002093
v -0.040967 0.012306 -0.254815
v -0.040749 0.011944 -0.252065
v -0.040967 0.027000 -0.254815
v -0.040562 0.027000 -0.251057
v -0.040093 0.011555 -0.249313
v -0.039382 0.027000 -0.247467
v -0.038990 0.011151 -0.246651
v -0.037478 0.027000 -0.244202
v -0.037474 0.010753 -0.244198
v -0.035620 0.010382 -0.242051
v -0.034934 0.027000 -0.241407
v -0.033512 0.010054 -0.240265
v -0.031863 0.027000 -0.239205
v -0.031084 0.009763 -0.238787
v -0.028399 0.027000 -0.237692
v -0.028399 0.009530 -0.237692
v 0.045718 0.012166 -0.261092
v 0.045718 0.027000 -0.261092
v 0.045895 0.011765 -0.258120
v 0.045875 0.027000 -0.257594
v 0.045562 0.011334 -0.255067
v 0.045353 0.027000 -0.254131
v 0.044701 0.010894 -0.252077
v 0.044169 0.027000 -0.250835
v 0.043347 0.010470 -0.249296
v 0.042370 0.027000 -0.247830
v 0.041594 0.010089 -0.246853
v 0.040023 0.027000 -0.245231
v 0.039449 0.009755 -0.244729
v 0.037217 0.027000 -0.243135
v 0.036898 0.009477 -0.242947
v 0.034059 0.027000 -0.241622
v 0.034059 0.009281 -0.241622
v -0.009096 0.027000 -0.221421
v -0.000040 0.027000 -0.222077
v -0.009096 0.013000 -0.221421
v -0.000040 0.013000 -0.222077
v 0.026493 0.013000 -0.223998
v 0.009934 0.013000 -0.222799
v 0.026493 0.027000 -0.223998
v 0.009934 0.027000 -0.222799
v -0.044002 0.027000 -0.335699
v -0.044002 0.015200 -0.335699
v -0.043786 0.027000 -0.330953
v -0.043786 0.015200 -0.330953
v -0.044323 0.027000 -0.326233
v -0.044323 0.015200 -0.326233
v -0.045598 0.027000 -0.321657
v -0.045598 0.015200 -0.321657
v -0.047579 0.027000 -0.317340
v -0.047579 0.015200 -0.317340
v 0.037068 0.015200 -0.341569
v 0.037068 0.027000 -0.341569
v -0.020015 0.013000 -0.240351
v -0.020015 0.017000 -0.240351
v -0.021661 0.013000 -0.239862
v -0.021661 0.017000 -0.239862
v -0.022951 0.013000 -0.238727
v -0.022951 0.017000 -0.238727
v -0.023646 0.013000 -0.237156
v -0.023646 0.017000 -0.237156
v -0.023618 0.013000 -0.235439
v -0.023618 0.017000 -0.235439
v -0.022872 0.013000 -0.233891
v -0.022872 0.017000 -0.233891
v 0.034597 0.017000 -0.243877
v 0.035315 0.017000 -0.244358
v 0.034221 0.017000 -0.244279
v 0.038379 0.017000 -0.246445
v 0.040881 0.017000 -0.249182
v 0.042685 0.017000 -0.252421
v 0.043696 0.017000 -0.255988
v 0.043858 0.017000 -0.259692
v 0.042825 0.017000 -0.273965
v -0.039958 0.017000 -0.267971
v -0.038925 0.017000 -0.253697
v 0.044612 0.017000 -0.279544
v 0.039958 0.017000 -0.313548
v -0.042825 0.017000 -0.307553
v -0.044612 0.017000 -0.301975
v -0.042531 0.017000 -0.273234
v -0.045675 0.017000 -0.296214
v -0.044413 0.017000 -0.278781
v -0.045998 0.017000 -0.290365
v -0.045575 0.017000 -0.284522
v 0.042531 0.017000 -0.308285
v 0.045675 0.017000 -0.285305
v 0.044413 0.017000 -0.302738
v 0.045998 0.017000 -0.291154
v 0.045575 0.017000 -0.296996
v 0.039225 0.017000 -0.323678
v 0.022111 0.017000 -0.338481
v -0.028756 0.017000 -0.334798
v -0.043558 0.017000 -0.317684
v -0.032278 0.017000 -0.334140
v -0.035565 0.017000 -0.332716
v 0.038568 0.017000 -0.327200
v 0.037143 0.017000 -0.330488
v 0.035023 0.017000 -0.333376
v 0.032313 0.017000 -0.335720
v 0.029150 0.017000 -0.337402
v 0.025691 0.017000 -0.338338
v -0.038453 0.017000 -0.330595
v -0.040797 0.017000 -0.327886
v -0.042479 0.017000 -0.324722
v -0.043415 0.017000 -0.321264
v -0.038230 0.017000 -0.250055
v -0.036716 0.017000 -0.246671
v -0.034464 0.017000 -0.243726
v -0.031594 0.017000 -0.241378
v -0.028261 0.017000 -0.239754
v -0.027495 0.017000 -0.239390
v -0.026822 0.017000 -0.238872
v -0.026274 0.017000 -0.238224
v 0.033549 0.017000 -0.242515
v 0.033999 0.017000 -0.243253
v 0.034221 0.013000 -0.244279
v -0.021126 0.013000 -0.231668
v -0.021126 0.027000 -0.231668
v -0.026274 0.027000 -0.238224
v -0.016906 0.013000 -0.228504
v -0.012891 0.013000 -0.225084
v 0.038522 -0.013000 -0.153566
v 0.038540 -0.013000 -0.154126
v 0.038522 0.013035 -0.153566
v 0.038558 -0.013000 -0.154687
v 0.038575 -0.013000 -0.155247
v 0.038675 0.013313 -0.159736
v 0.038688 -0.012753 -0.160710
v 0.038709 0.013870 -0.165887
v 0.038708 -0.012021 -0.166089
v 0.038637 -0.010770 -0.171518
v 0.038626 0.014706 -0.172005
v 0.038476 -0.008987 -0.176891
v 0.038428 0.015819 -0.178073
v 0.038010 -0.005693 -0.185776
v 0.038118 0.017206 -0.184074
v 0.037702 0.018863 -0.189989
v 0.037290 -0.002635 -0.194720
v 0.037186 0.020783 -0.195803
v 0.036311 0.000183 -0.203707
v 0.036576 0.022960 -0.201500
v 0.035881 0.024885 -0.207051
v 0.035071 0.002756 -0.212714
v 0.035071 0.026193 -0.212714
v 0.038431 0.013000 -0.150471
v 0.038443 -0.013000 -0.150963
v 0.038397 0.013000 -0.148899
v 0.038387 -0.013000 -0.148359
v 0.038371 0.013000 -0.147328
v 0.038354 -0.013000 -0.145755
v 0.038354 0.013000 -0.145755
v 0.032684 0.013000 -0.102689
v 0.032679 -0.013000 -0.102660
v 0.028889 0.013000 -0.081107
v 0.014385 0.013000 -0.148356
v 0.014398 0.013000 -0.148430
v 0.038227 0.013000 -0.142592
v 0.038315 0.013000 -0.144173
v 0.014371 0.013000 -0.148282
v 0.037122 0.013000 -0.132565
v 0.012826 0.013000 -0.140830
v 0.011068 0.013000 -0.133500
v 0.006999 0.013000 -0.118960
v 0.002414 0.013000 -0.104543
v -0.002277 0.013000 -0.090554
v 0.014650 -0.013000 -0.149882
v 0.037122 -0.013000 -0.132565
v 0.012826 -0.013000 -0.140830
v 0.011068 -0.013000 -0.133500
v 0.006999 -0.013000 -0.118960
v 0.002414 -0.013000 -0.104543
v 0.014897 -0.013000 -0.151565
v 0.038227 -0.013000 -0.142592
v 0.038315 -0.013000 -0.144173
v 0.015097 -0.013000 -0.153253
v 0.001401 0.022960 -0.198512
v 0.005277 0.020852 -0.193286
v 0.008506 0.018956 -0.187814
v 0.011217 0.017224 -0.181859
v 0.013335 0.015714 -0.175425
v 0.014745 0.014506 -0.168681
v 0.015386 0.013648 -0.161804
v 0.015253 0.013155 -0.154996
v 0.015420 -0.012756 -0.158698
v 0.015254 -0.012007 -0.164170
v 0.014605 -0.010745 -0.169561
v 0.013508 -0.008987 -0.174770
v 0.051532 0.015200 -0.308499
v 0.052954 0.015166 -0.303646
v -0.053786 0.015200 -0.299552
v -0.054428 0.015151 -0.293551
v 0.053908 0.015064 -0.298766
v -0.054411 0.015007 -0.287645
v 0.054408 0.014899 -0.293929
v -0.053767 0.014770 -0.281858
v 0.054471 0.014664 -0.289006
v -0.052473 0.014433 -0.276033
v 0.054080 0.014361 -0.284004
v -0.050512 0.014001 -0.270298
v 0.053216 0.013992 -0.279002
v 0.051885 0.013567 -0.274079
v -0.047912 0.013489 -0.264784
v 0.050100 0.013098 -0.269305
v -0.044715 0.012916 -0.259602
v 0.048072 0.012638 -0.265081
v 0.034018 0.008467 -0.237307
v -0.021350 0.007687 -0.228715
v 0.033977 0.007602 -0.233001
v 0.033937 0.006684 -0.228706
v 0.034187 0.004807 -0.220642
v 0.009934 0.005810 -0.222799
v -0.000040 0.005839 -0.222077
v -0.014339 0.005589 -0.219788
v 0.000323 0.004637 -0.217072
v -0.009735 0.004324 -0.214957
v 0.000684 0.003363 -0.212085
v -0.005595 0.002906 -0.209819
v 0.001044 0.002018 -0.207116
v -0.001869 0.001303 -0.204321
v 0.011018 0.001984 -0.207839
v 0.010658 0.003331 -0.212807
v 0.010297 0.004606 -0.217794
v 0.001401 -0.000486 -0.198512
v 0.005381 -0.002273 -0.193130
v 0.008766 -0.004297 -0.187309
v 0.011489 -0.006543 -0.181152
v 0.033993 0.027000 -0.224271
v 0.034095 0.027000 -0.222055
v 0.034475 0.026798 -0.217356
v 0.033940 0.027000 -0.226488
v 0.033937 0.027000 -0.228706
v 0.001044 0.025655 -0.207116
v -0.001429 0.024805 -0.203602
v 0.011018 0.025627 -0.207839
v -0.004727 0.026066 -0.208626
v 0.000755 0.026401 -0.211099
v -0.008476 0.026777 -0.213483
v 0.000464 0.026850 -0.215125
v -0.012628 0.027000 -0.218086
v 0.000171 0.027000 -0.219173
v 0.010726 0.026388 -0.211861
v 0.010432 0.026847 -0.215929
v 0.010136 0.027000 -0.220020
v -0.038925 0.027000 -0.253697
v -0.039958 0.027000 -0.267971
v -0.045066 0.027000 -0.260111
v -0.048485 0.027000 -0.265870
v -0.042531 0.027000 -0.273234
v -0.051172 0.027000 -0.272005
v -0.044413 0.027000 -0.278781
v -0.053086 0.027000 -0.278423
v -0.045575 0.027000 -0.284522
v -0.054198 0.027000 -0.285028
v -0.045998 0.027000 -0.290365
v -0.054492 0.027000 -0.291719
v -0.045675 0.027000 -0.296214
v -0.053962 0.027000 -0.298395
v -0.044612 0.027000 -0.301975
v -0.052618 0.027000 -0.304956
v -0.042825 0.027000 -0.307553
v -0.050480 0.027000 -0.311303
v -0.043558 0.027000 -0.317684
v -0.043415 0.027000 -0.321264
v -0.042479 0.027000 -0.324722
v -0.038230 0.027000 -0.250055
v -0.036716 0.027000 -0.246671
v -0.034464 0.027000 -0.243726
v -0.031594 0.027000 -0.241378
v -0.028261 0.027000 -0.239754
v -0.027495 0.027000 -0.239390
v -0.026822 0.027000 -0.238872
v -0.014339 0.027000 -0.219788
v -0.016906 0.027000 -0.228504
v -0.012891 0.027000 -0.225084
v -0.013763 0.027000 -0.219226
v -0.013193 0.027000 -0.218659
v -0.040797 0.027000 -0.327886
v -0.038453 0.027000 -0.330595
v -0.035565 0.027000 -0.332716
v -0.032278 0.027000 -0.334140
v -0.028756 0.027000 -0.334798
v 0.022111 0.027000 -0.338481
v 0.025691 0.027000 -0.338338
v 0.029150 0.027000 -0.337402
v 0.032313 0.027000 -0.335720
v 0.037539 0.027000 -0.336842
v 0.035023 0.027000 -0.333376
v 0.038750 0.027000 -0.332249
v 0.037143 0.027000 -0.330488
v 0.040670 0.027000 -0.327904
v 0.038568 0.027000 -0.327200
v 0.039225 0.027000 -0.323678
v 0.043253 0.027000 -0.323917
v 0.039958 0.027000 -0.313548
v 0.046993 0.027000 -0.318361
v 0.050024 0.027000 -0.312389
v 0.042531 0.027000 -0.308285
v 0.052299 0.027000 -0.306090
v 0.044413 0.027000 -0.302738
v 0.053785 0.027000 -0.299559
v 0.045575 0.027000 -0.296996
v 0.054458 0.027000 -0.292896
v 0.045998 0.027000 -0.291154
v 0.054309 0.027000 -0.286200
v 0.045675 0.027000 -0.285305
v 0.053340 0.027000 -0.279573
v 0.044612 0.027000 -0.279544
v 0.051565 0.027000 -0.273115
v 0.042825 0.027000 -0.273965
v 0.049011 0.027000 -0.266924
v 0.043858 0.027000 -0.259692
v 0.043696 0.027000 -0.255988
v 0.042685 0.027000 -0.252421
v 0.040881 0.027000 -0.249182
v 0.038379 0.027000 -0.246445
v 0.035315 0.027000 -0.244358
v 0.034597 0.027000 -0.243877
v 0.033999 0.027000 -0.243253
v 0.033549 0.027000 -0.242515
v 0.046561 0.015200 -0.319085
v -0.050331 0.015200 -0.311664
v 0.043253 0.015200 -0.323917
v 0.040670 0.015200 -0.327904
v 0.038750 0.015200 -0.332249
v 0.037539 0.015200 -0.336842
v -0.052410 0.015200 -0.305708
v 0.049331 0.015200 -0.313925
v -0.044714 0.042500 -0.333642
v 0.038069 0.042500 -0.339637
v -0.044714 0.017000 -0.333642
v 0.038069 0.017000 -0.339637
v -0.043943 0.042500 -0.322997
v -0.043943 0.027000 -0.322997
v 0.038840 0.042500 -0.328991
v 0.038840 0.027000 -0.328991
v 0.043900 0.042500 -0.258463
v 0.043900 0.027000 -0.258463
v 0.046510 0.042500 -0.262350
v 0.046510 0.027000 -0.262350
v 0.048776 0.042500 -0.266446
v 0.048776 0.027000 -0.266446
v 0.050683 0.042500 -0.270721
v 0.050683 0.027000 -0.270721
v 0.052215 0.042500 -0.275144
v 0.052215 0.027000 -0.275144
v 0.044164 0.027000 -0.310803
v 0.049421 0.027000 -0.313734
v 0.044164 0.042500 -0.310803
v 0.049421 0.042500 -0.313734
v 0.045793 0.027000 -0.306735
v 0.045793 0.042500 -0.306735
v 0.047049 0.027000 -0.302535
v 0.047049 0.042500 -0.302535
v 0.047920 0.027000 -0.298240
v 0.047920 0.042500 -0.298240
v -0.049421 0.042500 -0.267785
v -0.049421 0.027000 -0.267785
v -0.047267 0.042500 -0.263628
v -0.047267 0.027000 -0.263628
v -0.044764 0.042500 -0.259672
v -0.044764 0.027000 -0.259672
v -0.041931 0.042500 -0.255945
v -0.041931 0.027000 -0.255945
v -0.038789 0.042500 -0.252475
v -0.038789 0.027000 -0.252475
v -0.046591 0.042500 -0.304231
v -0.052215 0.042500 -0.306374
v -0.046591 0.027000 -0.304231
v -0.052215 0.027000 -0.306374
v -0.047920 0.042500 -0.283279
v -0.053922 0.042500 -0.282844
v -0.047920 0.027000 -0.283279
v -0.053922 0.027000 -0.282844
v -0.048497 0.027000 -0.291258
v -0.054500 0.027000 -0.290823
v -0.048497 0.042500 -0.291258
v -0.054500 0.042500 -0.290823
v -0.046538 0.027000 -0.319122
v -0.044276 0.027000 -0.303233
v -0.045293 0.027000 -0.298791
v -0.045866 0.027000 -0.294270
v -0.047617 0.027000 -0.299970
v -0.045988 0.027000 -0.289714
v -0.048254 0.027000 -0.295634
v -0.054438 0.027000 -0.288155
v -0.054245 0.027000 -0.285493
v -0.045659 0.027000 -0.285168
v -0.047049 0.027000 -0.278983
v -0.045793 0.027000 -0.274784
v -0.044882 0.027000 -0.280678
v -0.044164 0.027000 -0.270715
v -0.043664 0.027000 -0.276286
v -0.042017 0.027000 -0.272037
v -0.038890 0.027000 -0.253289
v -0.038845 0.027000 -0.252881
v -0.050689 0.027000 -0.310781
v -0.048792 0.027000 -0.315040
v 0.054500 0.042500 -0.290695
v 0.054500 0.027000 -0.290695
v 0.054438 0.042500 -0.293364
v 0.054438 0.027000 -0.293364
v 0.054245 0.027000 -0.296025
v 0.053922 0.027000 -0.298675
v 0.053922 0.042500 -0.298675
v 0.054245 0.042500 -0.296025
v -0.038233 0.042500 -0.250063
v -0.038515 0.017000 -0.251078
v -0.037678 0.017000 -0.248562
v -0.037311 0.042500 -0.247764
v -0.036437 0.017000 -0.246219
v -0.036045 0.042500 -0.245636
v -0.034827 0.017000 -0.244113
v -0.034467 0.042500 -0.243729
v -0.032891 0.017000 -0.242302
v -0.032613 0.042500 -0.242087
v -0.030682 0.017000 -0.240836
v -0.030527 0.042500 -0.240752
v -0.028261 0.042500 -0.239754
v -0.027495 0.042500 -0.239390
v -0.026274 0.042500 -0.238224
v -0.026822 0.042500 -0.238872
v 0.035315 0.042500 -0.244358
v 0.037414 0.042500 -0.245672
v 0.037554 0.017000 -0.245777
v 0.039285 0.042500 -0.247294
v 0.039529 0.017000 -0.247546
v 0.040883 0.042500 -0.249185
v 0.041184 0.017000 -0.249617
v 0.042170 0.042500 -0.251300
v 0.042474 0.017000 -0.251933
v 0.043116 0.042500 -0.253588
v 0.043364 0.017000 -0.254431
v 0.043697 0.042500 -0.255995
v 0.043830 0.017000 -0.257041
v 0.043897 0.027000 -0.258873
v 0.043883 0.027000 -0.259283
v -0.044276 0.017000 -0.303233
v -0.045293 0.017000 -0.298791
v -0.045866 0.017000 -0.294270
v -0.045988 0.017000 -0.289714
v -0.045659 0.017000 -0.285168
v -0.044882 0.017000 -0.280678
v -0.043664 0.017000 -0.276286
v -0.042017 0.017000 -0.272037
v 0.042017 0.017000 -0.309482
v 0.043664 0.017000 -0.305233
v 0.044882 0.017000 -0.300841
v 0.045659 0.017000 -0.296350
v 0.045988 0.017000 -0.291805
v 0.045866 0.017000 -0.287249
v 0.045293 0.017000 -0.282728
v 0.044276 0.017000 -0.278285
v 0.034609 0.017000 -0.243887
v 0.034018 0.017000 -0.243278
v 0.033569 0.017000 -0.242558
v 0.033569 0.042500 -0.242558
v 0.043674 0.065500 -0.289265
v 0.043674 0.042500 -0.289265
v 0.043586 0.065500 -0.293916
v 0.043586 0.042500 -0.293916
v 0.043003 0.065500 -0.298531
v 0.043003 0.042500 -0.298531
v 0.041934 0.042500 -0.303058
v 0.043268 0.065500 -0.284631
v 0.043268 0.042500 -0.284631
v 0.042372 0.065500 -0.280067
v 0.042372 0.042500 -0.280067
v 0.040995 0.065500 -0.275623
v 0.040995 0.042500 -0.275623
v 0.039154 0.065500 -0.271352
v 0.039154 0.042500 -0.271352
v 0.036869 0.065500 -0.267300
v 0.036869 0.042500 -0.267300
v 0.034167 0.065500 -0.263514
v 0.034167 0.042500 -0.263514
v 0.031077 0.065500 -0.260036
v 0.031077 0.042500 -0.260036
v 0.027635 0.065500 -0.256907
v 0.027635 0.042500 -0.256907
v 0.023881 0.065500 -0.254161
v 0.023881 0.042500 -0.254161
v 0.019855 0.065500 -0.251830
v 0.019855 0.042500 -0.251830
v 0.015605 0.065500 -0.249940
v 0.015605 0.042500 -0.249940
v 0.011178 0.065500 -0.248513
v 0.011178 0.042500 -0.248513
v 0.006624 0.065500 -0.247564
v 0.006624 0.042500 -0.247564
v 0.001995 0.065500 -0.247105
v 0.001995 0.042500 -0.247105
v -0.002657 0.065500 -0.247140
v -0.002657 0.042500 -0.247140
v -0.007278 0.065500 -0.247670
v -0.007278 0.042500 -0.247670
v -0.011817 0.065500 -0.248687
v -0.011817 0.042500 -0.248687
v -0.016222 0.065500 -0.250182
v -0.016222 0.042500 -0.250182
v -0.020443 0.065500 -0.252136
v -0.020443 0.042500 -0.252136
v -0.024433 0.065500 -0.254528
v -0.024433 0.042500 -0.254528
v -0.028146 0.065500 -0.257330
v -0.028146 0.042500 -0.257330
v -0.031539 0.065500 -0.260511
v -0.031539 0.042500 -0.260511
v -0.034576 0.065500 -0.264035
v -0.034576 0.042500 -0.264035
v -0.037221 0.065500 -0.267862
v -0.037221 0.042500 -0.267862
v -0.039444 0.065500 -0.271948
v -0.039444 0.042500 -0.271948
v -0.041220 0.065500 -0.276247
v -0.041220 0.042500 -0.276247
v -0.042529 0.065500 -0.280710
v -0.042529 0.042500 -0.280710
v -0.043356 0.065500 -0.285288
v -0.043356 0.042500 -0.285288
v -0.043692 0.065500 -0.289927
v -0.043692 0.042500 -0.289927
v -0.043533 0.065500 -0.294576
v -0.043533 0.042500 -0.294576
v -0.042881 0.065500 -0.299182
v -0.042881 0.042500 -0.299182
v -0.041742 0.065500 -0.303692
v -0.041742 0.042500 -0.303692
v -0.040131 0.065500 -0.308056
v -0.040131 0.042500 -0.308056
v -0.038065 0.065500 -0.312223
v -0.038065 0.042500 -0.312223
v -0.035568 0.065500 -0.316148
v -0.035568 0.042500 -0.316148
v -0.032668 0.065500 -0.319785
v -0.032668 0.042500 -0.319785
v -0.029398 0.065500 -0.323093
v -0.029398 0.042500 -0.323093
v -0.025794 0.065500 -0.326034
v -0.025794 0.042500 -0.326034
v -0.021899 0.065500 -0.328576
v -0.021899 0.042500 -0.328576
v -0.017755 0.065500 -0.330690
v -0.017755 0.042500 -0.330690
v -0.013410 0.065500 -0.332351
v -0.013410 0.042500 -0.332351
v -0.008913 0.065500 -0.333541
v -0.008913 0.042500 -0.333541
v -0.004315 0.065500 -0.334246
v -0.004315 0.042500 -0.334246
v 0.000331 0.065500 -0.334458
v 0.000331 0.042500 -0.334458
v 0.004974 0.065500 -0.334175
v 0.004974 0.042500 -0.334175
v 0.009561 0.065500 -0.333401
v 0.009561 0.042500 -0.333401
v 0.014039 0.065500 -0.332143
v 0.014039 0.042500 -0.332143
v 0.018359 0.065500 -0.330416
v 0.018359 0.042500 -0.330416
v 0.022470 0.065500 -0.328240
v 0.022470 0.042500 -0.328240
v 0.026327 0.065500 -0.325639
v 0.026327 0.042500 -0.325639
v 0.029885 0.065500 -0.322643
v 0.029885 0.042500 -0.322643
v 0.033105 0.065500 -0.319286
v 0.033105 0.042500 -0.319286
v 0.035949 0.065500 -0.315606
v 0.035949 0.042500 -0.315606
v 0.038387 0.065500 -0.311644
v 0.038387 0.042500 -0.311644
v 0.040389 0.065500 -0.307445
v 0.040389 0.042500 -0.307445
v 0.041934 0.065500 -0.303058
v -0.050981 0.065500 -0.292159
v -0.050867 0.065500 -0.287076
v -0.050247 0.065500 -0.282030
v -0.049128 0.065500 -0.277070
v -0.047521 0.065500 -0.272246
v -0.045442 0.065500 -0.267607
v -0.042911 0.065500 -0.263197
v -0.039953 0.065500 -0.259062
v -0.036599 0.065500 -0.255241
v -0.032880 0.065500 -0.251774
v -0.028835 0.065500 -0.248693
v -0.024503 0.065500 -0.246031
v -0.019928 0.065500 -0.243814
v -0.015155 0.065500 -0.242063
v -0.010231 0.065500 -0.240796
v -0.005205 0.065500 -0.240026
v -0.000128 0.065500 -0.239760
v 0.004950 0.065500 -0.240000
v 0.009980 0.065500 -0.240745
v 0.014910 0.065500 -0.241988
v 0.019692 0.065500 -0.243714
v 0.024278 0.065500 -0.245909
v 0.028623 0.065500 -0.248549
v 0.032684 0.065500 -0.251609
v 0.036420 0.065500 -0.255058
v 0.039793 0.065500 -0.258861
v 0.042772 0.065500 -0.262982
v 0.045325 0.065500 -0.267379
v 0.047428 0.065500 -0.272008
v 0.049059 0.065500 -0.276823
v 0.050203 0.065500 -0.281777
v 0.050848 0.065500 -0.286820
v 0.050987 0.065500 -0.291903
v 0.050620 0.065500 -0.296974
v 0.049750 0.065500 -0.301983
v 0.048385 0.065500 -0.306881
v 0.046539 0.065500 -0.311618
v 0.044231 0.065500 -0.316148
v 0.041483 0.065500 -0.320426
v 0.038323 0.065500 -0.324409
v 0.034783 0.065500 -0.328058
v 0.030896 0.065500 -0.331336
v 0.026702 0.065500 -0.334210
v 0.022243 0.065500 -0.336653
v 0.017563 0.065500 -0.338640
v 0.012709 0.065500 -0.340151
v 0.007728 0.065500 -0.341170
v 0.002670 0.065500 -0.341689
v -0.002414 0.065500 -0.341702
v -0.007474 0.065500 -0.341209
v -0.012460 0.065500 -0.340214
v -0.017323 0.065500 -0.338727
v -0.022013 0.065500 -0.336764
v -0.026484 0.065500 -0.334344
v -0.030692 0.065500 -0.331490
v -0.034595 0.065500 -0.328232
v -0.038154 0.065500 -0.324601
v -0.041334 0.065500 -0.320634
v -0.044103 0.065500 -0.316370
v -0.046434 0.065500 -0.311852
v -0.048303 0.065500 -0.307124
v -0.049693 0.065500 -0.302233
v -0.050588 0.065500 -0.297228
v -0.050247 0.071500 -0.282030
v -0.050057 0.071500 -0.285983
v -0.050867 0.071500 -0.287076
v -0.050368 0.071500 -0.287112
v -0.050223 0.071500 -0.288274
v -0.049128 0.071500 -0.277070
v -0.047159 0.071500 -0.284337
v -0.048321 0.071500 -0.284481
v -0.049339 0.071500 -0.285060
v -0.047521 0.071500 -0.272246
v -0.045107 0.071500 -0.285366
v -0.046031 0.071500 -0.284647
v -0.045442 0.071500 -0.267607
v -0.031291 0.071500 -0.257826
v -0.044529 0.071500 -0.286384
v -0.030129 0.071500 -0.257681
v -0.044384 0.071500 -0.287545
v -0.029111 0.071500 -0.257103
v -0.033657 0.071500 -0.319871
v 0.003214 0.071500 -0.246376
v -0.003214 0.071500 -0.335143
v 0.033657 0.071500 -0.261648
v 0.029111 0.071500 -0.324416
v 0.044384 0.071500 -0.293973
v 0.030129 0.071500 -0.323838
v 0.044529 0.071500 -0.295135
v 0.031291 0.071500 -0.323693
v 0.045107 0.071500 -0.296153
v 0.046539 0.071500 -0.311618
v 0.048385 0.071500 -0.306881
v 0.046031 0.071500 -0.296872
v 0.049750 0.071500 -0.301983
v 0.047159 0.071500 -0.297182
v 0.048321 0.071500 -0.297037
v -0.042911 0.071500 -0.263197
v -0.032419 0.071500 -0.257515
v -0.039953 0.071500 -0.259062
v -0.033343 0.071500 -0.256796
v -0.036599 0.071500 -0.255241
v -0.033921 0.071500 -0.255779
v -0.034066 0.071500 -0.254617
v -0.033755 0.071500 -0.253488
v -0.032880 0.071500 -0.251774
v -0.033037 0.071500 -0.252565
v -0.032019 0.071500 -0.251986
v -0.028835 0.071500 -0.248693
v -0.030857 0.071500 -0.251841
v -0.029729 0.071500 -0.252152
v -0.028805 0.071500 -0.252871
v -0.024503 0.071500 -0.246031
v -0.028227 0.071500 -0.253889
v -0.028082 0.071500 -0.255050
v -0.019928 0.071500 -0.243814
v -0.015155 0.071500 -0.242063
v 0.001162 0.071500 -0.245346
v -0.010231 0.071500 -0.240796
v 0.000583 0.071500 -0.244328
v -0.005205 0.071500 -0.240026
v 0.000439 0.071500 -0.243167
v 0.000749 0.071500 -0.242038
v -0.000128 0.071500 -0.239760
v 0.001468 0.071500 -0.241114
v 0.002486 0.071500 -0.240536
v 0.003647 0.071500 -0.240391
v 0.004950 0.071500 -0.240000
v 0.004776 0.071500 -0.240702
v 0.005700 0.071500 -0.241421
v 0.009980 0.071500 -0.240745
v 0.006278 0.071500 -0.242439
v 0.006423 0.071500 -0.243600
v 0.006112 0.071500 -0.244729
v 0.014910 0.071500 -0.241988
v 0.005393 0.071500 -0.245652
v 0.019692 0.071500 -0.243714
v 0.024278 0.071500 -0.245909
v 0.032934 0.071500 -0.259469
v 0.028623 0.071500 -0.248549
v 0.033244 0.071500 -0.258340
v 0.032684 0.071500 -0.251609
v 0.033963 0.071500 -0.257416
v 0.034981 0.071500 -0.256838
v 0.036420 0.071500 -0.255058
v 0.036142 0.071500 -0.256693
v 0.037271 0.071500 -0.257004
v 0.038195 0.071500 -0.257723
v 0.039793 0.071500 -0.258861
v 0.038773 0.071500 -0.258740
v 0.038918 0.071500 -0.259902
v 0.042772 0.071500 -0.262982
v 0.038607 0.071500 -0.261031
v 0.037888 0.071500 -0.261954
v 0.036871 0.071500 -0.262533
v 0.045325 0.071500 -0.267379
v 0.035709 0.071500 -0.262678
v 0.047428 0.071500 -0.272008
v 0.049059 0.071500 -0.276823
v 0.045413 0.071500 -0.291921
v 0.050203 0.071500 -0.281777
v 0.046431 0.071500 -0.291343
v 0.050848 0.071500 -0.286820
v 0.047593 0.071500 -0.291198
v 0.048721 0.071500 -0.291509
v 0.050987 0.071500 -0.291903
v 0.049645 0.071500 -0.292227
v 0.050223 0.071500 -0.293245
v 0.050368 0.071500 -0.294407
v 0.050620 0.071500 -0.296974
v 0.050057 0.071500 -0.295535
v 0.049339 0.071500 -0.296459
v 0.044231 0.071500 -0.316148
v 0.041483 0.071500 -0.320426
v 0.032419 0.071500 -0.324004
v 0.038323 0.071500 -0.324409
v 0.033343 0.071500 -0.324722
v 0.033921 0.071500 -0.325740
v 0.034066 0.071500 -0.326902
v 0.034783 0.071500 -0.328058
v 0.033755 0.071500 -0.328030
v 0.033037 0.071500 -0.328954
v 0.030896 0.071500 -0.331336
v 0.032019 0.071500 -0.329532
v 0.030857 0.071500 -0.329677
v 0.029729 0.071500 -0.329367
v 0.026702 0.071500 -0.334210
v 0.028805 0.071500 -0.328648
v 0.028227 0.071500 -0.327630
v 0.022243 0.071500 -0.336653
v 0.028082 0.071500 -0.326468
v 0.017563 0.071500 -0.338640
v -0.001162 0.071500 -0.336173
v 0.012709 0.071500 -0.340151
v 0.007728 0.071500 -0.341170
v -0.000583 0.071500 -0.337190
v 0.002670 0.071500 -0.341689
v -0.000439 0.071500 -0.338352
v -0.000749 0.071500 -0.339481
v -0.001468 0.071500 -0.340404
v -0.002414 0.071500 -0.341702
v -0.002486 0.071500 -0.340983
v -0.003647 0.071500 -0.341127
v -0.007474 0.071500 -0.341209
v -0.004776 0.071500 -0.340817
v -0.005700 0.071500 -0.340098
v -0.006278 0.071500 -0.339080
v -0.012460 0.071500 -0.340214
v -0.006423 0.071500 -0.337919
v -0.006112 0.071500 -0.336790
v -0.017323 0.071500 -0.338727
v -0.005393 0.071500 -0.335866
v -0.022013 0.071500 -0.336764
v -0.032934 0.071500 -0.322050
v -0.026484 0.071500 -0.334344
v -0.030692 0.071500 -0.331490
v -0.034595 0.071500 -0.328232
v -0.033963 0.071500 -0.324102
v -0.033244 0.071500 -0.323179
v -0.038154 0.071500 -0.324601
v -0.037271 0.071500 -0.324515
v -0.036142 0.071500 -0.324826
v -0.034981 0.071500 -0.324681
v -0.041334 0.071500 -0.320634
v -0.038773 0.071500 -0.322778
v -0.038195 0.071500 -0.323796
v -0.044103 0.071500 -0.316370
v -0.037888 0.071500 -0.319564
v -0.038607 0.071500 -0.320488
v -0.038918 0.071500 -0.321617
v -0.036871 0.071500 -0.318986
v -0.046434 0.071500 -0.311852
v -0.035709 0.071500 -0.318841
v -0.048303 0.071500 -0.307124
v -0.045413 0.071500 -0.289598
v -0.049693 0.071500 -0.302233
v -0.050588 0.071500 -0.297228
v -0.050981 0.071500 -0.292159
v -0.047593 0.071500 -0.290321
v -0.046431 0.071500 -0.290176
v -0.049645 0.071500 -0.289291
v -0.048721 0.071500 -0.290010
v -0.028393 0.071500 -0.256179
v 0.002085 0.071500 -0.246065
v 0.004376 0.071500 -0.246231
v 0.033078 0.071500 -0.260630
v -0.044694 0.071500 -0.288674
v -0.034580 0.071500 -0.319152
v -0.033078 0.071500 -0.320888
v -0.004376 0.071500 -0.335288
v 0.028393 0.071500 -0.325340
v -0.002085 0.071500 -0.335454
v 0.044694 0.071500 -0.292845
v 0.034580 0.071500 -0.262367
v -0.046538 0.042500 -0.319122
v -0.048792 0.042500 -0.315040
v -0.050689 0.042500 -0.310781
v -0.047617 0.042500 -0.299970
v -0.048254 0.042500 -0.295634
v -0.047049 0.042500 -0.278983
v -0.045793 0.042500 -0.274784
v -0.044164 0.042500 -0.270715
v -0.054438 0.042500 -0.288155
v -0.054245 0.042500 -0.285493
v 0.034018 0.042500 -0.243278
v 0.034609 0.042500 -0.243887
v 0.046591 0.042500 -0.277287
v 0.047617 0.042500 -0.281548
v 0.048254 0.042500 -0.285885
v 0.048497 0.042500 -0.290261
v 0.047276 0.042500 -0.317875
v 0.044785 0.042500 -0.321817
v 0.041966 0.042500 -0.325531
v 0.041966 0.027000 -0.325531
v 0.042017 0.027000 -0.309482
v 0.043664 0.027000 -0.305233
v 0.044882 0.027000 -0.300841
v 0.045659 0.027000 -0.296350
v 0.044785 0.027000 -0.321817
v 0.047276 0.027000 -0.317875
v 0.048497 0.027000 -0.290261
v 0.045988 0.027000 -0.291805
v 0.048254 0.027000 -0.285885
v 0.047617 0.027000 -0.281548
v 0.045866 0.027000 -0.287249
v 0.046591 0.027000 -0.277287
v 0.045293 0.027000 -0.282728
v 0.044276 0.027000 -0.278285
v 0.041219 0.019000 -0.275366
v 0.043254 0.019000 -0.247270
v 0.041219 0.017000 -0.275366
v 0.043254 0.017000 -0.247270
v -0.038572 0.017000 -0.269588
v -0.036537 0.017000 -0.241492
v -0.038572 0.019000 -0.269588
v -0.036537 0.019000 -0.241492
v -0.019107 0.019000 -0.278939
v -0.019337 0.019000 -0.280775
v -0.041889 0.019000 -0.277294
v -0.019445 0.019000 -0.282141
v -0.042982 0.019000 -0.281350
v -0.019174 0.019000 -0.283484
v -0.043683 0.019000 -0.285491
v -0.043987 0.019000 -0.289680
v -0.018545 0.019000 -0.284701
v -0.043889 0.019000 -0.293878
v -0.043392 0.019000 -0.298049
v -0.017607 0.019000 -0.285699
v -0.042499 0.019000 -0.302153
v -0.041219 0.019000 -0.306153
v -0.016431 0.019000 -0.286402
v -0.015108 0.019000 -0.286756
v -0.013738 0.019000 -0.286734
v -0.043073 0.019000 -0.331755
v 0.036718 0.019000 -0.337533
v -0.012427 0.019000 -0.286337
v 0.038572 0.019000 -0.311931
v -0.011275 0.019000 -0.285596
v -0.010370 0.019000 -0.284567
v 0.040414 0.019000 -0.308157
v -0.009782 0.019000 -0.283330
v 0.041889 0.019000 -0.304224
v 0.042982 0.019000 -0.300169
v 0.043683 0.019000 -0.296028
v 0.043987 0.019000 -0.291839
v 0.043889 0.019000 -0.287640
v 0.043392 0.019000 -0.283470
v 0.042499 0.019000 -0.279366
v -0.009555 0.019000 -0.281979
v -0.009708 0.019000 -0.280618
v -0.010227 0.019000 -0.279350
v -0.011074 0.019000 -0.278274
v -0.014072 0.019000 -0.269850
v -0.014112 0.019000 -0.268557
v -0.014540 0.019000 -0.267336
v -0.015315 0.019000 -0.266300
v -0.012284 0.019000 -0.276873
v -0.013216 0.019000 -0.275273
v -0.013837 0.019000 -0.273529
v -0.014125 0.019000 -0.271701
v -0.016366 0.019000 -0.265546
v -0.017595 0.019000 -0.265142
v -0.018889 0.019000 -0.265127
v -0.020127 0.019000 -0.265502
v -0.021195 0.019000 -0.266232
v -0.021994 0.019000 -0.267250
v -0.022450 0.019000 -0.268460
v -0.022520 0.019000 -0.269752
v -0.022199 0.019000 -0.271005
v -0.040414 0.019000 -0.273362
v -0.021515 0.019000 -0.272104
v -0.020444 0.019000 -0.273614
v -0.019670 0.019000 -0.275295
v -0.019219 0.019000 -0.277091
v -0.040414 0.017000 -0.273362
v 0.038572 0.017000 -0.311931
v 0.040414 0.017000 -0.308157
v 0.041889 0.017000 -0.304224
v -0.041889 0.017000 -0.277294
v -0.042982 0.017000 -0.281350
v -0.043683 0.017000 -0.285491
v -0.043987 0.017000 -0.289680
v -0.043889 0.017000 -0.293878
v -0.043392 0.017000 -0.298049
v -0.042499 0.017000 -0.302153
v -0.041219 0.017000 -0.306153
v 0.036718 0.017000 -0.337533
v -0.043073 0.017000 -0.331755
v 0.042982 0.017000 -0.300169
v 0.043683 0.017000 -0.296028
v 0.043987 0.017000 -0.291839
v 0.043889 0.017000 -0.287640
v 0.043392 0.017000 -0.283470
v 0.042499 0.017000 -0.279366
v -0.016290 0.021250 -0.238797
v -0.016290 0.030250 -0.238797
v -0.016405 0.021250 -0.240393
v -0.016405 0.030250 -0.240393
v 0.023490 0.021250 -0.243282
v 0.023490 0.030250 -0.243282
v 0.023606 0.021250 -0.241686
v 0.023606 0.030250 -0.241686
v -0.043205 0.086000 -0.263661
v 0.047553 0.086000 -0.309192
v -0.045585 0.086000 -0.267890
v 0.045585 0.086000 -0.313628
v -0.047553 0.086000 -0.272327
v 0.043205 0.086000 -0.317858
v -0.049089 0.086000 -0.276931
v 0.040433 0.086000 -0.321842
v -0.050182 0.086000 -0.281660
v 0.037296 0.086000 -0.325545
v -0.050819 0.086000 -0.286471
v 0.033820 0.086000 -0.328932
v -0.050997 0.086000 -0.291321
v 0.030039 0.086000 -0.331974
v -0.050713 0.086000 -0.296166
v 0.025985 0.086000 -0.334643
v -0.049969 0.086000 -0.300962
v 0.021696 0.086000 -0.336914
v -0.048773 0.086000 -0.305666
v 0.017210 0.086000 -0.338768
v -0.047135 0.086000 -0.310234
v 0.012569 0.086000 -0.340186
v -0.045071 0.086000 -0.314627
v 0.007814 0.086000 -0.341157
v -0.042598 0.086000 -0.318803
v 0.002988 0.086000 -0.341672
v -0.039739 0.086000 -0.322725
v -0.001866 0.086000 -0.341725
v -0.036521 0.086000 -0.326358
v -0.006702 0.086000 -0.341317
v -0.032971 0.086000 -0.329668
v -0.011477 0.086000 -0.340451
v -0.029124 0.086000 -0.332626
v -0.016149 0.086000 -0.339135
v -0.025012 0.086000 -0.335205
v -0.020674 0.086000 -0.337381
v 0.049089 0.086000 -0.304588
v -0.040433 0.086000 -0.259677
v 0.050182 0.086000 -0.299859
v -0.037296 0.086000 -0.255974
v 0.050819 0.086000 -0.295048
v -0.033820 0.086000 -0.252586
v 0.050997 0.086000 -0.290198
v -0.030039 0.086000 -0.249544
v 0.050713 0.086000 -0.285353
v -0.025985 0.086000 -0.246876
v 0.049969 0.086000 -0.280557
v -0.021696 0.086000 -0.244604
v 0.048773 0.086000 -0.275853
v -0.017210 0.086000 -0.242751
v 0.047135 0.086000 -0.271284
v -0.012569 0.086000 -0.241332
v 0.045071 0.086000 -0.266892
v -0.007814 0.086000 -0.240361
v 0.042598 0.086000 -0.262716
v -0.002988 0.086000 -0.239847
v 0.039739 0.086000 -0.258794
v 0.001866 0.086000 -0.239793
v 0.036521 0.086000 -0.255161
v 0.006702 0.086000 -0.240202
v 0.032971 0.086000 -0.251851
v 0.011477 0.086000 -0.241068
v 0.029124 0.086000 -0.248893
v 0.016149 0.086000 -0.242384
v 0.025012 0.086000 -0.246314
v 0.020674 0.086000 -0.244138
v 0.020652 0.071500 -0.304848
v 0.043205 0.071500 -0.317858
v 0.022346 0.071500 -0.301970
v 0.045585 0.071500 -0.313628
v 0.047553 0.071500 -0.309192
v 0.040433 0.071500 -0.321842
v 0.018590 0.071500 -0.307475
v 0.037296 0.071500 -0.325545
v 0.033820 0.071500 -0.328932
v 0.016196 0.071500 -0.309804
v 0.030039 0.071500 -0.331974
v 0.013513 0.071500 -0.311792
v 0.025985 0.071500 -0.334643
v 0.010589 0.071500 -0.313406
v 0.021696 0.071500 -0.336914
v 0.017210 0.071500 -0.338768
v 0.007476 0.071500 -0.314615
v 0.012569 0.071500 -0.340186
v 0.004230 0.071500 -0.315399
v 0.007814 0.071500 -0.341157
v 0.002988 0.071500 -0.341672
v 0.000908 0.071500 -0.315743
v -0.001866 0.071500 -0.341725
v -0.002430 0.071500 -0.315641
v -0.006702 0.071500 -0.341317
v -0.005725 0.071500 -0.315095
v -0.011477 0.071500 -0.340451
v -0.016149 0.071500 -0.339135
v -0.008917 0.071500 -0.314115
v -0.020674 0.071500 -0.337381
v -0.011951 0.071500 -0.312718
v -0.025012 0.071500 -0.335205
v -0.029124 0.071500 -0.332626
v -0.014771 0.071500 -0.310929
v -0.032971 0.071500 -0.329668
v -0.017327 0.071500 -0.308780
v -0.036521 0.071500 -0.326358
v -0.019575 0.071500 -0.306310
v -0.039739 0.071500 -0.322725
v -0.042598 0.071500 -0.318803
v -0.021473 0.071500 -0.303562
v -0.045071 0.071500 -0.314627
v -0.022988 0.071500 -0.300586
v -0.047135 0.071500 -0.310234
v -0.048773 0.071500 -0.305666
v -0.024092 0.071500 -0.297434
v -0.049969 0.071500 -0.300962
v -0.024767 0.071500 -0.294164
v -0.050713 0.071500 -0.296166
v -0.025000 0.071500 -0.290832
v -0.050997 0.071500 -0.291321
v -0.050819 0.071500 -0.286471
v -0.024787 0.071500 -0.287499
v -0.050182 0.071500 -0.281660
v -0.024131 0.071500 -0.284225
v -0.049089 0.071500 -0.276931
v -0.047553 0.071500 -0.272327
v -0.023045 0.071500 -0.281067
v -0.045585 0.071500 -0.267890
v -0.021547 0.071500 -0.278082
v -0.043205 0.071500 -0.263661
v -0.019665 0.071500 -0.275323
v -0.040433 0.071500 -0.259677
v -0.037296 0.071500 -0.255974
v -0.017432 0.071500 -0.272839
v -0.033820 0.071500 -0.252586
v -0.014888 0.071500 -0.270676
v -0.030039 0.071500 -0.249544
v -0.025985 0.071500 -0.246876
v -0.012078 0.071500 -0.268871
v -0.021696 0.071500 -0.244604
v -0.009053 0.071500 -0.267456
v -0.017210 0.071500 -0.242751
v -0.005866 0.071500 -0.266457
v -0.012569 0.071500 -0.241332
v -0.007814 0.071500 -0.240361
v -0.002575 0.071500 -0.265892
v -0.002988 0.071500 -0.239847
v 0.000763 0.071500 -0.265771
v 0.001866 0.071500 -0.239793
v 0.006702 0.071500 -0.240202
v 0.004086 0.071500 -0.266096
v 0.011477 0.071500 -0.241068
v 0.007337 0.071500 -0.266860
v 0.016149 0.071500 -0.242384
v 0.010457 0.071500 -0.268052
v 0.020674 0.071500 -0.244138
v 0.025012 0.071500 -0.246314
v 0.013391 0.071500 -0.269648
v 0.029124 0.071500 -0.248893
v 0.016085 0.071500 -0.271621
v 0.032971 0.071500 -0.251851
v 0.036521 0.071500 -0.255161
v 0.018492 0.071500 -0.273936
v 0.039739 0.071500 -0.258794
v 0.020570 0.071500 -0.276551
v 0.042598 0.071500 -0.262716
v 0.022280 0.071500 -0.279419
v 0.045071 0.071500 -0.266892
v 0.047135 0.071500 -0.271284
v 0.023593 0.071500 -0.282490
v 0.048773 0.071500 -0.275853
v 0.024484 0.071500 -0.285708
v 0.049969 0.071500 -0.280557
v 0.050713 0.071500 -0.285353
v 0.024939 0.071500 -0.289017
v 0.050997 0.071500 -0.290198
v 0.024949 0.071500 -0.292357
v 0.050819 0.071500 -0.295048
v 0.024513 0.071500 -0.295668
v 0.050182 0.071500 -0.299859
v 0.049089 0.071500 -0.304588
v 0.023640 0.071500 -0.298891
v 0.010986 0.094050 -0.316085
v 0.010986 0.089550 -0.316085
v 0.010912 0.094050 -0.317055
v 0.010912 0.089550 -0.317055
v 0.010474 0.094050 -0.317924
v 0.010474 0.089550 -0.317924
v 0.009738 0.094050 -0.318559
v 0.009738 0.089550 -0.318559
v 0.008815 0.094050 -0.318866
v 0.008815 0.089550 -0.318866
v 0.007844 0.094050 -0.318797
v 0.007844 0.089550 -0.318797
v 0.006974 0.094050 -0.318362
v 0.006974 0.089550 -0.318362
v 0.006335 0.094050 -0.317628
v 0.006335 0.089550 -0.317628
v 0.005629 0.094050 -0.316727
v 0.005629 0.089550 -0.316727
v 0.004696 0.094050 -0.316062
v 0.004696 0.089550 -0.316062
v 0.003614 0.094050 -0.315688
v 0.003614 0.089550 -0.315688
v 0.002469 0.094050 -0.315637
v 0.002469 0.089550 -0.315637
v -0.000548 0.094050 -0.315753
v -0.000548 0.089550 -0.315753
v -0.003557 0.094050 -0.315505
v -0.003557 0.089550 -0.315505
v -0.006514 0.094050 -0.314896
v -0.006514 0.089550 -0.314896
v -0.009377 0.094050 -0.313934
v -0.009377 0.089550 -0.313934
v -0.012102 0.094050 -0.312635
v -0.012102 0.089550 -0.312635
v -0.013173 0.094050 -0.312230
v -0.013173 0.089550 -0.312230
v -0.014315 0.094050 -0.312145
v -0.014315 0.089550 -0.312145
v -0.015435 0.094050 -0.312387
v -0.015435 0.089550 -0.312387
v -0.016440 0.094050 -0.312936
v -0.016440 0.089550 -0.312936
v -0.017317 0.094050 -0.313358
v -0.017317 0.089550 -0.313358
v -0.018288 0.094050 -0.313413
v -0.018288 0.089550 -0.313413
v -0.019207 0.094050 -0.313093
v -0.019207 0.089550 -0.313093
v -0.019934 0.094050 -0.312446
v -0.019934 0.089550 -0.312446
v -0.020359 0.094050 -0.311571
v -0.020359 0.089550 -0.311571
v -0.020418 0.094050 -0.310600
v -0.020418 0.089550 -0.310600
v -0.020102 0.094050 -0.309680
v -0.020102 0.089550 -0.309680
v -0.019674 0.094050 -0.308618
v -0.019674 0.089550 -0.308618
v -0.019564 0.094050 -0.307478
v -0.019564 0.089550 -0.307478
v -0.019782 0.094050 -0.306353
v -0.019782 0.089550 -0.306353
v -0.020310 0.094050 -0.305337
v -0.020310 0.089550 -0.305337
v -0.021919 0.094050 -0.302782
v -0.021919 0.089550 -0.302782
v -0.023209 0.094050 -0.300052
v -0.023209 0.089550 -0.300052
v -0.024160 0.094050 -0.297186
v -0.024160 0.089550 -0.297186
v -0.024758 0.094050 -0.294227
v -0.024758 0.089550 -0.294227
v -0.024996 0.094050 -0.291216
v -0.024996 0.089550 -0.291216
v -0.025180 0.094050 -0.290086
v -0.025180 0.089550 -0.290086
v -0.025678 0.094050 -0.289054
v -0.025678 0.089550 -0.289054
v -0.026447 0.094050 -0.288206
v -0.026447 0.089550 -0.288206
v -0.027426 0.094050 -0.287610
v -0.027426 0.089550 -0.287610
v -0.028229 0.094050 -0.287062
v -0.028229 0.089550 -0.287062
v -0.028762 0.094050 -0.286248
v -0.028762 0.089550 -0.286248
v -0.028944 0.094050 -0.285293
v -0.028944 0.089550 -0.285293
v -0.028748 0.094050 -0.284340
v -0.028748 0.089550 -0.284340
v -0.028203 0.094050 -0.283534
v -0.028203 0.089550 -0.283534
v -0.027392 0.094050 -0.282997
v -0.027392 0.089550 -0.282997
v -0.026437 0.094050 -0.282811
v -0.026437 0.089550 -0.282811
v -0.025303 0.094050 -0.282651
v -0.025303 0.089550 -0.282651
v -0.024261 0.094050 -0.282175
v -0.024261 0.089550 -0.282175
v -0.023396 0.094050 -0.281424
v -0.023396 0.089550 -0.281424
v -0.022779 0.094050 -0.280459
v -0.022779 0.089550 -0.280459
v -0.021372 0.094050 -0.277788
v -0.021372 0.089550 -0.277788
v -0.019652 0.094050 -0.275306
v -0.019652 0.089550 -0.275306
v -0.017646 0.094050 -0.273050
v -0.017646 0.089550 -0.273050
v -0.015382 0.094050 -0.271052
v -0.015382 0.089550 -0.271052
v -0.012894 0.094050 -0.269341
v -0.012894 0.089550 -0.269341
v -0.012007 0.094050 -0.268616
v -0.012007 0.089550 -0.268616
v -0.011362 0.094050 -0.267669
v -0.011362 0.089550 -0.267669
v -0.011012 0.094050 -0.266579
v -0.011012 0.089550 -0.266579
v -0.010986 0.094050 -0.265434
v -0.010986 0.089550 -0.265434
v -0.010912 0.094050 -0.264464
v -0.010912 0.089550 -0.264464
v -0.010474 0.094050 -0.263595
v -0.010474 0.089550 -0.263595
v -0.009738 0.094050 -0.262959
v -0.009738 0.089550 -0.262959
v -0.008815 0.094050 -0.262653
v -0.008815 0.089550 -0.262653
v -0.007844 0.094050 -0.262722
v -0.007844 0.089550 -0.262722
v -0.006974 0.094050 -0.263157
v -0.006974 0.089550 -0.263157
v -0.006335 0.094050 -0.263890
v -0.006335 0.089550 -0.263890
v -0.005629 0.094050 -0.264792
v -0.005629 0.089550 -0.264792
v -0.004696 0.094050 -0.265457
v -0.004696 0.089550 -0.265457
v -0.003614 0.094050 -0.265830
v -0.003614 0.089550 -0.265830
v -0.002469 0.094050 -0.265882
v -0.002469 0.089550 -0.265882
v 0.000548 0.094050 -0.265765
v 0.000548 0.089550 -0.265765
v 0.003557 0.094050 -0.266014
v 0.003557 0.089550 -0.266014
v 0.006514 0.094050 -0.266623
v 0.006514 0.089550 -0.266623
v 0.009377 0.094050 -0.267584
v 0.009377 0.089550 -0.267584
v 0.012102 0.094050 -0.268884
v 0.012102 0.089550 -0.268884
v 0.013173 0.094050 -0.269289
v 0.013173 0.089550 -0.269289
v 0.014315 0.094050 -0.269374
v 0.014315 0.089550 -0.269374
v 0.015435 0.094050 -0.269132
v 0.015435 0.089550 -0.269132
v 0.016440 0.094050 -0.268583
v 0.016440 0.089550 -0.268583
v 0.017317 0.094050 -0.268161
v 0.017317 0.089550 -0.268161
v 0.018288 0.094050 -0.268106
v 0.018288 0.089550 -0.268106
v 0.019207 0.094050 -0.268426
v 0.019207 0.089550 -0.268426
v 0.019934 0.094050 -0.269073
v 0.019934 0.089550 -0.269073
v 0.020359 0.094050 -0.269948
v 0.020359 0.089550 -0.269948
v 0.020418 0.094050 -0.270919
v 0.020418 0.089550 -0.270919
v 0.020102 0.094050 -0.271839
v 0.020102 0.089550 -0.271839
v 0.019674 0.094050 -0.272901
v 0.019674 0.089550 -0.272901
v 0.019564 0.094050 -0.274041
v 0.019564 0.089550 -0.274041
v 0.019782 0.094050 -0.275165
v 0.019782 0.089550 -0.275165
v 0.020310 0.094050 -0.276182
v 0.020310 0.089550 -0.276182
v 0.021919 0.094050 -0.278737
v 0.021919 0.089550 -0.278737
v 0.023209 0.094050 -0.281467
v 0.023209 0.089550 -0.281467
v 0.024160 0.094050 -0.284333
v 0.024160 0.089550 -0.284333
v 0.024758 0.094050 -0.287292
v 0.024758 0.089550 -0.287292
v 0.024996 0.094050 -0.290302
v 0.024996 0.089550 -0.290302
v 0.025180 0.094050 -0.291433
v 0.025180 0.089550 -0.291433
v 0.025678 0.094050 -0.292464
v 0.025678 0.089550 -0.292464
v 0.026447 0.094050 -0.293313
v 0.026447 0.089550 -0.293313
v 0.027426 0.094050 -0.293908
v 0.027426 0.089550 -0.293908
v 0.028229 0.094050 -0.294457
v 0.028229 0.089550 -0.294457
v 0.028762 0.094050 -0.295271
v 0.028762 0.089550 -0.295271
v 0.028944 0.094050 -0.296226
v 0.028944 0.089550 -0.296226
v 0.028748 0.094050 -0.297179
v 0.028748 0.089550 -0.297179
v 0.028203 0.094050 -0.297985
v 0.028203 0.089550 -0.297985
v 0.027392 0.094050 -0.298521
v 0.027392 0.089550 -0.298521
v 0.026437 0.094050 -0.298708
v 0.026437 0.089550 -0.298708
v 0.025303 0.094050 -0.298868
v 0.025303 0.089550 -0.298868
v 0.024261 0.094050 -0.299343
v 0.024261 0.089550 -0.299343
v 0.023396 0.094050 -0.300094
v 0.023396 0.089550 -0.300094
v 0.022779 0.094050 -0.301060
v 0.022779 0.089550 -0.301060
v 0.012894 0.094050 -0.312178
v 0.012894 0.089550 -0.312178
v 0.012007 0.094050 -0.312903
v 0.012007 0.089550 -0.312903
v 0.011362 0.094050 -0.313850
v 0.011362 0.089550 -0.313850
v 0.011012 0.094050 -0.314940
v 0.011012 0.089550 -0.314940
v 0.021372 0.094050 -0.303731
v 0.021372 0.089550 -0.303731
v 0.019652 0.094050 -0.306213
v 0.019652 0.089550 -0.306213
v 0.017646 0.094050 -0.308469
v 0.017646 0.089550 -0.308469
v 0.015382 0.094050 -0.310467
v 0.015382 0.089550 -0.310467
v -0.041988 0.086000 -0.300034
v -0.049712 0.086000 -0.302148
v -0.040812 0.086000 -0.304303
v -0.048404 0.086000 -0.306822
v -0.046658 0.086000 -0.311351
v -0.050570 0.086000 -0.297371
v -0.042719 0.086000 -0.295668
v -0.050969 0.086000 -0.292534
v -0.042997 0.086000 -0.291250
v -0.050907 0.086000 -0.287681
v -0.042820 0.086000 -0.286826
v -0.050384 0.086000 -0.282856
v -0.042188 0.086000 -0.282444
v -0.049405 0.086000 -0.278103
v -0.041110 0.086000 -0.278150
v -0.047978 0.086000 -0.273464
v -0.039595 0.086000 -0.273990
v -0.046117 0.086000 -0.268982
v -0.037661 0.086000 -0.270008
v -0.043838 0.086000 -0.264697
v -0.035328 0.086000 -0.266245
v -0.041162 0.086000 -0.260648
v -0.032620 0.086000 -0.262743
v -0.038113 0.086000 -0.256871
v -0.029567 0.086000 -0.259537
v -0.034719 0.086000 -0.253402
v -0.026200 0.086000 -0.256663
v -0.031011 0.086000 -0.250271
v -0.027022 0.086000 -0.247506
v -0.022555 0.086000 -0.254150
v -0.022788 0.086000 -0.245134
v -0.018671 0.086000 -0.252025
v -0.018348 0.086000 -0.243174
v -0.014589 0.086000 -0.250310
v -0.013741 0.086000 -0.241645
v -0.010353 0.086000 -0.249024
v -0.009011 0.086000 -0.240562
v -0.006007 0.086000 -0.248181
v -0.004198 0.086000 -0.239932
v -0.001597 0.086000 -0.247789
v 0.000652 0.086000 -0.239764
v 0.002830 0.086000 -0.247853
v 0.005497 0.086000 -0.240056
v 0.007226 0.086000 -0.248371
v 0.010291 0.086000 -0.240809
v 0.011546 0.086000 -0.249339
v 0.014993 0.086000 -0.242013
v 0.015744 0.086000 -0.250745
v 0.019559 0.086000 -0.243659
v 0.019775 0.086000 -0.252576
v 0.023947 0.086000 -0.245731
v 0.023596 0.086000 -0.254812
v 0.028119 0.086000 -0.248212
v 0.032036 0.086000 -0.251077
v 0.027167 0.086000 -0.257429
v 0.035663 0.086000 -0.254302
v 0.030450 0.086000 -0.260399
v 0.038967 0.086000 -0.257857
v 0.033411 0.086000 -0.263690
v 0.041918 0.086000 -0.261710
v 0.036017 0.086000 -0.267269
v 0.044490 0.086000 -0.265826
v 0.038241 0.086000 -0.271097
v 0.046658 0.086000 -0.270168
v 0.040060 0.086000 -0.275133
v 0.048404 0.086000 -0.274697
v 0.041455 0.086000 -0.279335
v 0.049712 0.086000 -0.279370
v 0.042410 0.086000 -0.283658
v 0.050570 0.086000 -0.284147
v 0.042915 0.086000 -0.288056
v 0.050969 0.086000 -0.288984
v 0.042965 0.086000 -0.292483
v 0.050907 0.086000 -0.293837
v 0.042560 0.086000 -0.296892
v 0.050384 0.086000 -0.298662
v 0.041704 0.086000 -0.301235
v 0.049405 0.086000 -0.303416
v 0.040406 0.086000 -0.305468
v 0.047978 0.086000 -0.308055
v 0.046117 0.086000 -0.312537
v 0.038680 0.086000 -0.309545
v 0.043838 0.086000 -0.316822
v 0.036543 0.086000 -0.313422
v 0.041162 0.086000 -0.320871
v 0.034019 0.086000 -0.317059
v 0.038113 0.086000 -0.324647
v 0.031135 0.086000 -0.320418
v 0.034719 0.086000 -0.328117
v 0.027920 0.086000 -0.323462
v 0.031011 0.086000 -0.331248
v 0.024410 0.086000 -0.326159
v 0.027022 0.086000 -0.334012
v 0.020640 0.086000 -0.328482
v 0.022788 0.086000 -0.336385
v 0.016652 0.086000 -0.330404
v 0.018348 0.086000 -0.338345
v 0.012488 0.086000 -0.331906
v 0.013741 0.086000 -0.339873
v 0.008191 0.086000 -0.332972
v 0.009011 0.086000 -0.340957
v 0.003807 0.086000 -0.333590
v 0.004198 0.086000 -0.341586
v -0.000617 0.086000 -0.333755
v -0.000652 0.086000 -0.341755
v -0.005497 0.086000 -0.341462
v -0.005035 0.086000 -0.333464
v -0.010291 0.086000 -0.340710
v -0.009399 0.086000 -0.332720
v -0.014993 0.086000 -0.339506
v -0.013663 0.086000 -0.331531
v -0.019559 0.086000 -0.337860
v -0.017783 0.086000 -0.329910
v -0.023947 0.086000 -0.335787
v -0.021714 0.086000 -0.327874
v -0.028119 0.086000 -0.333307
v -0.025415 0.086000 -0.325444
v -0.032036 0.086000 -0.330442
v -0.028847 0.086000 -0.322647
v -0.035663 0.086000 -0.327217
v -0.031973 0.086000 -0.319512
v -0.038967 0.086000 -0.323662
v -0.034760 0.086000 -0.316072
v -0.041918 0.086000 -0.319809
v -0.037178 0.086000 -0.312364
v -0.044490 0.086000 -0.315692
v -0.039203 0.086000 -0.308427
v 0.034719 0.089550 -0.328117
v 0.031011 0.089550 -0.331248
v 0.027022 0.089550 -0.334012
v 0.022788 0.089550 -0.336385
v 0.018348 0.089550 -0.338345
v 0.013741 0.089550 -0.339873
v 0.038113 0.089550 -0.324647
v 0.041162 0.089550 -0.320871
v 0.043838 0.089550 -0.316822
v 0.046117 0.089550 -0.312537
v 0.047978 0.089550 -0.308055
v 0.049405 0.089550 -0.303416
v 0.050384 0.089550 -0.298662
v 0.050907 0.089550 -0.293837
v 0.050969 0.089550 -0.288984
v 0.050570 0.089550 -0.284147
v 0.049712 0.089550 -0.279370
v 0.048404 0.089550 -0.274697
v 0.046658 0.089550 -0.270168
v 0.044490 0.089550 -0.265826
v 0.041918 0.089550 -0.261710
v 0.038967 0.089550 -0.257857
v 0.035663 0.089550 -0.254302
v 0.032036 0.089550 -0.251077
v 0.028119 0.089550 -0.248212
v 0.023947 0.089550 -0.245731
v 0.019559 0.089550 -0.243659
v 0.014993 0.089550 -0.242013
v 0.010291 0.089550 -0.240809
v 0.005497 0.089550 -0.240056
v 0.000652 0.089550 -0.239764
v -0.004198 0.089550 -0.239932
v -0.009011 0.089550 -0.240562
v -0.013741 0.089550 -0.241645
v -0.018348 0.089550 -0.243174
v -0.022788 0.089550 -0.245134
v -0.027022 0.089550 -0.247506
v -0.031011 0.089550 -0.250271
v -0.034719 0.089550 -0.253402
v -0.038113 0.089550 -0.256871
v -0.041162 0.089550 -0.260648
v -0.043838 0.089550 -0.264697
v -0.046117 0.089550 -0.268982
v -0.047978 0.089550 -0.273464
v -0.049405 0.089550 -0.278103
v -0.050384 0.089550 -0.282856
v -0.050907 0.089550 -0.287681
v -0.050969 0.089550 -0.292534
v -0.050570 0.089550 -0.297371
v -0.049712 0.089550 -0.302148
v -0.048404 0.089550 -0.306822
v -0.046658 0.089550 -0.311351
v -0.044490 0.089550 -0.315692
v -0.041918 0.089550 -0.319809
v -0.038967 0.089550 -0.323662
v -0.035663 0.089550 -0.327217
v -0.032036 0.089550 -0.330442
v -0.028119 0.089550 -0.333307
v -0.023947 0.089550 -0.335787
v -0.019559 0.089550 -0.337860
v -0.014993 0.089550 -0.339506
v -0.010291 0.089550 -0.340710
v -0.005497 0.089550 -0.341462
v -0.000652 0.089550 -0.341755
v 0.004198 0.089550 -0.341586
v 0.009011 0.089550 -0.340957
v 0.022779 0.095050 -0.301060
v 0.021628 0.095050 -0.303298
v 0.021628 0.094050 -0.303298
v 0.020258 0.095050 -0.305409
v 0.020258 0.094050 -0.305409
v 0.018683 0.095050 -0.307371
v 0.018683 0.094050 -0.307371
v 0.016918 0.095050 -0.309165
v 0.016918 0.094050 -0.309165
v 0.014982 0.095050 -0.310773
v 0.014982 0.094050 -0.310773
v 0.012894 0.095050 -0.312178
v 0.002469 0.095050 -0.315637
v -0.000044 0.095050 -0.315759
v -0.000044 0.094050 -0.315759
v -0.002557 0.095050 -0.315628
v -0.002557 0.094050 -0.315628
v -0.005045 0.095050 -0.315245
v -0.005045 0.094050 -0.315245
v -0.007481 0.095050 -0.314614
v -0.007481 0.094050 -0.314614
v -0.009841 0.095050 -0.313741
v -0.009841 0.094050 -0.313741
v -0.012102 0.095050 -0.312635
v -0.020310 0.095050 -0.305337
v -0.021673 0.095050 -0.303221
v -0.021673 0.094050 -0.303221
v -0.022816 0.095050 -0.300979
v -0.022816 0.094050 -0.300979
v -0.023728 0.095050 -0.298633
v -0.023728 0.094050 -0.298633
v -0.024399 0.095050 -0.296208
v -0.024399 0.094050 -0.296208
v -0.024823 0.095050 -0.293727
v -0.024823 0.094050 -0.293727
v -0.024996 0.095050 -0.291216
v -0.022779 0.095050 -0.280459
v -0.021628 0.095050 -0.278221
v -0.021628 0.094050 -0.278221
v -0.020258 0.095050 -0.276110
v -0.020258 0.094050 -0.276110
v -0.018683 0.095050 -0.274148
v -0.018683 0.094050 -0.274148
v -0.016918 0.095050 -0.272353
v -0.016918 0.094050 -0.272353
v -0.014982 0.095050 -0.270746
v -0.014982 0.094050 -0.270746
v -0.012894 0.095050 -0.269341
v 0.023251 0.094050 -0.300273
v 0.023251 0.095050 -0.300273
v 0.023889 0.094050 -0.299614
v 0.023889 0.095050 -0.299614
v 0.024661 0.094050 -0.299117
v 0.024661 0.095050 -0.299117
v 0.025525 0.094050 -0.298810
v 0.025525 0.095050 -0.298810
v 0.026437 0.095050 -0.298708
v 0.024996 0.095050 -0.290302
v 0.025118 0.095050 -0.291211
v 0.025118 0.094050 -0.291211
v 0.025443 0.095050 -0.292069
v 0.025443 0.094050 -0.292069
v 0.025956 0.095050 -0.292830
v 0.025956 0.094050 -0.292830
v 0.026629 0.095050 -0.293454
v 0.026629 0.094050 -0.293454
v 0.027426 0.095050 -0.293908
v 0.010986 0.095050 -0.316085
v 0.010962 0.095050 -0.316843
v 0.010962 0.094050 -0.316843
v 0.010711 0.095050 -0.317559
v 0.010711 0.094050 -0.317559
v 0.010257 0.095050 -0.318167
v 0.010257 0.094050 -0.318167
v 0.009642 0.095050 -0.318611
v 0.009642 0.094050 -0.318611
v 0.008922 0.095050 -0.318850
v 0.008922 0.094050 -0.318850
v 0.008164 0.095050 -0.318862
v 0.008164 0.094050 -0.318862
v 0.007436 0.095050 -0.318646
v 0.007436 0.094050 -0.318646
v 0.006808 0.095050 -0.318222
v 0.006808 0.094050 -0.318222
v 0.006335 0.095050 -0.317628
v -0.019864 0.094050 -0.306139
v -0.019864 0.095050 -0.306139
v -0.019613 0.094050 -0.307021
v -0.019613 0.095050 -0.307021
v -0.019569 0.094050 -0.307937
v -0.019569 0.095050 -0.307937
v -0.019735 0.094050 -0.308839
v -0.019735 0.095050 -0.308839
v -0.020102 0.095050 -0.309680
v -0.012950 0.095050 -0.312286
v -0.012950 0.094050 -0.312286
v -0.013856 0.095050 -0.312139
v -0.013856 0.094050 -0.312139
v -0.014771 0.095050 -0.312203
v -0.014771 0.094050 -0.312203
v -0.015648 0.095050 -0.312473
v -0.015648 0.094050 -0.312473
v -0.016440 0.095050 -0.312936
v -0.027426 0.095050 -0.287610
v -0.028070 0.095050 -0.287210
v -0.028070 0.094050 -0.287210
v -0.028565 0.095050 -0.286635
v -0.028565 0.094050 -0.286635
v -0.028865 0.095050 -0.285939
v -0.028865 0.094050 -0.285939
v -0.028941 0.095050 -0.285184
v -0.028941 0.094050 -0.285184
v -0.028788 0.095050 -0.284441
v -0.028788 0.094050 -0.284441
v -0.028419 0.095050 -0.283778
v -0.028419 0.094050 -0.283778
v -0.027869 0.095050 -0.283256
v -0.027869 0.094050 -0.283256
v -0.027187 0.095050 -0.282924
v -0.027187 0.094050 -0.282924
v -0.026437 0.095050 -0.282811
v -0.002469 0.095050 -0.265882
v -0.003387 0.094050 -0.265867
v -0.003387 0.095050 -0.265867
v -0.004276 0.094050 -0.265644
v -0.004276 0.095050 -0.265644
v -0.005092 0.094050 -0.265224
v -0.005092 0.095050 -0.265224
v -0.005790 0.094050 -0.264629
v -0.005790 0.095050 -0.264629
v -0.006335 0.095050 -0.263890
v -0.012167 0.095050 -0.268781
v -0.012167 0.094050 -0.268781
v -0.011587 0.095050 -0.268070
v -0.011587 0.094050 -0.268070
v -0.011185 0.095050 -0.267245
v -0.011185 0.094050 -0.267245
v -0.010981 0.095050 -0.266351
v -0.010981 0.094050 -0.266351
v -0.010986 0.095050 -0.265434
v 0.016440 0.095050 -0.268583
v 0.017109 0.095050 -0.268224
v 0.017109 0.094050 -0.268224
v 0.017854 0.095050 -0.268083
v 0.017854 0.094050 -0.268083
v 0.018607 0.095050 -0.268172
v 0.018607 0.094050 -0.268172
v 0.019299 0.095050 -0.268483
v 0.019299 0.094050 -0.268483
v 0.019866 0.095050 -0.268987
v 0.019866 0.094050 -0.268987
v 0.020256 0.095050 -0.269638
v 0.020256 0.094050 -0.269638
v 0.020432 0.095050 -0.270376
v 0.020432 0.094050 -0.270376
v 0.020379 0.095050 -0.271133
v 0.020379 0.094050 -0.271133
v 0.020102 0.095050 -0.271839
v 0.012102 0.095050 -0.268884
v 0.012950 0.095050 -0.269233
v 0.012950 0.094050 -0.269233
v 0.013856 0.095050 -0.269380
v 0.013856 0.094050 -0.269380
v 0.014771 0.095050 -0.269316
v 0.014771 0.094050 -0.269316
v 0.015648 0.095050 -0.269046
v 0.015648 0.094050 -0.269046
v -0.006808 0.095050 -0.263297
v -0.007436 0.095050 -0.262873
v -0.008164 0.095050 -0.262657
v -0.008922 0.095050 -0.262669
v -0.010962 0.095050 -0.264675
v -0.009642 0.095050 -0.262908
v -0.010711 0.095050 -0.263959
v -0.010257 0.095050 -0.263352
v 0.000044 0.095050 -0.265759
v 0.002557 0.095050 -0.265891
v 0.005045 0.095050 -0.266274
v 0.007481 0.095050 -0.266905
v 0.009841 0.095050 -0.267778
v 0.019864 0.095050 -0.275380
v 0.020310 0.095050 -0.276182
v 0.021673 0.095050 -0.278298
v 0.022816 0.095050 -0.280540
v 0.023728 0.095050 -0.282885
v 0.019613 0.095050 -0.274498
v 0.019569 0.095050 -0.273582
v 0.019735 0.095050 -0.272679
v 0.024399 0.095050 -0.285311
v 0.024823 0.095050 -0.287791
v 0.028865 0.095050 -0.295580
v 0.028941 0.095050 -0.296335
v 0.028788 0.095050 -0.297078
v 0.028070 0.095050 -0.294308
v 0.028565 0.095050 -0.294883
v 0.028419 0.095050 -0.297741
v 0.027869 0.095050 -0.298262
v 0.027187 0.095050 -0.298595
v 0.003387 0.095050 -0.315652
v 0.012167 0.095050 -0.312738
v 0.004276 0.095050 -0.315875
v 0.011587 0.095050 -0.313449
v 0.005092 0.095050 -0.316295
v 0.011185 0.095050 -0.314273
v 0.005790 0.095050 -0.316890
v 0.010981 0.095050 -0.315168
v -0.020379 0.095050 -0.310386
v -0.020432 0.095050 -0.311143
v -0.020256 0.095050 -0.311881
v -0.019866 0.095050 -0.312531
v -0.019299 0.095050 -0.313036
v -0.018607 0.095050 -0.313346
v -0.017854 0.095050 -0.313435
v -0.017109 0.095050 -0.313294
v -0.025118 0.095050 -0.290307
v -0.023251 0.095050 -0.281246
v -0.025443 0.095050 -0.289450
v -0.023889 0.095050 -0.281905
v -0.025956 0.095050 -0.288689
v -0.024661 0.095050 -0.282401
v -0.026629 0.095050 -0.288065
v -0.025525 0.095050 -0.282709
v 0.019864 0.094050 -0.275380
v 0.019613 0.094050 -0.274498
v 0.019569 0.094050 -0.273582
v 0.019735 0.094050 -0.272679
v 0.024823 0.094050 -0.287791
v 0.024399 0.094050 -0.285311
v 0.023728 0.094050 -0.282885
v 0.022816 0.094050 -0.280540
v 0.021673 0.094050 -0.278298
v 0.000044 0.094050 -0.265759
v 0.002557 0.094050 -0.265891
v 0.005045 0.094050 -0.266274
v 0.007481 0.094050 -0.266905
v 0.009841 0.094050 -0.267778
v -0.010962 0.094050 -0.264675
v -0.010711 0.094050 -0.263959
v -0.010257 0.094050 -0.263352
v -0.009642 0.094050 -0.262908
v -0.008922 0.094050 -0.262669
v -0.008164 0.094050 -0.262657
v -0.007436 0.094050 -0.262873
v -0.006808 0.094050 -0.263297
v -0.025118 0.094050 -0.290307
v -0.025443 0.094050 -0.289450
v -0.025956 0.094050 -0.288689
v -0.026629 0.094050 -0.288065
v -0.023251 0.094050 -0.281246
v -0.023889 0.094050 -0.281905
v -0.024661 0.094050 -0.282401
v -0.025525 0.094050 -0.282709
v -0.017109 0.094050 -0.313294
v -0.017854 0.094050 -0.313435
v -0.018607 0.094050 -0.313346
v -0.019299 0.094050 -0.313036
v -0.019866 0.094050 -0.312531
v -0.020256 0.094050 -0.311881
v -0.020432 0.094050 -0.311143
v -0.020379 0.094050 -0.310386
v 0.012167 0.094050 -0.312738
v 0.011587 0.094050 -0.313449
v 0.011185 0.094050 -0.314273
v 0.010981 0.094050 -0.315168
v 0.003387 0.094050 -0.315652
v 0.004276 0.094050 -0.315875
v 0.005092 0.094050 -0.316295
v 0.005790 0.094050 -0.316890
v 0.028070 0.094050 -0.294308
v 0.028565 0.094050 -0.294883
v 0.028865 0.094050 -0.295580
v 0.028941 0.094050 -0.296335
v 0.028788 0.094050 -0.297078
v 0.028419 0.094050 -0.297741
v 0.027869 0.094050 -0.298262
v 0.027187 0.094050 -0.298595
v -0.019087 0.024157 -0.236238
v -0.019299 0.024085 -0.236223
v -0.018883 0.024249 -0.236253
v -0.019517 0.024035 -0.236207
v -0.019739 0.024007 -0.236191
v -0.019963 0.024001 -0.236175
v -0.020186 0.024017 -0.236159
v -0.020406 0.024056 -0.236143
v -0.020622 0.024116 -0.236127
v -0.020830 0.024198 -0.236112
v -0.021029 0.024300 -0.236098
v -0.021217 0.024421 -0.236084
v -0.021392 0.024561 -0.236071
v -0.021553 0.024717 -0.236060
v -0.021697 0.024889 -0.236049
v -0.021823 0.025074 -0.236040
v -0.021930 0.025271 -0.236033
v -0.022018 0.025477 -0.236026
v -0.022084 0.025692 -0.236021
v -0.022129 0.025912 -0.236018
v -0.022151 0.026135 -0.236017
v -0.022151 0.026359 -0.236016
v -0.022129 0.026582 -0.236018
v -0.018690 0.024362 -0.236267
v -0.022085 0.026802 -0.236021
v -0.022020 0.027017 -0.236026
v -0.021933 0.027223 -0.236032
v -0.021826 0.027421 -0.236040
v -0.021701 0.027606 -0.236049
v -0.021557 0.027778 -0.236060
v -0.021397 0.027935 -0.236071
v -0.021222 0.028075 -0.236084
v -0.021035 0.028197 -0.236097
v -0.020836 0.028300 -0.236112
v -0.020628 0.028382 -0.236127
v -0.018508 0.024493 -0.236280
v -0.020412 0.028443 -0.236142
v -0.018341 0.024642 -0.236292
v -0.020192 0.028482 -0.236158
v -0.018189 0.024806 -0.236303
v -0.019969 0.028499 -0.236175
v -0.018054 0.024985 -0.236313
v -0.019745 0.028494 -0.236191
v -0.017938 0.025177 -0.236322
v -0.019523 0.028466 -0.236207
v -0.017841 0.025379 -0.236329
v -0.019305 0.028417 -0.236223
v -0.017765 0.025590 -0.236334
v -0.019093 0.028346 -0.236238
v -0.017710 0.025807 -0.236338
v -0.018889 0.028254 -0.236253
v -0.017677 0.026029 -0.236341
v -0.018695 0.028142 -0.236267
v -0.017666 0.026253 -0.236341
v -0.018513 0.028011 -0.236280
v -0.017677 0.026477 -0.236340
v -0.018345 0.027863 -0.236292
v -0.017711 0.026699 -0.236338
v -0.018193 0.027699 -0.236303
v -0.017766 0.026916 -0.236334
v -0.018058 0.027520 -0.236313
v -0.017843 0.027127 -0.236328
v -0.017941 0.027329 -0.236321
v -0.020619 0.027984 -0.233621
v -0.020798 0.027879 -0.233608
v -0.020430 0.028069 -0.233635
v -0.020965 0.027756 -0.233596
v -0.021117 0.027616 -0.233585
v -0.021254 0.027460 -0.233575
v -0.021374 0.027291 -0.233566
v -0.021475 0.027110 -0.233559
v -0.021556 0.026919 -0.233553
v -0.021617 0.026721 -0.233549
v -0.021656 0.026517 -0.233546
v -0.021673 0.026310 -0.233545
v -0.021669 0.026102 -0.233545
v -0.021642 0.025897 -0.233547
v -0.021594 0.025695 -0.233550
v -0.021524 0.025499 -0.233555
v -0.021435 0.025312 -0.233562
v -0.021325 0.025136 -0.233570
v -0.021198 0.024972 -0.233579
v -0.021054 0.024823 -0.233589
v -0.020896 0.024689 -0.233601
v -0.020724 0.024574 -0.233613
v -0.020540 0.024478 -0.233627
v -0.020348 0.024401 -0.233641
v -0.020148 0.024346 -0.233655
v -0.019944 0.024312 -0.233670
v -0.019737 0.024300 -0.233685
v -0.019531 0.024310 -0.233700
v -0.019326 0.024342 -0.233715
v -0.019126 0.024396 -0.233729
v -0.018933 0.024471 -0.233743
v -0.018749 0.024566 -0.233756
v -0.018576 0.024680 -0.233769
v -0.020233 0.028133 -0.233649
v -0.018416 0.024812 -0.233780
v -0.020031 0.028176 -0.233664
v -0.018271 0.024960 -0.233791
v -0.019825 0.028198 -0.233678
v -0.018142 0.025123 -0.233800
v -0.019618 0.028197 -0.233693
v -0.018032 0.025298 -0.233808
v -0.019412 0.028174 -0.233708
v -0.017941 0.025484 -0.233815
v -0.019210 0.028129 -0.233723
v -0.017870 0.025679 -0.233820
v -0.019014 0.028063 -0.233737
v -0.017820 0.025881 -0.233824
v -0.018826 0.027977 -0.233751
v -0.017791 0.026086 -0.233826
v -0.018648 0.027871 -0.233764
v -0.017785 0.026294 -0.233826
v -0.018482 0.027746 -0.233776
v -0.017801 0.026501 -0.233825
v -0.018330 0.027605 -0.233787
v -0.017838 0.026705 -0.233822
v -0.018195 0.027448 -0.233796
v -0.017897 0.026904 -0.233818
v -0.018076 0.027278 -0.233805
v -0.017977 0.027096 -0.233812
v -0.018626 0.024303 -0.234066
v -0.018825 0.024200 -0.234052
v -0.019033 0.024118 -0.234037
v -0.019249 0.024057 -0.234021
v -0.019469 0.024018 -0.234005
v -0.019692 0.024001 -0.233989
v -0.019916 0.024006 -0.233973
v -0.020138 0.024034 -0.233957
v -0.020356 0.024083 -0.233941
v -0.020568 0.024154 -0.233925
v -0.020772 0.024246 -0.233911
v -0.020966 0.024358 -0.233897
v -0.021148 0.024489 -0.233883
v -0.021316 0.024637 -0.233871
v -0.021468 0.024801 -0.233860
v -0.021603 0.024980 -0.233850
v -0.021720 0.025171 -0.233842
v -0.021818 0.025373 -0.233835
v -0.021895 0.025584 -0.233829
v -0.021950 0.025801 -0.233825
v -0.021984 0.026023 -0.233823
v -0.021995 0.026247 -0.233822
v -0.021984 0.026471 -0.233823
v -0.021951 0.026693 -0.233825
v -0.021896 0.026910 -0.233829
v -0.021820 0.027121 -0.233835
v -0.021723 0.027323 -0.233842
v -0.021607 0.027515 -0.233850
v -0.021472 0.027694 -0.233860
v -0.021320 0.027858 -0.233871
v -0.021153 0.028007 -0.233883
v -0.020971 0.028138 -0.233896
v -0.020778 0.028251 -0.233910
v -0.020574 0.028343 -0.233925
v -0.020362 0.028415 -0.233940
v -0.020144 0.028465 -0.233956
v -0.019922 0.028493 -0.233972
v -0.019698 0.028499 -0.233988
v -0.019475 0.028483 -0.234005
v -0.019255 0.028444 -0.234021
v -0.019039 0.028384 -0.234036
v -0.018831 0.028302 -0.234051
v -0.018632 0.028200 -0.234066
v -0.018444 0.028079 -0.234079
v -0.018269 0.027939 -0.234092
v -0.018108 0.027783 -0.234104
v -0.017964 0.027611 -0.234114
v -0.017838 0.027426 -0.234123
v -0.017731 0.027229 -0.234131
v -0.017643 0.027023 -0.234137
v -0.017577 0.026808 -0.234142
v -0.017532 0.026588 -0.234145
v -0.017510 0.026365 -0.234147
v -0.017510 0.026141 -0.234147
v -0.017532 0.025918 -0.234145
v -0.017576 0.025698 -0.234142
v -0.017641 0.025483 -0.234137
v -0.017728 0.025277 -0.234131
v -0.017835 0.025079 -0.234123
v -0.017960 0.024894 -0.234114
v -0.018104 0.024722 -0.234104
v -0.018264 0.024565 -0.234092
v -0.018438 0.024425 -0.234080
v 0.027373 0.024336 -0.237096
v 0.027578 0.024307 -0.237111
v 0.027172 0.024387 -0.237082
v 0.027785 0.024300 -0.237126
v 0.027991 0.024315 -0.237141
v 0.028195 0.024353 -0.237156
v 0.028393 0.024411 -0.237170
v 0.028585 0.024490 -0.237184
v 0.028766 0.024590 -0.237197
v 0.028937 0.024708 -0.237209
v 0.029093 0.024843 -0.237221
v 0.029235 0.024995 -0.237231
v 0.029360 0.025161 -0.237240
v 0.029466 0.025339 -0.237248
v 0.029553 0.025527 -0.237254
v 0.029619 0.025724 -0.237259
v 0.029664 0.025926 -0.237262
v 0.029688 0.026133 -0.237264
v 0.029689 0.026340 -0.237264
v 0.029669 0.026547 -0.237262
v 0.029626 0.026750 -0.237259
v 0.029563 0.026947 -0.237255
v 0.029478 0.027137 -0.237249
v 0.029374 0.027317 -0.237241
v 0.029252 0.027484 -0.237232
v 0.029113 0.027638 -0.237222
v 0.028958 0.027775 -0.237211
v 0.028789 0.027896 -0.237199
v 0.028609 0.027998 -0.237186
v 0.028419 0.028080 -0.237172
v 0.028221 0.028141 -0.237158
v 0.028018 0.028181 -0.237143
v 0.027812 0.028199 -0.237128
v 0.026978 0.024459 -0.237068
v 0.027605 0.028195 -0.237113
v 0.026792 0.024551 -0.237054
v 0.027399 0.028169 -0.237098
v 0.026617 0.024662 -0.237041
v 0.027198 0.028121 -0.237084
v 0.026455 0.024791 -0.237030
v 0.027003 0.028052 -0.237069
v 0.026308 0.024937 -0.237019
v 0.026816 0.027962 -0.237056
v 0.026177 0.025098 -0.237010
v 0.026640 0.027853 -0.237043
v 0.026064 0.025272 -0.237001
v 0.026476 0.027726 -0.237031
v 0.025970 0.025457 -0.236995
v 0.026326 0.027583 -0.237020
v 0.025896 0.025650 -0.236989
v 0.026193 0.027424 -0.237011
v 0.025843 0.025851 -0.236985
v 0.026078 0.027252 -0.237002
v 0.025811 0.026056 -0.236983
v 0.025981 0.027068 -0.236995
v 0.025801 0.026264 -0.236982
v 0.025904 0.026875 -0.236990
v 0.025814 0.026471 -0.236983
v 0.025848 0.026675 -0.236986
v 0.027775 0.028490 -0.239632
v 0.028045 0.028477 -0.237446
v 0.027997 0.028458 -0.239648
v 0.028265 0.028434 -0.237462
v 0.028214 0.028404 -0.239664
v 0.028479 0.028369 -0.237477
v 0.028425 0.028329 -0.239679
v 0.028686 0.028283 -0.237492
v 0.028627 0.028233 -0.239694
v 0.028883 0.028177 -0.237506
v 0.028818 0.028117 -0.239707
v 0.029069 0.028052 -0.237520
v 0.028998 0.027982 -0.239720
v 0.029241 0.027909 -0.237532
v 0.029163 0.027831 -0.239732
v 0.029398 0.027749 -0.237544
v 0.029312 0.027664 -0.239743
v 0.029539 0.027575 -0.237554
v 0.029443 0.027482 -0.239753
v 0.029661 0.027387 -0.237563
v 0.029556 0.027289 -0.239761
v 0.029764 0.027188 -0.237570
v 0.029650 0.027085 -0.239768
v 0.029847 0.026980 -0.237576
v 0.029722 0.026873 -0.239773
v 0.029909 0.026764 -0.237581
v 0.029773 0.026654 -0.239777
v 0.029950 0.026543 -0.237584
v 0.029803 0.026432 -0.239779
v 0.029968 0.026320 -0.237585
v 0.029809 0.026208 -0.239779
v 0.029963 0.026096 -0.237585
v 0.029794 0.025984 -0.239778
v 0.029937 0.025873 -0.237583
v 0.029757 0.025763 -0.239775
v 0.029889 0.025654 -0.237579
v 0.029697 0.025547 -0.239771
v 0.029819 0.025441 -0.237574
v 0.029617 0.025337 -0.239765
v 0.029728 0.025236 -0.237568
v 0.029516 0.025137 -0.239758
v 0.029617 0.025041 -0.237560
v 0.029396 0.024948 -0.239749
v 0.029488 0.024858 -0.237550
v 0.029257 0.024772 -0.239739
v 0.029341 0.024689 -0.237539
v 0.029102 0.024610 -0.239728
v 0.029178 0.024535 -0.237528
v 0.028932 0.024465 -0.239716
v 0.029000 0.024399 -0.237515
v 0.028748 0.024337 -0.239702
v 0.028810 0.024281 -0.237501
v 0.028552 0.024229 -0.239688
v 0.028609 0.024182 -0.237486
v 0.028346 0.024140 -0.239673
v 0.028399 0.024104 -0.237471
v 0.028133 0.024073 -0.239658
v 0.028183 0.024047 -0.237456
v 0.027914 0.024027 -0.239642
v 0.027962 0.024013 -0.237440
v 0.027691 0.024004 -0.239626
v 0.027738 0.024000 -0.237423
v 0.027468 0.024002 -0.239610
v 0.027515 0.024010 -0.237407
v 0.027245 0.024023 -0.239593
v 0.027294 0.024042 -0.237391
v 0.027025 0.024066 -0.239578
v 0.027076 0.024096 -0.237376
v 0.026811 0.024131 -0.239562
v 0.026866 0.024171 -0.237360
v 0.026605 0.024217 -0.239547
v 0.026664 0.024267 -0.237346
v 0.026407 0.024323 -0.239533
v 0.026472 0.024383 -0.237332
v 0.026222 0.024448 -0.239519
v 0.026293 0.024518 -0.237319
v 0.026049 0.024591 -0.239507
v 0.026128 0.024669 -0.237307
v 0.025892 0.024751 -0.239496
v 0.025979 0.024836 -0.237296
v 0.025752 0.024925 -0.239485
v 0.025847 0.025018 -0.237286
v 0.025629 0.025113 -0.239476
v 0.025734 0.025211 -0.237278
v 0.025526 0.025312 -0.239469
v 0.025641 0.025415 -0.237272
v 0.025443 0.025520 -0.239463
v 0.025568 0.025627 -0.237266
v 0.025381 0.025736 -0.239459
v 0.025517 0.025846 -0.237263
v 0.025341 0.025957 -0.239456
v 0.025488 0.026068 -0.237260
v 0.025323 0.026180 -0.239454
v 0.025481 0.026292 -0.237260
v 0.025327 0.026404 -0.239455
v 0.025496 0.026516 -0.237261
v 0.025353 0.026627 -0.239457
v 0.025534 0.026737 -0.237264
v 0.025402 0.026846 -0.239460
v 0.025593 0.026953 -0.237268
v 0.025472 0.027059 -0.239465
v 0.025673 0.027163 -0.237274
v 0.025563 0.027264 -0.239472
v 0.025774 0.027363 -0.237281
v 0.025673 0.027459 -0.239480
v 0.025895 0.027552 -0.237290
v 0.025803 0.027642 -0.239489
v 0.026033 0.027728 -0.237300
v 0.025950 0.027811 -0.239500
v 0.026188 0.027890 -0.237311
v 0.026113 0.027965 -0.239511
v 0.026359 0.028035 -0.237324
v 0.026290 0.028101 -0.239524
v 0.026543 0.028163 -0.237337
v 0.026480 0.028219 -0.239538
v 0.026739 0.028271 -0.237351
v 0.026681 0.028318 -0.239553
v 0.026944 0.028360 -0.237366
v 0.026891 0.028396 -0.239568
v 0.027158 0.028427 -0.237381
v 0.027108 0.028453 -0.239584
v 0.027377 0.028473 -0.237397
v 0.027329 0.028487 -0.239600
v 0.027599 0.028496 -0.237413
v 0.027552 0.028500 -0.239616
v 0.027823 0.028498 -0.237430
vn -0.0000 -1.0000 -0.0000
vn -0.6605 -0.0074 0.7508
vn -0.7379 0.0080 0.6749
vn -0.7673 -0.0000 0.6413
vn -0.8583 -0.0000 0.5131
vn -0.9438 -0.0000 0.3304
vn -0.5875 0.0081 0.8092
vn -0.5039 -0.0075 0.8637
vn -0.4131 0.0081 0.9106
vn -0.3285 -0.0074 0.9445
vn -0.2220 0.0080 0.9750
vn -0.1409 -0.0072 0.9900
vn -0.0219 0.0077 0.9997
vn 0.0519 -0.0069 0.9986
vn 0.1792 0.0074 0.9838
vn 0.2428 -0.0064 0.9700
vn 0.3730 0.0069 0.9278
vn 0.4247 -0.0059 0.9053
vn 0.5515 0.0062 0.8341
vn 0.5907 -0.0052 0.8069
vn 0.7077 0.0055 0.7065
vn 0.7348 -0.0044 0.6783
vn 0.8351 0.0046 0.5501
vn 0.8514 -0.0035 0.5245
vn 0.9285 0.0037 0.3714
vn 0.9363 -0.0024 0.3511
vn 0.9841 0.0026 0.1775
vn 0.9863 -0.0013 0.1647
vn 0.9997 0.0013 -0.0236
vn 0.9996 -0.0000 -0.0279
vn -0.7672 -0.0000 0.6413
vn -0.7379 -0.0080 0.6749
vn -0.6605 0.0074 0.7508
vn -0.5875 -0.0081 0.8092
vn -0.5039 0.0075 0.8637
vn -0.4131 -0.0081 0.9106
vn -0.3285 0.0074 0.9445
vn -0.2220 -0.0080 0.9750
vn -0.1409 0.0072 0.9900
vn -0.0219 -0.0077 0.9997
vn 0.0519 0.0069 0.9986
vn 0.1792 -0.0074 0.9838
vn 0.2428 0.0064 0.9700
vn 0.3730 -0.0069 0.9278
vn 0.4247 0.0059 0.9053
vn 0.5515 -0.0062 0.8341
vn 0.5907 0.0052 0.8069
vn 0.7077 -0.0055 0.7065
vn 0.7348 0.0044 0.6783
vn 0.8351 -0.0046 0.5501
vn 0.8514 0.0035 0.5245
vn 0.9285 -0.0037 0.3714
vn 0.9363 0.0024 0.3511
vn 0.9841 -0.0026 0.1775
vn 0.9863 0.0013 0.1647
vn 0.9997 -0.0013 -0.0236
vn 0.9570 -0.0000 0.2901
vn 0.9965 -0.0000 -0.0831
vn 1.0000 -0.0000 -0.0005
vn 0.9966 -0.0000 0.0822
vn 0.9864 -0.0000 0.1642
vn 0.9695 -0.0000 0.2452
vn -0.0000 1.0000 -0.0000
vn -0.9884 -0.0000 0.1519
vn -0.9828 -0.0000 0.1847
vn -0.9761 -0.0000 0.2174
vn -0.9925 -0.0000 -0.1223
vn -0.9925 -0.0000 -0.1222
vn -0.9953 -0.0000 -0.0968
vn -0.9990 -0.0000 -0.0458
vn -1.0000 -0.0000 0.0054
vn -0.9984 -0.0000 0.0566
vn -0.9942 -0.0000 0.1076
vn -0.9874 -0.0000 0.1583
vn -0.9780 -0.0000 0.2086
vn -0.0645 0.9749 0.2130
vn -0.1809 0.7818 0.5967
vn -0.2614 0.4339 0.8622
vn -0.2901 -0.0000 0.9570
vn -0.2614 -0.4339 0.8622
vn -0.1809 -0.7818 0.5967
vn -0.0645 -0.9749 0.2130
vn -0.9982 -0.0000 -0.0605
vn -0.9993 0.0037 -0.0383
vn -0.9970 0.0465 -0.0622
vn -0.9998 -0.0013 0.0180
vn -0.9965 0.0022 0.0830
vn -0.9917 0.0539 0.1167
vn -0.9746 -0.0490 0.2186
vn -0.9548 0.0557 0.2919
vn -0.9236 -0.0502 0.3801
vn -0.8873 0.0563 0.4577
vn -0.8460 -0.0501 0.5307
vn -0.7914 0.0555 0.6088
vn -0.7442 -0.0487 0.6661
vn -0.6700 0.0534 0.7404
vn -0.6211 -0.0459 0.7824
vn -0.5272 0.0500 0.8483
vn -0.4800 -0.0419 0.8763
vn -0.3673 0.0453 0.9290
vn -0.3251 -0.0365 0.9450
vn -0.1956 0.0392 0.9799
vn -0.1608 -0.0298 0.9865
vn -0.0175 0.0318 0.9993
vn 0.0082 -0.0217 0.9997
vn 0.1613 0.0231 0.9866
vn 0.1771 -0.0123 0.9841
vn 0.3349 0.0131 0.9421
vn 0.3409 -0.0017 0.9401
vn 0.4948 0.0017 0.8690
vn -0.9953 -0.0000 0.0964
vn 0.4978 0.0100 0.8672
vn 0.6345 -0.0094 0.7728
vn 0.6446 0.0204 0.7643
vn 0.7559 -0.0191 0.6544
vn 0.7705 0.0295 0.6368
vn 0.8554 -0.0276 0.5172
vn 0.8716 0.0372 0.4888
vn 0.9303 -0.0347 0.3651
vn 0.9446 0.0437 0.3253
vn 0.9650 -0.0000 0.2624
vn 0.9781 -0.0048 0.2081
vn 0.9884 0.0069 0.1515
vn 0.9987 -0.0056 0.0506
vn 0.9996 0.0073 -0.0274
vn 0.9941 -0.0057 -0.1081
vn 0.9884 -0.0000 -0.1519
vn 0.9773 0.0537 -0.2052
vn 0.9605 -0.0529 -0.2731
vn 0.9249 0.0534 -0.3764
vn 0.8969 -0.0525 -0.4392
vn 0.8429 0.0531 -0.5355
vn 0.8047 -0.0522 -0.5914
vn 0.7337 0.0527 -0.6774
vn 0.6870 -0.0518 -0.7248
vn 0.6010 0.0524 -0.7975
vn 0.5476 -0.0514 -0.8352
vn 0.4489 0.0520 -0.8920
vn 0.3907 -0.0510 -0.9191
vn 0.2825 0.0516 -0.9579
vn 0.2214 -0.0506 -0.9739
vn 0.1069 0.0511 -0.9930
vn 0.0451 -0.0502 -0.9977
vn -0.0721 0.0507 -0.9961
vn -0.1326 -0.0497 -0.9899
vn -0.2488 0.0502 -0.9672
vn -0.3062 -0.0493 -0.9507
vn -0.4176 0.0497 -0.9073
vn -0.4700 -0.0488 -0.8813
vn -0.5729 0.0492 -0.8182
vn -0.6189 -0.0483 -0.7840
vn -0.7098 0.0487 -0.7027
vn -0.7482 -0.0478 -0.6617
vn -0.8239 0.0482 -0.5647
vn -0.8538 -0.0472 -0.5185
vn -0.9115 0.0476 -0.4086
vn -0.9323 -0.0466 -0.3588
vn -0.9698 0.0471 -0.2392
vn -0.9811 -0.0461 -0.1877
vn -0.9930 -0.0000 -0.1185
vn -0.9938 -0.0000 -0.1110
vn -0.9946 -0.0000 -0.1034
vn 0.9895 -0.0000 -0.1448
vn 0.9982 -0.0000 -0.0602
vn 0.9997 -0.0000 0.0249
vn 0.9940 -0.0000 0.1097
vn 0.9882 -0.0029 0.1529
vn 0.9892 -0.0000 0.1466
vn 0.9869 0.0003 0.1612
vn 0.9849 -0.0005 0.1732
vn 0.9847 0.0006 0.1745
vn 0.9839 -0.0000 0.1789
vn 0.9840 -0.0014 0.1781
vn 0.9849 0.0018 0.1729
vn 0.9863 -0.0063 0.1647
vn 0.9864 -0.0058 0.1644
vn 0.9874 -0.0014 0.1581
vn 0.9881 -0.0000 0.1539
vn 0.9884 -0.0000 0.1522
vn 0.9884 -0.0000 0.1520
vn 0.9839 0.0010 0.1784
vn 0.9849 -0.0014 0.1732
vn 0.9862 0.0070 0.1653
vn 0.9870 -0.0002 0.1605
vn 0.9936 -0.0000 0.1132
vn 0.9936 0.0001 0.1133
vn 0.9919 -0.0000 0.1269
vn 0.9941 -0.0000 0.1085
vn 0.9930 -0.0058 0.1182
vn 0.9909 -0.0000 0.1344
vn 0.9912 -0.0010 0.1327
vn 0.9915 -0.0000 0.1305
vn -0.9793 -0.0000 -0.2022
vn -0.9780 -0.0024 -0.2085
vn -0.9777 -0.0000 -0.2100
vn -0.9728 0.0010 -0.2314
vn -0.9681 -0.0017 -0.2507
vn -0.9664 0.0001 -0.2571
vn -0.9603 -0.0001 -0.2790
vn -0.9595 -0.0010 -0.2818
vn -0.9532 0.0014 -0.3024
vn -0.9527 0.0006 -0.3039
vn -0.9482 -0.0002 -0.3178
vn -0.9482 -0.0001 -0.3176
vn -0.9489 -0.0005 -0.3157
vn -0.9507 0.0008 -0.3102
vn -0.9552 -0.0023 -0.2960
vn -0.9568 -0.0000 -0.2908
vn -0.9647 -0.0000 -0.2633
vn -0.9729 -0.0000 -0.2314
vn -0.9820 -0.0000 -0.1887
vn -0.9899 -0.0000 -0.1415
vn -0.9811 0.0461 -0.1877
vn -0.9970 -0.0465 -0.0622
vn -0.9993 -0.0037 -0.0383
vn -0.9998 0.0013 0.0180
vn -0.9965 -0.0022 0.0830
vn -0.9698 -0.0471 -0.2392
vn -0.9323 0.0466 -0.3588
vn -0.9115 -0.0476 -0.4086
vn -0.8538 0.0472 -0.5185
vn -0.8239 -0.0482 -0.5647
vn -0.7482 0.0478 -0.6617
vn -0.7098 -0.0487 -0.7027
vn -0.6189 0.0483 -0.7840
vn -0.5729 -0.0492 -0.8182
vn -0.4700 0.0488 -0.8813
vn -0.4176 -0.0497 -0.9073
vn -0.3062 0.0493 -0.9507
vn -0.2488 -0.0502 -0.9672
vn -0.1326 0.0497 -0.9899
vn -0.0721 -0.0507 -0.9961
vn 0.0451 0.0502 -0.9977
vn 0.1069 -0.0511 -0.9930
vn 0.2214 0.0506 -0.9739
vn 0.2825 -0.0516 -0.9579
vn 0.3907 0.0510 -0.9191
vn 0.4489 -0.0520 -0.8920
vn 0.5476 0.0514 -0.8352
vn 0.6010 -0.0524 -0.7975
vn 0.6870 0.0518 -0.7248
vn 0.7337 -0.0527 -0.6774
vn 0.8047 0.0522 -0.5914
vn 0.8429 -0.0531 -0.5355
vn 0.8969 0.0525 -0.4392
vn 0.9249 -0.0534 -0.3764
vn 0.9605 0.0529 -0.2731
vn 0.9773 -0.0537 -0.2052
vn 0.9941 0.0057 -0.1081
vn 0.9996 -0.0073 -0.0274
vn 0.9987 0.0056 0.0506
vn 0.9884 -0.0069 0.1515
vn 0.9781 0.0048 0.2081
vn 0.9446 -0.0437 0.3253
vn 0.9303 0.0347 0.3651
vn 0.8716 -0.0372 0.4888
vn 0.8554 0.0276 0.5172
vn 0.7705 -0.0295 0.6368
vn 0.7559 0.0191 0.6544
vn 0.6446 -0.0204 0.7643
vn 0.6345 0.0094 0.7728
vn 0.4978 -0.0100 0.8672
vn 0.4948 -0.0017 0.8690
vn 0.3409 0.0017 0.9401
vn 0.3349 -0.0131 0.9421
vn 0.1771 0.0123 0.9841
vn 0.1613 -0.0231 0.9866
vn 0.0082 0.0217 0.9997
vn -0.0175 -0.0318 0.9993
vn -0.1608 0.0298 0.9865
vn -0.1956 -0.0392 0.9799
vn -0.3251 0.0365 0.9450
vn -0.3673 -0.0453 0.9290
vn -0.4800 0.0419 0.8763
vn -0.5272 -0.0500 0.8483
vn -0.6211 0.0459 0.7824
vn -0.6700 -0.0534 0.7404
vn -0.7442 0.0487 0.6661
vn -0.7914 -0.0555 0.6088
vn -0.8460 0.0501 0.5307
vn -0.8873 -0.0563 0.4577
vn -0.9236 0.0502 0.3801
vn -0.9548 -0.0557 0.2919
vn -0.9746 0.0490 0.2186
vn -0.9917 -0.0539 0.1167
vn -0.9969 -0.0000 0.0788
vn -0.9942 0.0052 0.1071
vn -0.9728 -0.0034 0.2315
vn -0.9500 0.0064 0.3123
vn -0.9240 -0.0032 0.3825
vn -0.8638 0.0046 0.5038
vn -0.8508 -0.0000 0.5255
vn -0.7568 -0.0000 0.6537
vn -0.7396 0.0045 0.6730
vn -0.6466 -0.0029 0.7629
vn -0.5828 0.0058 0.8126
vn -0.5203 -0.0028 0.8540
vn -0.4002 0.0041 0.9164
vn -0.3777 -0.0000 0.9259
vn 0.9982 -0.0000 -0.0595
vn 0.9990 0.0028 -0.0450
vn 0.9942 -0.0025 0.1080
vn 0.9888 0.0043 0.1493
vn 0.9611 -0.0037 0.2763
vn 0.9412 0.0050 0.3379
vn 0.8994 -0.0040 0.4372
vn 0.8579 0.0052 0.5138
vn 0.8126 -0.0036 0.5828
vn 0.7422 0.0046 0.6702
vn 0.7039 -0.0028 0.7103
vn 0.5984 0.0034 0.8012
vn 0.5730 -0.0016 0.8196
vn 0.4319 0.0018 0.9019
vn 0.4227 -0.0000 0.9063
vn -0.0722 -0.0000 -0.9974
vn -0.9990 -0.0000 0.0453
vn -0.9936 -0.0000 -0.1129
vn -0.9633 -0.0000 -0.2684
vn -0.9089 -0.0000 -0.4171
vn 0.2847 -0.0000 0.9586
vn 0.6606 -0.0000 0.7508
vn 0.6605 -0.0000 0.7508
vn 0.9145 -0.0000 0.4045
vn 0.9999 -0.0000 -0.0164
vn 0.9008 -0.0000 -0.4343
vn 0.0722 -0.0000 0.9974
vn 0.7865 -0.0000 -0.6176
vn 0.9994 -0.0000 0.0336
vn 0.9995 -0.0000 0.0319
vn 0.9995 0.0001 0.0301
vn 0.9997 0.0005 0.0249
vn 0.9998 -0.0003 0.0207
vn 1.0000 0.0003 0.0056
vn 1.0000 -0.0001 0.0037
vn 0.9999 0.0001 -0.0131
vn 0.9999 0.0002 -0.0136
vn 0.9995 -0.0001 -0.0301
vn 0.9995 0.0004 -0.0326
vn 0.9986 -0.0006 -0.0526
vn 0.9987 -0.0009 -0.0517
vn 0.9975 0.0005 -0.0700
vn 0.9967 -0.0014 -0.0807
vn 0.9961 0.0003 -0.0884
vn 0.9941 -0.0006 -0.1085
vn 0.9943 -0.0012 -0.1070
vn 0.9923 0.0005 -0.1240
vn 0.9906 -0.0013 -0.1367
vn 0.9899 -0.0000 -0.1416
vn 0.9996 -0.0001 0.0294
vn 0.9998 0.0001 0.0216
vn 0.9998 0.0001 0.0215
vn 0.9999 -0.0000 0.0163
vn 0.9999 0.0001 0.0128
vn 0.9999 -0.0000 0.0111
vn 0.9995 -0.0000 0.0302
vn 0.9882 -0.0000 0.1530
vn 0.9849 -0.0000 0.1732
vn -0.9792 -0.0000 -0.2031
vn -0.9724 -0.0000 -0.2333
vn -0.9630 -0.0000 -0.2695
vn -0.9530 -0.0000 -0.3030
vn -0.9481 -0.0000 -0.3180
vn 0.0301 0.9346 0.3545
vn 0.0299 0.9348 0.3539
vn 0.0268 0.9493 0.3132
vn 0.0262 0.9499 0.3114
vn 0.0231 0.9627 0.2694
vn 0.0227 0.9631 0.2681
vn 0.0191 0.9743 0.2243
vn 0.0194 0.9748 0.2224
vn 0.0149 0.9836 0.1799
vn 0.0158 0.9848 0.1731
vn 0.0105 0.9908 0.1352
vn 0.0120 0.9924 0.1226
vn 0.0063 0.9959 0.0902
vn 0.0079 0.9973 0.0724
vn 0.0024 0.9990 0.0451
vn 0.0037 0.9997 0.0241
vn 0.0010 0.9999 0.0113
vn -0.0038 -0.9990 -0.0449
vn -0.0038 -0.9990 -0.0452
vn -0.0116 -0.9907 -0.1352
vn -0.0116 -0.9908 -0.1350
vn -0.0189 -0.9743 -0.2243
vn -0.0194 -0.9740 -0.2258
vn -0.0265 -0.9490 -0.3141
vn -0.0267 -0.9488 -0.3146
vn -0.0006 -1.0000 -0.0068
vn -0.0006 -1.0000 -0.0082
vn -0.0018 -0.9998 -0.0205
vn -0.0020 -0.9997 -0.0244
vn -0.0030 -0.9994 -0.0339
vn -0.0033 -0.9992 -0.0406
vn -0.0041 -0.9989 -0.0475
vn -0.0047 -0.9984 -0.0567
vn -0.0052 -0.9981 -0.0610
vn -0.0061 -0.9973 -0.0730
vn -0.0063 -0.9972 -0.0747
vn -0.0075 -0.9961 -0.0879
vn -0.0075 -0.9960 -0.0889
vn -0.0086 -0.9949 -0.1009
vn -0.0088 -0.9945 -0.1044
vn -0.0096 -0.9936 -0.1129
vn -0.0100 -0.9929 -0.1189
vn -0.0105 -0.9923 -0.1236
vn -0.0110 -0.9915 -0.1296
vn -0.0113 -0.9911 -0.1329
vn -0.0116 -0.9905 -0.1373
vn -0.0120 -0.9899 -0.1412
vn -0.0123 -0.9894 -0.1449
vn -0.0127 -0.9887 -0.1493
vn -0.0129 -0.9883 -0.1523
vn -0.0134 -0.9875 -0.1570
vn -0.0135 -0.9872 -0.1590
vn -0.0139 -0.9864 -0.1638
vn -0.0140 -0.9862 -0.1648
vn -0.0144 -0.9854 -0.1696
vn -0.0144 -0.9854 -0.1698
vn -0.0148 -0.9846 -0.1739
vn -0.0148 -0.9846 -0.1744
vn -0.0151 -0.9839 -0.1780
vn -0.0156 -0.9825 -0.1855
vn -0.0155 -0.9818 -0.1893
vn -0.0168 -0.9802 -0.1973
vn -0.0177 -0.9777 -0.2091
vn -0.0202 -0.9739 -0.2261
vn -0.0188 -0.9752 -0.2207
vn -0.0177 -0.9764 -0.2151
vn -0.0175 -0.9763 -0.2158
vn -0.0201 -0.9725 -0.2321
vn -0.0194 -0.9716 -0.2359
vn -0.0216 -0.9691 -0.2459
vn -0.0200 -0.9678 -0.2510
vn -0.0233 -0.9654 -0.2596
vn -0.0199 -0.9634 -0.2673
vn -0.0229 -0.9625 -0.2702
vn -0.0238 -0.9616 -0.2733
vn -0.0241 -0.9621 -0.2716
vn -0.0217 -0.9653 -0.2601
vn -0.0218 -0.9685 -0.2481
vn -0.0212 -0.9690 -0.2463
vn -0.0196 -0.9724 -0.2325
vn -0.0236 -0.9591 -0.2821
vn -0.0259 -0.9547 -0.2966
vn -0.0257 -0.9542 -0.2979
vn -0.0265 -0.9489 -0.3145
vn -0.0284 -0.9465 -0.3213
vn -0.0276 -0.9430 -0.3317
vn -0.0303 -0.9377 -0.3460
vn -0.0297 -0.9365 -0.3493
vn 0.9989 0.0012 -0.0460
vn 0.9967 -0.0010 -0.0806
vn 0.9939 0.0034 -0.1100
vn 0.9919 -0.0000 -0.1273
vn 0.9995 0.0038 -0.0301
vn 0.9997 0.0024 -0.0238
vn 1.0000 -0.0000 -0.0017
vn 0.0208 0.9683 0.2489
vn 0.0210 0.9681 0.2495
vn 0.0221 0.9748 0.2219
vn 0.0064 0.9709 0.2394
vn 0.0222 0.9830 0.1825
vn 0.0036 0.9898 0.1422
vn 0.0121 0.9939 0.1100
vn 0.0006 0.9989 0.0478
vn 0.0031 0.9993 0.0368
vn 0.0278 0.9446 0.3270
vn 0.0280 0.9455 0.3245
vn 0.0144 0.9826 0.1849
vn 0.0125 0.9917 0.1277
vn 0.0086 0.9937 0.1114
vn 0.0046 0.9991 0.0427
vn 0.0032 0.9993 0.0372
vn -0.8031 -0.0000 0.5958
vn -0.8039 0.0004 0.5947
vn -0.8613 -0.0004 0.5080
vn -0.8643 0.0013 0.5030
vn -0.9102 -0.0012 0.4141
vn -0.9143 0.0016 0.4050
vn -0.9500 -0.0016 0.3123
vn -0.9533 0.0013 0.3021
vn -0.9789 -0.0014 0.2044
vn -0.9786 -0.0018 0.2056
vn -0.9928 0.0013 0.1197
vn -0.9957 -0.0034 0.0924
vn -0.9995 0.0023 0.0307
vn -0.9998 -0.0036 -0.0198
vn -0.9983 0.0020 -0.0591
vn -0.9931 -0.0019 -0.1176
vn -0.9916 -0.0035 -0.1292
vn -0.9894 -0.0015 -0.1453
vn -0.9850 0.0001 -0.1728
vn -0.9826 -0.0000 -0.1859
vn -0.9828 -0.0000 -0.1846
vn -0.9830 -0.0000 -0.1834
vn 1.0000 -0.0000 0.0094
vn 0.9974 -0.0000 -0.0722
vn -0.9974 -0.0000 0.0722
vn -0.8714 -0.0000 0.4905
vn -0.8738 0.0015 0.4863
vn -0.8360 -0.0011 0.5487
vn -0.8275 0.0021 0.5614
vn -0.7918 -0.0018 0.6108
vn -0.7784 0.0024 0.6278
vn -0.7425 -0.0023 0.6698
vn -0.7235 0.0029 0.6903
vn -0.7123 0.0011 0.7018
vn -0.7053 0.0004 0.7090
vn -0.6981 -0.0000 0.7160
vn 0.9997 -0.0000 0.0243
vn 0.9984 -0.0000 0.0560
vn 0.9962 -0.0000 0.0875
vn 0.9935 -0.0000 0.1135
vn 0.9914 -0.0000 0.1308
vn -0.7865 -0.0000 0.6176
vn -0.9345 -0.0000 -0.3561
vn -0.8537 -0.0000 -0.5208
vn -0.7219 -0.0000 -0.6920
vn -0.5564 -0.0000 -0.8309
vn -0.9943 -0.0044 -0.1064
vn -0.9796 0.0050 -0.2007
vn -0.9759 -0.0034 -0.2182
vn -0.9476 0.0036 -0.3193
vn -0.9442 -0.0018 -0.3295
vn -0.9013 0.0019 -0.4331
vn -0.8998 -0.0000 -0.4364
vn -0.9969 0.0069 -0.0790
vn -1.0000 -0.0058 0.0028
vn -0.9990 0.0082 0.0439
vn -0.9939 -0.0064 0.1102
vn -0.9861 0.0083 0.1661
vn -0.9762 -0.0064 0.2166
vn -0.9583 0.0076 0.2858
vn -0.9464 -0.0056 0.3231
vn -0.9160 0.0062 0.4011
vn -0.9046 -0.0041 0.4262
vn -0.8599 0.0046 0.5105
vn -0.8512 -0.0022 0.5248
vn -0.7908 0.0025 0.6121
vn -0.7873 -0.0000 0.6166
vn 0.9951 -0.0000 -0.0991
vn 0.9670 -0.0000 -0.2549
vn 0.9146 -0.0000 -0.4044
vn 0.8393 -0.0000 -0.5437
vn 0.9367 -0.0028 0.3500
vn 0.9244 0.0071 0.3813
vn 0.9016 -0.0035 0.4325
vn 0.8707 0.0061 0.4918
vn 0.8612 -0.0000 0.5082
vn 0.9642 0.0039 0.2650
vn 0.9653 0.0023 0.2612
vn 0.9854 -0.0019 0.1701
vn 0.9894 0.0072 0.1447
vn 0.9970 -0.0046 0.0777
vn 0.9997 0.0081 0.0223
vn 0.9999 -0.0031 -0.0130
vn 0.9949 0.0044 -0.1005
vn 0.9947 0.0034 -0.1026
vn 0.9814 -0.0026 -0.1919
vn 0.9751 0.0081 -0.2218
vn 0.9596 -0.0050 -0.2812
vn 0.9405 0.0082 -0.3397
vn 0.9267 -0.0055 -0.3758
vn 0.8917 0.0066 -0.4525
vn 0.8810 -0.0033 -0.4731
vn 0.8295 0.0038 -0.5585
vn 0.8252 -0.0000 -0.5649
vn 0.8302 -0.0000 0.5574
vn 0.8750 -0.0000 0.4841
vn 0.9133 -0.0000 0.4073
vn 0.9449 -0.0000 0.3274
vn 0.4870 -0.0000 0.8734
vn 0.9283 -0.0000 -0.3717
vn 0.9581 -0.0000 -0.2864
vn 0.9801 -0.0000 -0.1987
vn -0.8879 -0.0000 0.4601
vn -0.8451 -0.0000 0.5346
vn -0.7961 -0.0000 0.6052
vn -0.7412 -0.0000 0.6712
vn -0.3561 -0.0000 0.9345
vn 0.9997 -0.0000 -0.0233
vn 0.9927 -0.0000 -0.1210
vn -0.9744 0.0018 0.2247
vn -0.9813 -0.0000 0.1924
vn -0.9880 -0.0055 0.1546
vn -0.9907 -0.0032 0.1359
vn -0.9939 -0.0010 0.1105
vn -0.9964 -0.0000 0.0850
vn -0.9489 -0.0021 0.3156
vn -0.9281 0.0017 0.3723
vn -0.8837 -0.0019 0.4680
vn -0.8595 0.0015 0.5111
vn -0.7943 -0.0017 0.6075
vn -0.7704 0.0013 0.6376
vn -0.6831 -0.0014 0.7303
vn -0.6628 0.0009 0.7488
vn -0.5531 -0.0010 0.8331
vn -0.5393 0.0005 0.8421
vn -0.4080 -0.0005 0.9130
vn -0.4029 -0.0000 0.9152
vn -0.4292 -0.0000 0.9032
vn -0.4291 -0.0000 0.9033
vn -0.6100 -0.0000 0.7924
vn -0.7635 -0.0000 0.6459
vn 0.5306 -0.0000 0.8476
vn 0.5352 -0.0005 0.8447
vn 0.6550 0.0005 0.7556
vn 0.6674 -0.0010 0.7447
vn 0.7638 0.0009 0.6455
vn 0.7812 -0.0014 0.6243
vn 0.8542 0.0013 0.5199
vn 0.8736 -0.0017 0.4867
vn 0.9242 0.0015 0.3819
vn 0.9419 -0.0019 0.3358
vn 0.9721 0.0017 0.2347
vn 0.9845 -0.0021 0.1756
vn 0.9966 0.0018 0.0819
vn 0.9988 -0.0000 0.0491
vn 0.9999 -0.0055 0.0107
vn 1.0000 -0.0031 -0.0083
vn 0.9994 -0.0011 -0.0339
vn 0.9982 -0.0000 -0.0594
vn 0.9998 -0.0000 -0.0190
vn 0.9921 -0.0000 -0.1252
vn 0.9732 -0.0000 -0.2300
vn 0.9962 -0.0000 0.0873
vn 0.9813 -0.0000 0.1927
vn 0.9552 -0.0000 0.2959
vn 0.9183 -0.0000 0.3958
vn 0.8711 -0.0000 0.4912
vn 0.8139 -0.0000 0.5810
vn 0.7476 -0.0000 0.6642
vn 0.6727 -0.0000 0.7399
vn 0.5903 -0.0000 0.8072
vn 0.5011 -0.0000 0.8654
vn 0.4063 -0.0000 0.9137
vn 0.3069 -0.0000 0.9518
vn 0.2040 -0.0000 0.9790
vn 0.0987 -0.0000 0.9951
vn -0.0076 -0.0000 1.0000
vn -0.1138 -0.0000 0.9935
vn -0.2188 -0.0000 0.9758
vn -0.3213 -0.0000 0.9470
vn -0.4201 -0.0000 0.9075
vn -0.5142 -0.0000 0.8577
vn -0.6024 -0.0000 0.7982
vn -0.6839 -0.0000 0.7296
vn -0.7575 -0.0000 0.6528
vn -0.8226 -0.0000 0.5686
vn -0.8784 -0.0000 0.4779
vn -0.9242 -0.0000 0.3818
vn -0.9596 -0.0000 0.2814
vn -0.9841 -0.0000 0.1778
vn -0.9994 -0.0000 -0.0342
vn -0.9901 -0.0000 -0.1402
vn -0.9696 -0.0000 -0.2447
vn -0.9381 -0.0000 -0.3464
vn -0.8960 -0.0000 -0.4441
vn -0.8437 -0.0000 -0.5368
vn -0.7819 -0.0000 -0.6235
vn -0.7818 -0.0000 -0.6235
vn -0.7111 -0.0000 -0.7030
vn -0.6324 -0.0000 -0.7747
vn -0.5465 -0.0000 -0.8375
vn -0.4543 -0.0000 -0.8908
vn -0.3571 -0.0000 -0.9341
vn -0.2558 -0.0000 -0.9667
vn -0.1516 -0.0000 -0.9884
vn -0.0456 -0.0000 -0.9990
vn 0.0608 -0.0000 -0.9982
vn 0.1665 -0.0000 -0.9860
vn 0.1666 -0.0000 -0.9860
vn 0.2704 -0.0000 -0.9627
vn 0.3712 -0.0000 -0.9286
vn 0.3712 -0.0000 -0.9285
vn 0.4678 -0.0000 -0.8838
vn 0.5591 -0.0000 -0.8291
vn 0.6441 -0.0000 -0.7650
vn 0.7217 -0.0000 -0.6922
vn 0.7912 -0.0000 -0.6115
vn 0.8517 -0.0000 -0.5240
vn 0.9026 -0.0000 -0.4305
vn 0.9432 -0.0000 -0.3321
vn -0.9997 -0.0000 0.0224
vn -0.9925 -0.0000 0.1219
vn -0.9755 -0.0000 0.2201
vn -0.9487 -0.0000 0.3161
vn -0.9125 -0.0000 0.4090
vn -0.8673 -0.0000 0.4978
vn -0.8134 -0.0000 0.5817
vn -0.7514 -0.0000 0.6598
vn -0.6820 -0.0000 0.7313
vn -0.6058 -0.0000 0.7956
vn -0.5236 -0.0000 0.8520
vn -0.4361 -0.0000 0.8999
vn -0.3444 -0.0000 0.9388
vn -0.2492 -0.0000 0.9685
vn -0.1515 -0.0000 0.9885
vn -0.0524 -0.0000 0.9986
vn 0.0473 -0.0000 0.9989
vn 0.1466 -0.0000 0.9892
vn 0.2443 -0.0000 0.9697
vn 0.3397 -0.0000 0.9405
vn 0.4316 -0.0000 0.9021
vn 0.5193 -0.0000 0.8546
vn 0.6018 -0.0000 0.7987
vn 0.6018 -0.0000 0.7986
vn 0.6783 -0.0000 0.7348
vn 0.7481 -0.0000 0.6636
vn 0.8105 -0.0000 0.5858
vn 0.8648 -0.0000 0.5022
vn 0.9105 -0.0000 0.4136
vn 0.9471 -0.0000 0.3209
vn 0.9744 -0.0000 0.2250
vn 0.9919 -0.0000 0.1268
vn 0.9996 -0.0000 0.0274
vn 0.9852 -0.0000 -0.1712
vn 0.9633 -0.0000 -0.2684
vn 0.9318 -0.0000 -0.3630
vn 0.8910 -0.0000 -0.4540
vn 0.8414 -0.0000 -0.5404
vn 0.7834 -0.0000 -0.6215
vn 0.7176 -0.0000 -0.6964
vn 0.6447 -0.0000 -0.7644
vn 0.5654 -0.0000 -0.8248
vn 0.4805 -0.0000 -0.8770
vn 0.3907 -0.0000 -0.9205
vn 0.3908 -0.0000 -0.9205
vn 0.2971 -0.0000 -0.9548
vn 0.2972 -0.0000 -0.9548
vn 0.2006 -0.0000 -0.9797
vn 0.1021 -0.0000 -0.9948
vn 0.0025 -0.0000 -1.0000
vn -0.0971 -0.0000 -0.9953
vn -0.1957 -0.0000 -0.9807
vn -0.2923 -0.0000 -0.9563
vn -0.2924 -0.0000 -0.9563
vn -0.3861 -0.0000 -0.9224
vn -0.3861 -0.0000 -0.9225
vn -0.4761 -0.0000 -0.8794
vn -0.4760 -0.0000 -0.8794
vn -0.5612 -0.0000 -0.8277
vn -0.6409 -0.0000 -0.7676
vn -0.6409 -0.0000 -0.7677
vn -0.7141 -0.0000 -0.7000
vn -0.7803 -0.0000 -0.6255
vn -0.8387 -0.0000 -0.5447
vn -0.8887 -0.0000 -0.4584
vn -0.9300 -0.0000 -0.3677
vn -0.9619 -0.0000 -0.2733
vn -0.9844 -0.0000 -0.1761
vn -0.9970 -0.0000 -0.0772
vn 0.8485 -0.0000 0.5291
vn 0.7178 -0.0000 0.6962
vn 0.5548 -0.0000 0.8320
vn -0.9997 -0.0000 0.0233
vn -0.9927 -0.0000 0.1210
vn -0.9985 -0.0000 -0.0555
vn -0.9894 -0.0000 -0.1454
vn -0.9722 -0.0000 -0.2341
vn -0.8309 -0.0000 -0.5565
vn -0.8754 -0.0000 -0.4834
vn -0.9135 -0.0000 -0.4068
vn -0.9449 -0.0000 -0.3272
vn -0.9283 -0.0000 0.3717
vn -0.9581 -0.0000 0.2864
vn -0.9801 -0.0000 0.1987
vn -0.4870 -0.0000 -0.8734
vn 0.7420 -0.0000 -0.6704
vn 0.7966 -0.0000 -0.6045
vn 0.8454 -0.0000 -0.5342
vn 0.8879 -0.0000 -0.4600
vn 0.9985 -0.0000 0.0555
vn 0.9894 -0.0000 0.1454
vn 0.9722 -0.0000 0.2341
vn 0.3561 -0.0000 -0.9345
vn 0.8715 -0.0000 -0.4904
vn 0.9142 -0.0000 -0.4054
vn 0.9141 -0.0000 -0.4054
vn 0.9485 -0.0000 -0.3166
vn 0.9743 -0.0000 -0.2250
vn 0.9913 -0.0000 -0.1314
vn 0.9993 -0.0000 -0.0366
vn 0.9983 -0.0000 0.0586
vn 0.9882 -0.0000 0.1532
vn 0.9692 -0.0000 0.2464
vn 0.9413 -0.0000 0.3375
vn 0.9050 -0.0000 0.4254
vn 0.8605 -0.0000 0.5095
vn 0.8081 -0.0000 0.5890
vn 0.7485 -0.0000 0.6631
vn 0.6821 -0.0000 0.7313
vn 0.6095 -0.0000 0.7928
vn 0.5313 -0.0000 0.8472
vn 0.4484 -0.0000 0.8938
vn 0.3614 -0.0000 0.9324
vn 0.2712 -0.0000 0.9625
vn 0.1784 -0.0000 0.9840
vn 0.0841 -0.0000 0.9965
vn -0.0110 -0.0000 0.9999
vn -0.1060 -0.0000 0.9944
vn -0.2001 -0.0000 0.9798
vn -0.2923 -0.0000 0.9563
vn -0.3819 -0.0000 0.9242
vn -0.4680 -0.0000 0.8837
vn -0.5499 -0.0000 0.8352
vn -0.6268 -0.0000 0.7792
vn -0.6980 -0.0000 0.7161
vn -0.7629 -0.0000 0.6465
vn -0.8209 -0.0000 0.5711
vn -0.8715 -0.0000 0.4904
vn -0.9142 -0.0000 0.4054
vn -0.9485 -0.0000 0.3166
vn -0.9743 -0.0000 0.2250
vn -0.9913 -0.0000 0.1314
vn -0.9993 -0.0000 0.0366
vn -0.9983 -0.0000 -0.0586
vn -0.9882 -0.0000 -0.1532
vn -0.9692 -0.0000 -0.2464
vn -0.9413 -0.0000 -0.3375
vn -0.9413 -0.0000 -0.3374
vn -0.9050 -0.0000 -0.4254
vn -0.8605 -0.0000 -0.5095
vn -0.8081 -0.0000 -0.5890
vn -0.7485 -0.0000 -0.6631
vn -0.6821 -0.0000 -0.7313
vn -0.6095 -0.0000 -0.7928
vn -0.5313 -0.0000 -0.8472
vn -0.4484 -0.0000 -0.8938
vn -0.3614 -0.0000 -0.9324
vn -0.2712 -0.0000 -0.9625
vn -0.1784 -0.0000 -0.9840
vn -0.0841 -0.0000 -0.9965
vn 0.0110 -0.0000 -0.9999
vn 0.1060 -0.0000 -0.9944
vn 0.2001 -0.0000 -0.9798
vn 0.2000 -0.0000 -0.9798
vn 0.2923 -0.0000 -0.9563
vn 0.3819 -0.0000 -0.9242
vn 0.4680 -0.0000 -0.8837
vn 0.5499 -0.0000 -0.8353
vn 0.5499 -0.0000 -0.8352
vn 0.6268 -0.0000 -0.7792
vn 0.6980 -0.0000 -0.7161
vn 0.7629 -0.0000 -0.6465
vn 0.8209 -0.0000 -0.5711
vn 0.9972 -0.0000 -0.0754
vn 0.8929 -0.0000 -0.4503
vn 0.6534 -0.0000 -0.7570
vn 0.3150 -0.0000 -0.9491
vn -0.0712 -0.0000 -0.9975
vn -0.4465 -0.0000 -0.8948
vn -0.7543 -0.0000 -0.6566
vn -0.7875 -0.0000 -0.6164
vn -0.5805 -0.0000 -0.8143
vn -0.5805 -0.0000 -0.8142
vn -0.3260 -0.0000 -0.9454
vn -0.0447 -0.0000 -0.9990
vn 0.0385 -0.0000 -0.9993
vn -0.0822 -0.0000 -0.9966
vn -0.0823 -0.0000 -0.9966
vn -0.2018 -0.0000 -0.9794
vn -0.3184 -0.0000 -0.9480
vn -0.4304 -0.0000 -0.9027
vn -0.3538 -0.0000 -0.9353
vn -0.3539 -0.0000 -0.9353
vn -0.0743 -0.0000 -0.9972
vn -0.0742 -0.0000 -0.9972
vn 0.2114 -0.0000 -0.9774
vn 0.2113 -0.0000 -0.9774
vn 0.4797 -0.0000 -0.8774
vn 0.4333 -0.0000 -0.9013
vn 0.0565 -0.0000 -0.9984
vn -0.3288 -0.0000 -0.9444
vn -0.3290 -0.0000 -0.9443
vn -0.6644 -0.0000 -0.7473
vn -0.6645 -0.0000 -0.7473
vn -0.8994 -0.0000 -0.4371
vn -0.9982 -0.0000 -0.0607
vn -0.9457 -0.0000 0.3249
vn -0.9275 -0.0000 0.3738
vn -0.9954 -0.0000 0.0956
vn -0.9817 -0.0000 -0.1904
vn -0.8875 -0.0000 -0.4608
vn -0.8461 -0.0000 -0.5330
vn -0.9042 -0.0000 -0.4271
vn -0.9491 -0.0000 -0.3150
vn -0.9802 -0.0000 -0.1982
vn -0.9969 -0.0000 -0.0786
vn -0.9869 -0.0000 -0.1612
vn -0.9008 -0.0000 -0.4343
vn -0.7408 -0.0000 -0.6718
vn -0.5201 -0.0000 -0.8541
vn -0.5639 -0.0000 -0.8259
vn -0.8364 -0.0000 -0.5481
vn -0.9823 -0.0000 -0.1873
vn -0.9794 -0.0000 0.2018
vn -0.8283 -0.0000 0.5603
vn -0.8282 -0.0000 0.5604
vn -0.5517 -0.0000 0.8341
vn -0.5516 -0.0000 0.8341
vn -0.1915 -0.0000 0.9815
vn -0.1916 -0.0000 0.9815
vn -0.1401 -0.0000 0.9901
vn -0.1400 -0.0000 0.9901
vn -0.4149 -0.0000 0.9099
vn -0.6558 -0.0000 0.7550
vn -0.6557 -0.0000 0.7550
vn -0.8428 -0.0000 0.5382
vn -0.8846 -0.0000 0.4663
vn -0.8220 -0.0000 0.5695
vn -0.7473 -0.0000 0.6645
vn -0.6617 -0.0000 0.7497
vn -0.6618 -0.0000 0.7497
vn -0.5666 -0.0000 0.8240
vn -0.5665 -0.0000 0.8240
vn -0.6331 -0.0000 0.7741
vn -0.8265 -0.0000 0.5629
vn -0.9521 -0.0000 0.3056
vn -0.9972 -0.0000 0.0754
vn -0.8929 -0.0000 0.4503
vn -0.6534 -0.0000 0.7570
vn -0.3150 -0.0000 0.9491
vn 0.0712 -0.0000 0.9975
vn 0.4465 -0.0000 0.8948
vn 0.7543 -0.0000 0.6566
vn 0.7875 -0.0000 0.6164
vn 0.7874 -0.0000 0.6164
vn 0.5805 -0.0000 0.8142
vn 0.5805 -0.0000 0.8143
vn 0.3259 -0.0000 0.9454
vn 0.3260 -0.0000 0.9454
vn 0.0447 -0.0000 0.9990
vn -0.0385 -0.0000 0.9993
vn 0.0823 -0.0000 0.9966
vn 0.0822 -0.0000 0.9966
vn 0.2018 -0.0000 0.9794
vn 0.3184 -0.0000 0.9480
vn 0.4304 -0.0000 0.9027
vn 0.4303 -0.0000 0.9027
vn 0.3539 -0.0000 0.9353
vn 0.3538 -0.0000 0.9353
vn 0.0743 -0.0000 0.9972
vn -0.2114 -0.0000 0.9774
vn -0.4797 -0.0000 0.8774
vn -0.4333 -0.0000 0.9013
vn -0.0564 -0.0000 0.9984
vn -0.0565 -0.0000 0.9984
vn 0.3289 -0.0000 0.9444
vn 0.6645 -0.0000 0.7473
vn 0.8994 -0.0000 0.4371
vn 0.9982 -0.0000 0.0607
vn 0.9458 -0.0000 -0.3249
vn 0.9457 -0.0000 -0.3249
vn 0.9275 -0.0000 -0.3738
vn 0.9954 -0.0000 -0.0956
vn 0.9817 -0.0000 0.1904
vn 0.8875 -0.0000 0.4608
vn 0.8461 -0.0000 0.5330
vn 0.9042 -0.0000 0.4271
vn 0.9491 -0.0000 0.3150
vn 0.9802 -0.0000 0.1982
vn 0.9969 -0.0000 0.0786
vn 0.9869 -0.0000 0.1612
vn 0.9008 -0.0000 0.4343
vn 0.7408 -0.0000 0.6718
vn 0.5201 -0.0000 0.8541
vn 0.5200 -0.0000 0.8542
vn 0.5639 -0.0000 0.8258
vn 0.5639 -0.0000 0.8259
vn 0.8364 -0.0000 0.5481
vn 0.9823 -0.0000 0.1873
vn 0.9794 -0.0000 -0.2018
vn 0.8282 -0.0000 -0.5604
vn 0.5517 -0.0000 -0.8341
vn 0.5516 -0.0000 -0.8341
vn 0.1915 -0.0000 -0.9815
vn 0.1401 -0.0000 -0.9901
vn 0.4149 -0.0000 -0.9099
vn 0.6557 -0.0000 -0.7550
vn 0.8428 -0.0000 -0.5382
vn 0.6331 -0.0000 -0.7741
vn 0.8265 -0.0000 -0.5629
vn 0.9521 -0.0000 -0.3056
vn 0.9521 -0.0000 -0.3057
vn 0.8846 -0.0000 -0.4663
vn 0.8220 -0.0000 -0.5695
vn 0.7473 -0.0000 -0.6645
vn 0.6618 -0.0000 -0.7497
vn 0.5665 -0.0000 -0.8240
vn 0.5666 -0.0000 -0.8240
vn 0.9330 -0.0000 0.3598
vn 0.9630 -0.0000 0.2694
vn 0.9843 -0.0000 0.1767
vn 0.9966 -0.0000 0.0823
vn 0.9999 -0.0000 -0.0128
vn 0.9942 -0.0000 -0.1078
vn 0.9558 -0.0000 -0.2940
vn 0.9235 -0.0000 -0.3835
vn 0.8829 -0.0000 -0.4696
vn 0.8343 -0.0000 -0.5514
vn 0.7781 -0.0000 -0.6282
vn 0.7149 -0.0000 -0.6993
vn 0.7148 -0.0000 -0.6993
vn 0.6451 -0.0000 -0.7641
vn 0.5696 -0.0000 -0.8219
vn 0.4889 -0.0000 -0.8724
vn 0.4889 -0.0000 -0.8723
vn 0.4037 -0.0000 -0.9149
vn 0.2233 -0.0000 -0.9748
vn 0.2233 -0.0000 -0.9747
vn 0.1296 -0.0000 -0.9916
vn 0.0348 -0.0000 -0.9994
vn -0.0603 -0.0000 -0.9982
vn -0.0604 -0.0000 -0.9982
vn -0.1550 -0.0000 -0.9879
vn -0.2482 -0.0000 -0.9687
vn -0.3391 -0.0000 -0.9407
vn -0.4270 -0.0000 -0.9042
vn -0.5110 -0.0000 -0.8596
vn -0.5904 -0.0000 -0.8071
vn -0.7325 -0.0000 -0.6808
vn -0.7939 -0.0000 -0.6081
vn -0.8481 -0.0000 -0.5298
vn -0.8946 -0.0000 -0.4468
vn -0.9330 -0.0000 -0.3598
vn -0.9630 -0.0000 -0.2694
vn -0.9843 -0.0000 -0.1767
vn -0.9966 -0.0000 -0.0823
vn -0.9999 -0.0000 0.0128
vn -0.9942 -0.0000 0.1078
vn -0.9558 -0.0000 0.2940
vn -0.9235 -0.0000 0.3835
vn -0.8829 -0.0000 0.4696
vn -0.8343 -0.0000 0.5513
vn -0.8343 -0.0000 0.5514
vn -0.7781 -0.0000 0.6282
vn -0.7148 -0.0000 0.6993
vn -0.6451 -0.0000 0.7641
vn -0.5696 -0.0000 0.8219
vn -0.4889 -0.0000 0.8723
vn -0.4038 -0.0000 0.9149
vn -0.4037 -0.0000 0.9149
vn -0.2233 -0.0000 0.9747
vn -0.1296 -0.0000 0.9916
vn -0.0348 -0.0000 0.9994
vn 0.0604 -0.0000 0.9982
vn 0.1550 -0.0000 0.9879
vn 0.2482 -0.0000 0.9687
vn 0.3391 -0.0000 0.9407
vn 0.4270 -0.0000 0.9042
vn 0.5110 -0.0000 0.8596
vn 0.5904 -0.0000 0.8071
vn 0.7325 -0.0000 0.6808
vn 0.7939 -0.0000 0.6081
vn 0.8481 -0.0000 0.5298
vn 0.8946 -0.0000 0.4468
vn 0.8893 -0.0000 -0.4573
vn 0.8893 -0.0000 -0.4574
vn 0.8388 -0.0000 -0.5444
vn 0.7798 -0.0000 -0.6260
vn 0.7129 -0.0000 -0.7012
vn 0.7129 -0.0000 -0.7013
vn 0.6388 -0.0000 -0.7694
vn 0.5582 -0.0000 -0.8297
vn 0.0486 -0.0000 -0.9988
vn 0.0485 -0.0000 -0.9988
vn -0.0521 -0.0000 -0.9986
vn -0.1522 -0.0000 -0.9883
vn -0.2508 -0.0000 -0.9680
vn -0.2509 -0.0000 -0.9680
vn -0.3469 -0.0000 -0.9379
vn -0.4394 -0.0000 -0.8983
vn -0.8407 -0.0000 -0.5415
vn -0.8909 -0.0000 -0.4542
vn -0.9320 -0.0000 -0.3623
vn -0.9321 -0.0000 -0.3623
vn -0.9638 -0.0000 -0.2668
vn -0.9857 -0.0000 -0.1685
vn -0.9976 -0.0000 -0.0686
vn -0.8893 -0.0000 0.4573
vn -0.8893 -0.0000 0.4574
vn -0.8388 -0.0000 0.5444
vn -0.7798 -0.0000 0.6260
vn -0.7129 -0.0000 0.7012
vn -0.7129 -0.0000 0.7013
vn -0.6388 -0.0000 0.7694
vn -0.5582 -0.0000 0.8297
vn 0.8579 -0.0000 -0.5138
vn 0.7183 -0.0000 -0.6958
vn 0.7183 -0.0000 -0.6957
vn 0.5409 -0.0000 -0.8411
vn 0.3351 -0.0000 -0.9422
vn 0.3350 -0.0000 -0.9422
vn 0.1115 -0.0000 -0.9938
vn 0.9911 -0.0000 0.1328
vn 0.9348 -0.0000 0.3552
vn 0.8293 -0.0000 0.5588
vn 0.6802 -0.0000 0.7330
vn 0.4953 -0.0000 0.8687
vn 0.9995 -0.0000 -0.0319
vn 0.9439 -0.0000 -0.3302
vn 0.8014 -0.0000 -0.5981
vn 0.5851 -0.0000 -0.8109
vn 0.3149 -0.0000 -0.9491
vn 0.0158 -0.0000 -0.9999
vn -0.2848 -0.0000 -0.9586
vn -0.5592 -0.0000 -0.8290
vn -0.7821 -0.0000 -0.6231
vn -0.7821 -0.0000 -0.6232
vn -0.8739 -0.0000 -0.4861
vn -0.9617 -0.0000 -0.2742
vn -0.9989 -0.0000 -0.0479
vn -0.9835 -0.0000 0.1809
vn -0.9835 -0.0000 0.1810
vn -0.9164 -0.0000 0.4003
vn -0.3806 -0.0000 -0.9248
vn -0.3805 -0.0000 -0.9248
vn -0.1599 -0.0000 -0.9871
vn 0.0693 -0.0000 -0.9976
vn 0.2947 -0.0000 -0.9556
vn 0.5047 -0.0000 -0.8633
vn -0.5274 -0.0000 -0.8496
vn -0.7580 -0.0000 -0.6523
vn -0.7579 -0.0000 -0.6523
vn -0.9187 -0.0000 -0.3950
vn -0.9949 -0.0000 -0.1012
vn -0.9949 -0.0000 -0.1013
vn -0.8738 -0.0000 0.4863
vn -0.8738 -0.0000 0.4862
vn -0.6877 -0.0000 0.7260
vn -0.4384 -0.0000 0.8988
vn -0.1486 -0.0000 0.9889
vn -0.1487 -0.0000 0.9889
vn 0.0160 -0.0000 0.9999
vn 0.2434 -0.0000 0.9699
vn 0.4579 -0.0000 0.8890
vn 0.4580 -0.0000 0.8890
vn 0.6485 -0.0000 0.7612
vn 0.6484 -0.0000 0.7613
vn 0.8049 -0.0000 0.5935
vn 0.8048 -0.0000 0.5935
vn -0.6106 -0.0000 0.7919
vn -0.6106 -0.0000 0.7920
vn -0.7750 -0.0000 0.6320
vn -0.8986 -0.0000 0.4388
vn -0.9749 -0.0000 0.2225
vn -1.0000 -0.0000 -0.0054
vn -0.4721 -0.0000 0.8816
vn -0.1860 -0.0000 0.9826
vn -0.1859 -0.0000 0.9826
vn 0.1172 -0.0000 0.9931
vn 0.1173 -0.0000 0.9931
vn 0.4097 -0.0000 0.9122
vn 0.6644 -0.0000 0.7473
vn 0.8580 -0.0000 0.5136
vn 0.9726 -0.0000 0.2326
vn 0.9976 -0.0000 -0.0698
vn 0.9307 -0.0000 -0.3658
vn 0.3805 -0.0000 0.9248
vn 0.3806 -0.0000 0.9248
vn 0.1598 -0.0000 0.9871
vn 0.1599 -0.0000 0.9871
vn -0.0693 -0.0000 0.9976
vn -0.0692 -0.0000 0.9976
vn -0.2947 -0.0000 0.9556
vn -0.2948 -0.0000 0.9556
vn -0.5047 -0.0000 0.8633
vn -0.0000 1.0000 0.0001
vn 0.8739 -0.0000 0.4861
vn 0.9617 -0.0000 0.2742
vn 0.9989 -0.0000 0.0479
vn 0.9835 -0.0000 -0.1809
vn 0.9835 -0.0000 -0.1810
vn 0.9164 -0.0000 -0.4003
vn 0.9976 -0.0000 0.0686
vn 0.9857 -0.0000 0.1685
vn 0.9638 -0.0000 0.2668
vn 0.9321 -0.0000 0.3623
vn 0.8909 -0.0000 0.4542
vn 0.8407 -0.0000 0.5415
vn -0.0486 -0.0000 0.9988
vn 0.0521 -0.0000 0.9986
vn 0.1522 -0.0000 0.9883
vn 0.2509 -0.0000 0.9680
vn 0.2508 -0.0000 0.9680
vn 0.3469 -0.0000 0.9379
vn 0.4394 -0.0000 0.8983
vn -0.9995 -0.0000 0.0319
vn -0.9439 -0.0000 0.3302
vn -0.8014 -0.0000 0.5981
vn -0.5851 -0.0000 0.8110
vn -0.3149 -0.0000 0.9491
vn -0.0158 -0.0000 0.9999
vn 0.2848 -0.0000 0.9586
vn 0.5592 -0.0000 0.8291
vn 0.5592 -0.0000 0.8290
vn 0.7821 -0.0000 0.6231
vn -0.9911 -0.0000 -0.1328
vn -0.9348 -0.0000 -0.3552
vn -0.8293 -0.0000 -0.5588
vn -0.6802 -0.0000 -0.7330
vn -0.4953 -0.0000 -0.8687
vn -0.8579 -0.0000 0.5138
vn -0.7183 -0.0000 0.6958
vn -0.7183 -0.0000 0.6957
vn -0.5409 -0.0000 0.8411
vn -0.3351 -0.0000 0.9422
vn -0.1115 -0.0000 0.9938
vn 0.4721 -0.0000 -0.8816
vn 0.4722 -0.0000 -0.8815
vn 0.1859 -0.0000 -0.9826
vn -0.1173 -0.0000 -0.9931
vn -0.1172 -0.0000 -0.9931
vn -0.4097 -0.0000 -0.9122
vn -0.8580 -0.0000 -0.5136
vn -0.9726 -0.0000 -0.2327
vn -0.9726 -0.0000 -0.2326
vn -0.9976 -0.0000 0.0698
vn -0.9307 -0.0000 0.3658
vn 0.6105 -0.0000 -0.7920
vn 0.6106 -0.0000 -0.7919
vn 0.7750 -0.0000 -0.6320
vn 0.8986 -0.0000 -0.4388
vn 0.9749 -0.0000 -0.2225
vn 1.0000 -0.0000 0.0054
vn -0.0160 -0.0000 -0.9999
vn -0.2434 -0.0000 -0.9699
vn -0.2433 -0.0000 -0.9699
vn -0.4580 -0.0000 -0.8890
vn -0.4580 -0.0000 -0.8889
vn -0.6485 -0.0000 -0.7613
vn -0.6484 -0.0000 -0.7613
vn -0.8048 -0.0000 -0.5935
vn 0.5274 -0.0000 0.8496
vn 0.7579 -0.0000 0.6523
vn 0.9187 -0.0000 0.3949
vn 0.9187 -0.0000 0.3950
vn 0.9949 -0.0000 0.1012
vn 0.9949 -0.0000 0.1013
vn 0.8738 -0.0000 -0.4863
vn 0.8738 -0.0000 -0.4862
vn 0.6877 -0.0000 -0.7260
vn 0.4384 -0.0000 -0.8988
vn 0.1486 -0.0000 -0.9889
vn -0.0726 0.0002 -0.9974
vn -0.0721 0.0003 -0.9974
vn -0.0722 -0.0002 -0.9974
vn -0.0722 0.0001 -0.9974
vn -0.0722 0.0002 -0.9974
vn -0.0722 -0.0001 -0.9974
vn -0.0721 -0.0000 -0.9974
vn -0.0723 -0.0000 -0.9974
vn -0.0724 -0.0000 -0.9974
vn -0.0720 -0.0000 -0.9974
vn -0.0719 -0.0000 -0.9974
vn -0.0725 -0.0000 -0.9974
vn -0.0726 -0.0001 -0.9974
vn -0.0727 -0.0000 -0.9974
vn -0.0709 0.0002 -0.9975
vn -0.0726 -0.0000 -0.9974
vn 0.0715 0.0006 0.9974
vn 0.0723 0.0001 0.9974
vn 0.0719 -0.0000 0.9974
vn 0.0718 0.0001 0.9974
vn 0.0726 -0.0000 0.9974
vn 0.0717 -0.0000 0.9974
vn 0.0723 -0.0000 0.9974
vn 0.0724 -0.0000 0.9974
vn 0.0721 -0.0000 0.9974
vn 0.0720 -0.0000 0.9974
vn 0.0718 -0.0000 0.9974
vn 0.0725 -0.0000 0.9974
vn 0.0717 0.0001 0.9974
vn 0.0718 -0.0001 0.9974
vn 0.0724 -0.0001 0.9974
vn 0.0731 0.0002 0.9973
vn 0.4998 -0.8653 -0.0375
vn 0.4564 -0.8892 -0.0318
vn 0.4114 -0.9109 -0.0311
vn 0.3658 -0.9304 -0.0252
vn 0.3189 -0.9475 -0.0244
vn 0.2716 -0.9622 -0.0184
vn 0.2232 -0.9746 -0.0174
vn 0.1747 -0.9846 -0.0114
vn 0.1253 -0.9921 -0.0104
vn 0.0760 -0.9971 -0.0042
vn 0.0262 -0.9997 -0.0032
vn -0.0234 -0.9997 0.0030
vn -0.0732 -0.9973 0.0040
vn -0.1225 -0.9924 0.0101
vn -0.1719 -0.9851 0.0112
vn -0.2205 -0.9752 0.0172
vn -0.2689 -0.9630 0.0182
vn -0.3162 -0.9484 0.0242
vn -0.3632 -0.9314 0.0250
vn -0.4088 -0.9121 0.0309
vn -0.4539 -0.8905 0.0316
vn -0.4974 -0.8667 0.0373
vn -0.5400 -0.8408 0.0378
vn -0.5810 -0.8128 0.0433
vn -0.6209 -0.7827 0.0437
vn -0.6588 -0.7507 0.0490
vn -0.6955 -0.7169 0.0491
vn -0.7301 -0.6812 0.0541
vn -0.7632 -0.6439 0.0540
vn -0.7941 -0.6049 0.0588
vn -0.8234 -0.5645 0.0583
vn -0.8502 -0.5226 0.0628
vn -0.8753 -0.4795 0.0621
vn -0.8979 -0.4351 0.0663
vn -0.9186 -0.3897 0.0652
vn -0.9367 -0.3434 0.0691
vn -0.9528 -0.2961 0.0677
vn -0.9661 -0.2481 0.0712
vn -0.9774 -0.1995 0.0695
vn -0.9859 -0.1504 0.0727
vn -0.9924 -0.1010 0.0706
vn -0.9960 -0.0513 0.0734
vn -0.9975 -0.0014 0.0710
vn -0.9961 0.0484 0.0734
vn -0.9927 0.0982 0.0706
vn -0.9864 0.1477 0.0727
vn -0.9780 0.1968 0.0695
vn -0.9668 0.2454 0.0713
vn -0.9536 0.2934 0.0678
vn -0.9376 0.3407 0.0692
vn -0.9197 0.3871 0.0653
vn -0.8991 0.4326 0.0664
vn -0.8767 0.4770 0.0622
vn -0.8517 0.5202 0.0629
vn -0.8250 0.5622 0.0585
vn -0.7958 0.6027 0.0589
vn -0.7650 0.6417 0.0541
vn -0.7320 0.6792 0.0543
vn -0.6975 0.7149 0.0492
vn -0.6609 0.7488 0.0491
vn -0.6231 0.7810 0.0438
vn -0.5833 0.8111 0.0435
vn -0.5424 0.8393 0.0380
vn -0.4998 0.8653 0.0375
vn -0.4564 0.8892 0.0318
vn -0.4114 0.9109 0.0311
vn -0.3658 0.9304 0.0252
vn -0.3189 0.9475 0.0244
vn -0.2716 0.9622 0.0184
vn -0.2232 0.9746 0.0174
vn -0.1747 0.9846 0.0114
vn -0.1253 0.9921 0.0103
vn -0.0760 0.9971 0.0042
vn -0.0262 0.9997 0.0032
vn 0.0234 0.9997 -0.0030
vn 0.0732 0.9973 -0.0040
vn 0.1225 0.9924 -0.0101
vn 0.1719 0.9851 -0.0112
vn 0.2205 0.9752 -0.0172
vn 0.2689 0.9630 -0.0182
vn 0.3162 0.9484 -0.0242
vn 0.3632 0.9314 -0.0250
vn 0.4088 0.9121 -0.0309
vn 0.4539 0.8905 -0.0316
vn 0.4974 0.8667 -0.0373
vn 0.5400 0.8408 -0.0378
vn 0.5810 0.8128 -0.0433
vn 0.6208 0.7827 -0.0437
vn 0.6588 0.7507 -0.0490
vn 0.6955 0.7168 -0.0491
vn 0.7301 0.6812 -0.0541
vn 0.7632 0.6439 -0.0540
vn 0.7941 0.6049 -0.0588
vn 0.8234 0.5645 -0.0583
vn 0.8502 0.5226 -0.0628
vn 0.8753 0.4795 -0.0621
vn 0.8979 0.4352 -0.0663
vn 0.9186 0.3897 -0.0652
vn 0.9367 0.3433 -0.0691
vn 0.9528 0.2961 -0.0677
vn 0.9661 0.2481 -0.0712
vn 0.9774 0.1995 -0.0695
vn 0.9859 0.1504 -0.0727
vn 0.9924 0.1010 -0.0706
vn 0.9960 0.0512 -0.0734
vn 0.9975 0.0014 -0.0710
vn 0.9961 -0.0484 -0.0734
vn 0.9927 -0.0982 -0.0706
vn 0.9864 -0.1476 -0.0727
vn 0.9780 -0.1968 -0.0695
vn 0.9668 -0.2454 -0.0713
vn 0.9536 -0.2934 -0.0678
vn 0.9376 -0.3407 -0.0692
vn 0.9197 -0.3871 -0.0653
vn 0.8991 -0.4326 -0.0664
vn 0.8767 -0.4770 -0.0622
vn 0.8517 -0.5202 -0.0629
vn 0.8250 -0.5622 -0.0585
vn 0.7958 -0.6027 -0.0589
vn 0.7650 -0.6417 -0.0541
vn 0.7320 -0.6791 -0.0543
vn 0.6975 -0.7149 -0.0492
vn 0.6609 -0.7489 -0.0491
vn 0.6230 -0.7810 -0.0438
vn 0.5833 -0.8111 -0.0435
vn 0.5424 -0.8393 -0.0380
vn -0.2399 0.6445 0.7259
vn -0.3027 0.6122 0.7305
vn -0.3042 0.6103 0.7314
vn -0.3622 0.5745 0.7340
vn -0.3665 0.5684 0.7366
vn -0.4176 0.5309 0.7374
vn -0.4238 0.5202 0.7415
vn -0.4684 0.4818 0.7406
vn -0.4758 0.4663 0.7458
vn -0.5140 0.4278 0.7435
vn -0.5219 0.4072 0.7495
vn -0.5540 0.3694 0.7460
vn -0.5616 0.3437 0.7526
vn -0.5879 0.3073 0.7483
vn -0.5944 0.2764 0.7552
vn -0.6153 0.2420 0.7502
vn -0.6200 0.2059 0.7571
vn -0.6361 0.1743 0.7517
vn -0.6381 0.1332 0.7584
vn -0.6498 0.1049 0.7528
vn -0.6485 0.0591 0.7589
vn -0.6565 0.0344 0.7535
vn -0.6512 -0.0159 0.7587
vn -0.6560 -0.0363 0.7539
vn -0.6460 -0.0907 0.7579
vn -0.6484 -0.1067 0.7537
vn -0.6330 -0.1646 0.7564
vn -0.6338 -0.1759 0.7532
vn -0.6123 -0.2368 0.7543
vn -0.6123 -0.2431 0.7523
vn -0.5843 -0.3065 0.7515
vn -0.5842 -0.3078 0.7510
vn -0.5508 -0.3699 0.7482
vn -0.5478 -0.3723 0.7492
vn -0.5117 -0.4285 0.7447
vn -0.5043 -0.4336 0.7468
vn -0.4667 -0.4830 0.7409
vn -0.4548 -0.4898 0.7438
vn -0.4166 -0.5326 0.7367
vn -0.3995 -0.5406 0.7403
vn -0.3617 -0.5769 0.7323
vn -0.3394 -0.5853 0.7364
vn -0.3024 -0.6156 0.7278
vn -0.2750 -0.6234 0.7320
vn -0.2397 -0.6479 0.7231
vn -0.2071 -0.6545 0.7272
vn -0.1739 -0.6737 0.7182
vn -0.1362 -0.6783 0.7221
vn -0.1058 -0.6928 0.7133
vn -0.0633 -0.6945 0.7167
vn -0.0362 -0.7049 0.7084
vn 0.0112 -0.7031 0.7110
vn 0.0341 -0.7098 0.7036
vn 0.0858 -0.7037 0.7053
vn 0.1048 -0.7076 0.6988
vn 0.1603 -0.6965 0.6994
vn 0.1747 -0.6982 0.6942
vn 0.2335 -0.6815 0.6936
vn 0.2434 -0.6818 0.6898
vn 0.3050 -0.6589 0.6877
vn 0.3099 -0.6586 0.6857
vn 0.3736 -0.6288 0.6819
vn 0.4349 -0.5941 0.6767
vn 0.4382 -0.5902 0.6780
vn 0.4924 -0.5534 0.6718
vn 0.4981 -0.5450 0.6744
vn 0.5455 -0.5070 0.6674
vn 0.5530 -0.4939 0.6710
vn 0.5938 -0.4553 0.6634
vn 0.6022 -0.4374 0.6679
vn 0.6364 -0.3992 0.6600
vn 0.6452 -0.3759 0.6651
vn 0.6734 -0.3388 0.6571
vn 0.6815 -0.3104 0.6627
vn 0.7041 -0.2751 0.6547
vn 0.7107 -0.2415 0.6607
vn 0.7282 -0.2085 0.6529
vn 0.7325 -0.1698 0.6592
vn 0.7455 -0.1398 0.6517
vn 0.7469 -0.0963 0.6580
vn 0.7557 -0.0697 0.6512
vn 0.7534 -0.0216 0.6572
vn 0.7589 0.0010 0.6512
vn 0.7520 0.0533 0.6570
vn 0.7549 0.0716 0.6519
vn 0.7429 0.1278 0.6571
vn 0.7439 0.1415 0.6531
vn 0.7259 0.2010 0.6578
vn 0.7259 0.2098 0.6551
vn 0.7014 0.2721 0.6588
vn 0.7011 0.2758 0.6576
vn 0.6701 0.3392 0.6602
vn 0.6693 0.3400 0.6607
vn 0.6340 0.3997 0.6621
vn 0.6291 0.4035 0.6644
vn 0.5918 0.4563 0.6645
vn 0.5825 0.4624 0.6685
vn 0.5441 0.5085 0.6674
vn 0.5303 0.5159 0.6727
vn 0.4915 0.5555 0.6707
vn 0.4726 0.5638 0.6774
vn 0.4343 0.5970 0.6745
vn 0.4102 0.6052 0.6822
vn 0.3732 0.6325 0.6787
vn 0.3440 0.6399 0.6872
vn 0.3088 0.6616 0.6833
vn 0.2744 0.6674 0.6923
vn 0.2419 0.6841 0.6881
vn 0.2023 0.6874 0.6975
vn 0.1728 0.6997 0.6932
vn 0.1288 0.6998 0.7027
vn 0.1028 0.7082 0.6985
vn 0.0542 0.7043 0.7078
vn 0.0322 0.7096 0.7039
vn -0.0204 0.7011 0.7128
vn -0.0381 0.7038 0.7094
vn -0.0948 0.6899 0.7176
vn -0.1075 0.6909 0.7149
vn -0.1671 0.6711 0.7222
vn -0.1750 0.6711 0.7204
vn -0.2376 0.6447 0.7265
vn 0.0723 -0.0004 0.9974
vn 0.0721 -0.0003 0.9974
vn 0.0723 0.0002 0.9974
vn 0.0723 -0.0001 0.9974
vn 0.0722 0.0001 0.9974
vn 0.0715 0.0001 0.9974
vn 0.1425 0.9897 -0.0116
vn 0.1917 0.9814 -0.0126
vn 0.2401 0.9706 -0.0187
vn 0.2882 0.9574 -0.0196
vn 0.3353 0.9418 -0.0256
vn 0.3818 0.9238 -0.0264
vn 0.4271 0.9036 -0.0322
vn 0.4717 0.8811 -0.0329
vn 0.5147 0.8565 -0.0385
vn 0.5569 0.8297 -0.0390
vn 0.5972 0.8008 -0.0445
vn 0.6365 0.7700 -0.0448
vn 0.6738 0.7372 -0.0501
vn 0.7098 0.7026 -0.0501
vn 0.7437 0.6663 -0.0551
vn 0.7760 0.6283 -0.0549
vn 0.8061 0.5887 -0.0597
vn 0.8346 0.5477 -0.0592
vn 0.8606 0.5053 -0.0636
vn 0.8848 0.4617 -0.0628
vn 0.9065 0.4169 -0.0669
vn 0.9263 0.3711 -0.0658
vn 0.9434 0.3243 -0.0696
vn 0.9585 0.2767 -0.0681
vn 0.9709 0.2285 -0.0716
vn 0.9813 0.1797 -0.0698
vn 0.9888 0.1304 -0.0729
vn 0.9942 0.0809 -0.0707
vn 0.9968 0.0311 -0.0735
vn 0.9973 -0.0188 -0.0709
vn 0.9949 -0.0686 -0.0733
vn 0.9905 -0.1182 -0.0705
vn 0.9832 -0.1676 -0.0725
vn 0.9738 -0.2165 -0.0692
vn 0.9617 -0.2649 -0.0709
vn 0.9475 -0.3127 -0.0673
vn 0.9306 -0.3596 -0.0687
vn 0.9117 -0.4057 -0.0647
vn 0.8902 -0.4507 -0.0657
vn 0.8669 -0.4947 -0.0615
vn 0.8410 -0.5374 -0.0622
vn 0.8135 -0.5787 -0.0576
vn 0.7835 -0.6187 -0.0580
vn 0.7520 -0.6571 -0.0532
vn 0.7182 -0.6938 -0.0533
vn 0.6830 -0.7289 -0.0482
vn 0.6457 -0.7621 -0.0480
vn 0.6072 -0.7934 -0.0427
vn 0.5668 -0.8228 -0.0423
vn 0.5254 -0.8501 -0.0368
vn 0.4823 -0.8753 -0.0362
vn 0.4384 -0.8983 -0.0305
vn 0.3930 -0.9191 -0.0297
vn 0.3470 -0.9376 -0.0239
vn 0.2997 -0.9537 -0.0230
vn 0.2521 -0.9675 -0.0170
vn 0.2035 -0.9789 -0.0160
vn 0.1548 -0.9879 -0.0099
vn 0.1053 -0.9944 -0.0089
vn 0.0559 -0.9984 -0.0028
vn 0.0060 -1.0000 -0.0017
vn -0.0435 -0.9990 0.0044
vn -0.0933 -0.9956 0.0055
vn -0.1425 -0.9897 0.0116
vn -0.1917 -0.9814 0.0126
vn -0.2401 -0.9706 0.0187
vn -0.2882 -0.9574 0.0196
vn -0.3353 -0.9418 0.0256
vn -0.3818 -0.9238 0.0264
vn -0.4271 -0.9036 0.0322
vn -0.4717 -0.8811 0.0329
vn -0.5147 -0.8565 0.0385
vn -0.5569 -0.8297 0.0391
vn -0.5972 -0.8008 0.0445
vn -0.6365 -0.7700 0.0448
vn -0.6738 -0.7372 0.0501
vn -0.7098 -0.7026 0.0501
vn -0.7437 -0.6663 0.0551
vn -0.7760 -0.6283 0.0549
vn -0.8061 -0.5887 0.0597
vn -0.8346 -0.5477 0.0592
vn -0.8606 -0.5053 0.0636
vn -0.8848 -0.4617 0.0628
vn -0.9065 -0.4169 0.0669
vn -0.9263 -0.3711 0.0658
vn -0.9434 -0.3243 0.0696
vn -0.9585 -0.2768 0.0681
vn -0.9709 -0.2285 0.0716
vn -0.9812 -0.1797 0.0698
vn -0.9888 -0.1304 0.0729
vn -0.9942 -0.0809 0.0707
vn -0.9968 -0.0311 0.0735
vn -0.9973 0.0188 0.0709
vn -0.9949 0.0686 0.0733
vn -0.9905 0.1182 0.0704
vn -0.9832 0.1676 0.0725
vn -0.9738 0.2165 0.0692
vn -0.9617 0.2649 0.0709
vn -0.9475 0.3126 0.0673
vn -0.9306 0.3596 0.0687
vn -0.9117 0.4057 0.0647
vn -0.8902 0.4507 0.0657
vn -0.8669 0.4947 0.0615
vn -0.8411 0.5374 0.0622
vn -0.8135 0.5787 0.0576
vn -0.7835 0.6187 0.0580
vn -0.7520 0.6571 0.0532
vn -0.7182 0.6938 0.0533
vn -0.6830 0.7289 0.0482
vn -0.6457 0.7621 0.0480
vn -0.6072 0.7934 0.0427
vn -0.5668 0.8228 0.0423
vn -0.5254 0.8501 0.0368
vn -0.4823 0.8753 0.0362
vn -0.4384 0.8983 0.0305
vn -0.3930 0.9191 0.0297
vn -0.3470 0.9376 0.0238
vn -0.2997 0.9537 0.0230
vn -0.2521 0.9675 0.0170
vn -0.2035 0.9789 0.0160
vn -0.1548 0.9879 0.0099
vn -0.1053 0.9944 0.0089
vn -0.0559 0.9984 0.0028
vn -0.0060 1.0000 0.0017
vn 0.0435 0.9990 -0.0044
vn 0.0933 0.9956 -0.0055
vn -0.1189 -0.6867 0.7171
vn -0.0498 -0.7003 0.7121
vn -0.0472 -0.6998 0.7128
vn 0.0203 -0.7076 0.7063
vn 0.0272 -0.7056 0.7081
vn 0.0905 -0.7078 0.7006
vn 0.1024 -0.7034 0.7034
vn 0.1607 -0.7008 0.6950
vn 0.1766 -0.6935 0.6985
vn 0.2298 -0.6868 0.6896
vn 0.2495 -0.6757 0.6936
vn 0.2971 -0.6658 0.6844
vn 0.3199 -0.6506 0.6888
vn 0.3622 -0.6380 0.6795
vn 0.3872 -0.6181 0.6841
vn 0.4240 -0.6039 0.6749
vn 0.4508 -0.5788 0.6795
vn 0.4821 -0.5636 0.6708
vn 0.5100 -0.5330 0.6752
vn 0.5359 -0.5177 0.6669
vn 0.5639 -0.4812 0.6711
vn 0.5848 -0.4665 0.6636
vn 0.6124 -0.4240 0.6673
vn 0.6282 -0.4107 0.6608
vn 0.6545 -0.3620 0.6638
vn 0.6657 -0.3509 0.6585
vn 0.6898 -0.2960 0.6607
vn 0.6971 -0.2875 0.6568
vn 0.7182 -0.2265 0.6580
vn 0.7219 -0.2214 0.6557
vn 0.7392 -0.1542 0.6556
vn 0.7398 -0.1531 0.6551
vn 0.7519 -0.0837 0.6539
vn 0.7512 -0.0800 0.6552
vn 0.7575 -0.0133 0.6527
vn 0.7551 -0.0049 0.6556
vn 0.7558 0.0573 0.6523
vn 0.7510 0.0701 0.6566
vn 0.7470 0.1275 0.6525
vn 0.7392 0.1441 0.6579
vn 0.7312 0.1965 0.6532
vn 0.7197 0.2166 0.6596
vn 0.7086 0.2635 0.6546
vn 0.6927 0.2864 0.6619
vn 0.6793 0.3280 0.6565
vn 0.6586 0.3531 0.6645
vn 0.6436 0.3891 0.6591
vn 0.6178 0.4157 0.6674
vn 0.6021 0.4463 0.6620
vn 0.5705 0.4739 0.6708
vn 0.5548 0.4991 0.6657
vn 0.5175 0.5267 0.6744
vn 0.5026 0.5467 0.6697
vn 0.4593 0.5736 0.6782
vn 0.4460 0.5888 0.6741
vn 0.3962 0.6144 0.6824
vn 0.3853 0.6249 0.6790
vn 0.3294 0.6481 0.6866
vn 0.3215 0.6546 0.6842
vn 0.2592 0.6748 0.6910
vn 0.2549 0.6778 0.6897
vn 0.1866 0.6940 0.6954
vn 0.1170 0.7048 0.6997
vn 0.1124 0.7036 0.7016
vn 0.0466 0.7086 0.7041
vn 0.0373 0.7055 0.7078
vn -0.0238 0.7052 0.7086
vn -0.0371 0.6994 0.7138
vn -0.0936 0.6947 0.7132
vn -0.1108 0.6856 0.7195
vn -0.1620 0.6771 0.7178
vn -0.1823 0.6641 0.7251
vn -0.2283 0.6528 0.7223
vn -0.2514 0.6352 0.7303
vn -0.2919 0.6217 0.7268
vn -0.3168 0.5993 0.7352
vn -0.3519 0.5845 0.7311
vn -0.3783 0.5567 0.7396
vn -0.4080 0.5413 0.7352
vn -0.4350 0.5078 0.7435
vn -0.4593 0.4927 0.7391
vn -0.4863 0.4532 0.7470
vn -0.5053 0.4392 0.7428
vn -0.5317 0.3936 0.7499
vn -0.5459 0.3813 0.7461
vn -0.5705 0.3295 0.7523
vn -0.5804 0.3196 0.7490
vn -0.6026 0.2616 0.7539
vn -0.6083 0.2548 0.7517
vn -0.6273 0.1906 0.7551
vn -0.6297 0.1875 0.7539
vn -0.6445 0.1186 0.7554
vn -0.6442 0.1173 0.7558
vn -0.6536 0.0485 0.7553
vn -0.6519 0.0425 0.7571
vn -0.6557 -0.0220 0.7547
vn -0.6516 -0.0327 0.7579
vn -0.6505 -0.0925 0.7539
vn -0.6436 -0.1073 0.7578
vn -0.6382 -0.1622 0.7526
vn -0.6278 -0.1806 0.7571
vn -0.6191 -0.2303 0.7508
vn -0.6046 -0.2518 0.7557
vn -0.5931 -0.2961 0.7487
vn -0.5740 -0.3202 0.7537
vn -0.5606 -0.3589 0.7462
vn -0.5364 -0.3850 0.7510
vn -0.5219 -0.4182 0.7434
vn -0.4923 -0.4454 0.7478
vn -0.4775 -0.4733 0.7403
vn -0.4421 -0.5010 0.7440
vn -0.4276 -0.5235 0.7369
vn -0.3864 -0.5510 0.7397
vn -0.3732 -0.5684 0.7332
vn -0.3257 -0.5949 0.7349
vn -0.3144 -0.6076 0.7294
vn -0.2607 -0.6322 0.7297
vn -0.2521 -0.6405 0.7254
vn -0.1922 -0.6624 0.7241
vn -0.1865 -0.6670 0.7213
vn -0.1210 -0.6853 0.7181
s 0
f 1//1 2//1 3//1
f 3//1 2//1 4//1
f 4//1 2//1 5//1
f 4//1 5//1 6//1
f 6//1 5//1 7//1
f 6//1 7//1 8//1
f 8//1 7//1 9//1
f 9//1 7//1 10//1
f 10//1 7//1 11//1
f 11//1 7//1 12//1
f 12//1 7//1 13//1
f 13//1 7//1 14//1
f 14//1 7//1 15//1
f 15//1 7//1 16//1
f 16//1 7//1 17//1
f 17//1 7//1 18//1
f 17//1 18//1 19//1
f 19//1 18//1 20//1
f 20//1 18//1 21//1
f 21//1 18//1 22//1
f 22//1 18//1 23//1
f 23//1 18//1 24//1
f 24//1 18//1 25//1
f 25//1 18//1 26//1
f 26//1 18//1 27//1
f 27//1 18//1 28//1
f 27//1 28//1 29//1
f 29//1 28//1 30//1
f 29//1 30//1 31//1
f 31//1 30//1 32//1
f 31//1 32//1 33//1
f 33//1 32//1 34//1
f 33//1 34//1 35//1
f 36//2 37//2 38//2
f 38//3 37//3 39//3
f 38//4 39//4 40//4
f 40//5 39//5 41//5
f 41//5 39//5 42//5
f 41//6 42//6 43//6
f 43//6 42//6 44//6
f 44//6 42//6 45//6
f 37//7 36//7 46//7
f 46//8 36//8 47//8
f 46//9 47//9 48//9
f 48//10 47//10 49//10
f 48//11 49//11 50//11
f 50//12 49//12 51//12
f 50//13 51//13 52//13
f 52//14 51//14 53//14
f 52//15 53//15 54//15
f 54//16 53//16 55//16
f 54//17 55//17 56//17
f 56//18 55//18 57//18
f 56//19 57//19 58//19
f 58//20 57//20 59//20
f 58//21 59//21 60//21
f 60//22 59//22 61//22
f 60//23 61//23 62//23
f 62//24 61//24 63//24
f 62//25 63//25 64//25
f 64//26 63//26 65//26
f 64//27 65//27 66//27
f 66//28 65//28 67//28
f 66//29 67//29 68//29
f 68//30 67//30 69//30
f 43//6 70//6 41//6
f 38//31 40//31 71//31
f 71//32 40//32 72//32
f 71//33 72//33 73//33
f 73//34 72//34 74//34
f 73//35 74//35 75//35
f 75//36 74//36 76//36
f 75//37 76//37 77//37
f 77//38 76//38 78//38
f 77//39 78//39 79//39
f 79//40 78//40 80//40
f 79//41 80//41 81//41
f 81//42 80//42 82//42
f 81//43 82//43 83//43
f 83//44 82//44 84//44
f 83//45 84//45 85//45
f 85//46 84//46 86//46
f 85//47 86//47 87//47
f 87//48 86//48 88//48
f 87//49 88//49 89//49
f 89//50 88//50 90//50
f 89//51 90//51 91//51
f 91//52 90//52 92//52
f 91//53 92//53 93//53
f 93//54 92//54 94//54
f 93//55 94//55 95//55
f 95//56 94//56 96//56
f 95//30 96//30 97//30
f 98//1 99//1 100//1
f 100//1 99//1 101//1
f 100//1 101//1 102//1
f 102//1 103//1 100//1
f 100//1 103//1 104//1
f 100//1 104//1 105//1
f 105//1 106//1 100//1
f 100//1 106//1 107//1
f 100//1 107//1 108//1
f 107//1 106//1 109//1
f 109//1 106//1 110//1
f 109//1 110//1 111//1
f 111//1 110//1 112//1
f 108//1 113//1 100//1
f 100//1 113//1 114//1
f 100//1 114//1 59//1
f 59//1 114//1 61//1
f 61//1 114//1 63//1
f 63//1 114//1 69//1
f 63//1 69//1 65//1
f 65//1 69//1 67//1
f 59//1 57//1 100//1
f 100//1 57//1 55//1
f 100//1 55//1 53//1
f 53//1 51//1 100//1
f 100//1 51//1 49//1
f 100//1 49//1 115//1
f 115//1 49//1 47//1
f 115//1 47//1 36//1
f 36//1 38//1 115//1
f 116//57 117//57 71//57
f 71//57 117//57 118//57
f 71//57 118//57 119//57
f 116//57 120//57 117//57
f 71//57 119//57 38//57
f 38//57 119//57 121//57
f 38//57 121//57 115//57
f 115//57 121//57 122//57
f 68//58 69//58 123//58
f 123//58 69//58 114//58
f 123//59 114//59 124//59
f 124//59 114//59 113//59
f 124//60 113//60 125//60
f 125//60 113//60 108//60
f 125//61 108//61 126//61
f 126//61 108//61 107//61
f 126//62 107//62 127//62
f 127//62 107//62 109//62
f 127//63 128//63 126//63
f 126//63 128//63 129//63
f 126//63 129//63 125//63
f 125//63 129//63 130//63
f 125//63 130//63 131//63
f 125//63 131//63 124//63
f 124//63 131//63 132//63
f 124//63 132//63 123//63
f 123//63 132//63 133//63
f 123//63 133//63 68//63
f 68//63 133//63 134//63
f 68//63 134//63 66//63
f 66//63 134//63 64//63
f 64//63 134//63 62//63
f 62//63 134//63 60//63
f 60//63 134//63 58//63
f 58//63 134//63 56//63
f 56//63 134//63 54//63
f 54//63 134//63 52//63
f 52//63 134//63 50//63
f 50//63 134//63 135//63
f 50//63 135//63 48//63
f 48//63 135//63 46//63
f 46//63 135//63 37//63
f 37//63 135//63 39//63
f 39//63 135//63 42//63
f 42//63 135//63 45//63
f 45//63 135//63 136//63
f 45//63 136//63 137//63
f 137//63 136//63 138//63
f 137//63 138//63 139//63
f 139//63 140//63 137//63
f 137//63 140//63 141//63
f 141//63 140//63 142//63
f 141//63 142//63 143//63
f 143//63 144//63 141//63
f 141//63 144//63 145//63
f 145//64 146//64 141//64
f 141//64 146//64 147//64
f 141//65 147//65 137//65
f 137//65 147//65 148//65
f 137//66 148//66 45//66
f 45//66 148//66 44//66
f 149//1 150//1 151//1
f 151//1 150//1 152//1
f 151//1 152//1 153//1
f 153//1 152//1 154//1
f 153//1 154//1 155//1
f 155//1 154//1 156//1
f 155//1 156//1 147//1
f 147//1 156//1 157//1
f 147//1 157//1 148//1
f 148//1 157//1 158//1
f 148//1 158//1 44//1
f 147//1 146//1 155//1
f 155//1 146//1 159//1
f 159//1 146//1 160//1
f 161//67 162//67 163//67
f 163//68 162//68 149//68
f 163//67 149//67 164//67
f 164//67 149//67 165//67
f 149//69 162//69 150//69
f 150//69 162//69 166//69
f 150//70 166//70 152//70
f 152//70 166//70 167//70
f 152//71 167//71 154//71
f 154//71 167//71 168//71
f 154//72 168//72 156//72
f 156//72 168//72 169//72
f 156//73 169//73 157//73
f 157//73 169//73 170//73
f 157//74 170//74 158//74
f 158//74 170//74 171//74
f 158//75 171//75 44//75
f 44//75 171//75 43//75
f 43//63 171//63 172//63
f 172//63 171//63 170//63
f 172//63 170//63 173//63
f 173//63 170//63 169//63
f 173//63 169//63 174//63
f 174//63 169//63 168//63
f 174//63 168//63 175//63
f 175//63 168//63 167//63
f 175//63 167//63 176//63
f 176//63 167//63 166//63
f 176//63 166//63 162//63
f 173//63 174//63 177//63
f 177//63 174//63 178//63
f 177//63 178//63 179//63
f 70//66 43//66 180//66
f 180//66 43//66 172//66
f 180//65 172//65 181//65
f 181//65 172//65 173//65
f 181//64 173//64 182//64
f 182//64 173//64 177//64
f 182//1 183//1 181//1
f 181//1 183//1 184//1
f 181//1 184//1 185//1
f 185//1 186//1 181//1
f 181//1 186//1 180//1
f 180//1 186//1 187//1
f 180//1 187//1 188//1
f 188//1 189//1 180//1
f 180//1 189//1 70//1
f 70//1 189//1 190//1
f 70//1 190//1 41//1
f 41//1 190//1 40//1
f 40//1 190//1 72//1
f 72//1 190//1 74//1
f 74//1 190//1 76//1
f 76//1 190//1 78//1
f 78//1 190//1 191//1
f 78//1 191//1 80//1
f 80//1 191//1 82//1
f 82//1 191//1 84//1
f 84//1 191//1 86//1
f 86//1 191//1 88//1
f 88//1 191//1 90//1
f 90//1 191//1 92//1
f 92//1 191//1 94//1
f 94//1 191//1 96//1
f 96//1 191//1 192//1
f 96//1 192//1 193//1
f 193//1 192//1 194//1
f 193//1 194//1 195//1
f 195//1 194//1 196//1
f 195//1 196//1 197//1
f 197//1 196//1 198//1
f 197//1 198//1 199//1
f 197//1 199//1 200//1
f 200//1 199//1 201//1
f 200//1 201//1 202//1
f 202//62 203//62 200//62
f 200//62 203//62 204//62
f 200//61 204//61 197//61
f 197//61 204//61 205//61
f 197//60 205//60 195//60
f 195//60 205//60 206//60
f 195//59 206//59 193//59
f 193//59 206//59 207//59
f 193//58 207//58 96//58
f 96//58 207//58 97//58
f 208//63 209//63 210//63
f 210//63 209//63 211//63
f 211//63 209//63 212//63
f 212//63 209//63 213//63
f 213//63 209//63 214//63
f 214//63 209//63 204//63
f 214//63 204//63 203//63
f 116//63 77//63 209//63
f 209//63 77//63 79//63
f 209//63 79//63 81//63
f 71//63 73//63 116//63
f 116//63 73//63 75//63
f 116//63 75//63 77//63
f 81//63 83//63 209//63
f 209//63 83//63 85//63
f 209//63 85//63 87//63
f 209//63 87//63 207//63
f 207//63 87//63 89//63
f 207//63 89//63 91//63
f 207//63 91//63 97//63
f 97//63 91//63 93//63
f 97//63 93//63 95//63
f 207//63 206//63 209//63
f 209//63 206//63 205//63
f 209//63 205//63 204//63
f 214//63 203//63 215//63
f 215//63 203//63 216//63
f 215//63 216//63 217//63
f 116//76 209//76 120//76
f 120//76 209//76 218//76
f 120//77 218//77 117//77
f 117//77 218//77 219//77
f 117//78 219//78 118//78
f 118//78 219//78 220//78
f 118//79 220//79 119//79
f 119//79 220//79 221//79
f 119//80 221//80 121//80
f 121//80 221//80 222//80
f 121//81 222//81 122//81
f 122//81 222//81 223//81
f 122//82 223//82 115//82
f 115//82 223//82 100//82
f 100//57 223//57 98//57
f 98//57 223//57 222//57
f 98//57 222//57 221//57
f 221//57 220//57 98//57
f 98//57 220//57 208//57
f 208//57 220//57 219//57
f 208//57 219//57 218//57
f 218//57 209//57 208//57
f 155//83 159//83 224//83
f 224//84 159//84 225//84
f 224//85 225//85 226//85
f 159//86 160//86 225//86
f 225//87 160//87 145//87
f 225//88 145//88 227//88
f 227//89 145//89 144//89
f 227//90 144//90 228//90
f 228//91 144//91 143//91
f 228//92 143//92 229//92
f 229//93 143//93 142//93
f 229//94 142//94 230//94
f 230//95 142//95 140//95
f 230//96 140//96 231//96
f 231//97 140//97 139//97
f 231//98 139//98 232//98
f 232//99 139//99 138//99
f 232//100 138//100 233//100
f 233//101 138//101 136//101
f 233//102 136//102 234//102
f 234//103 136//103 135//103
f 234//104 135//104 235//104
f 235//105 135//105 134//105
f 235//106 134//106 236//106
f 236//107 134//107 133//107
f 236//108 133//108 237//108
f 237//109 133//109 132//109
f 237//110 132//110 131//110
f 160//111 146//111 145//111
f 237//112 131//112 238//112
f 238//113 131//113 130//113
f 238//114 130//114 239//114
f 239//115 130//115 129//115
f 239//116 129//116 240//116
f 240//117 129//117 128//117
f 240//118 128//118 241//118
f 241//119 128//119 127//119
f 241//120 127//120 242//120
f 242//121 127//121 109//121
f 242//122 109//122 111//122
f 242//123 111//123 243//123
f 243//124 111//124 112//124
f 243//125 112//125 244//125
f 244//126 112//126 110//126
f 244//127 110//127 245//127
f 244//128 245//128 246//128
f 246//129 245//129 247//129
f 246//130 247//130 248//130
f 248//131 247//131 249//131
f 248//132 249//132 250//132
f 250//133 249//133 251//133
f 250//134 251//134 252//134
f 252//135 251//135 253//135
f 252//136 253//136 254//136
f 254//137 253//137 255//137
f 254//138 255//138 256//138
f 256//139 255//139 257//139
f 256//140 257//140 258//140
f 258//141 257//141 259//141
f 258//142 259//142 260//142
f 260//143 259//143 261//143
f 260//144 261//144 262//144
f 262//145 261//145 263//145
f 262//146 263//146 264//146
f 264//147 263//147 265//147
f 264//148 265//148 266//148
f 266//149 265//149 267//149
f 266//150 267//150 268//150
f 268//151 267//151 269//151
f 268//152 269//152 270//152
f 270//153 269//153 271//153
f 270//154 271//154 272//154
f 272//155 271//155 273//155
f 272//156 273//156 274//156
f 274//157 273//157 275//157
f 274//158 275//158 226//158
f 226//159 275//159 224//159
f 165//160 149//160 276//160
f 276//160 149//160 151//160
f 276//161 151//161 277//161
f 277//161 151//161 153//161
f 277//162 153//162 224//162
f 224//162 153//162 155//162
f 245//163 110//163 278//163
f 278//163 110//163 106//163
f 278//164 106//164 279//164
f 279//164 106//164 105//164
f 279//165 105//165 280//165
f 280//165 105//165 104//165
f 280//166 104//166 281//166
f 281//166 104//166 103//166
f 224//63 275//63 277//63
f 277//63 275//63 273//63
f 277//63 273//63 271//63
f 277//63 271//63 276//63
f 276//63 271//63 269//63
f 276//63 269//63 165//63
f 165//63 269//63 267//63
f 165//63 267//63 164//63
f 164//63 267//63 282//63
f 282//63 267//63 265//63
f 282//63 265//63 283//63
f 283//63 265//63 263//63
f 283//63 263//63 284//63
f 284//63 263//63 261//63
f 284//63 261//63 285//63
f 285//63 261//63 259//63
f 285//63 259//63 286//63
f 286//63 259//63 257//63
f 286//63 257//63 287//63
f 287//63 257//63 255//63
f 287//63 255//63 288//63
f 288//63 255//63 281//63
f 281//63 255//63 280//63
f 280//63 255//63 253//63
f 280//63 253//63 251//63
f 280//63 251//63 279//63
f 279//63 251//63 249//63
f 279//63 249//63 278//63
f 278//63 249//63 247//63
f 278//63 247//63 245//63
f 287//63 289//63 286//63
f 286//63 289//63 290//63
f 290//63 289//63 291//63
f 291//63 289//63 292//63
f 291//63 292//63 293//63
f 293//63 292//63 294//63
f 293//63 294//63 295//63
f 295//63 294//63 296//63
f 295//63 296//63 297//63
f 297//63 296//63 298//63
f 297//63 298//63 299//63
f 299//63 298//63 300//63
f 299//63 300//63 301//63
f 301//63 302//63 299//63
f 299//63 302//63 303//63
f 235//63 236//63 234//63
f 234//63 236//63 237//63
f 234//63 237//63 233//63
f 233//63 237//63 238//63
f 233//63 238//63 232//63
f 232//63 238//63 239//63
f 232//63 239//63 240//63
f 240//63 241//63 232//63
f 232//63 241//63 242//63
f 232//63 242//63 243//63
f 243//63 244//63 232//63
f 232//63 244//63 246//63
f 232//63 246//63 248//63
f 248//63 250//63 232//63
f 232//63 250//63 252//63
f 232//63 252//63 231//63
f 231//63 252//63 254//63
f 231//63 254//63 256//63
f 256//63 258//63 231//63
f 231//63 258//63 260//63
f 231//63 260//63 262//63
f 262//63 264//63 231//63
f 231//63 264//63 266//63
f 231//63 266//63 268//63
f 268//63 270//63 231//63
f 231//63 270//63 230//63
f 230//63 270//63 272//63
f 230//63 272//63 229//63
f 229//63 272//63 274//63
f 229//63 274//63 228//63
f 228//63 274//63 226//63
f 228//63 226//63 227//63
f 227//63 226//63 225//63
f 304//167 305//167 296//167
f 296//168 305//168 306//168
f 296//168 306//168 298//168
f 296//169 294//169 304//169
f 304//170 294//170 307//170
f 307//171 294//171 292//171
f 307//172 292//172 208//172
f 208//172 292//172 98//172
f 98//173 292//173 289//173
f 98//174 289//174 99//174
f 99//175 289//175 287//175
f 99//176 287//176 101//176
f 101//177 287//177 102//177
f 102//178 287//178 103//178
f 103//179 287//179 288//179
f 103//180 288//180 281//180
f 307//181 208//181 308//181
f 308//182 208//182 210//182
f 308//183 210//183 309//183
f 309//184 210//184 211//184
f 309//179 211//179 310//179
f 310//180 211//180 311//180
f 312//185 313//185 314//185
f 314//186 313//186 301//186
f 314//187 301//187 300//187
f 303//188 302//188 313//188
f 313//189 302//189 301//189
f 298//190 306//190 300//190
f 300//191 306//191 314//191
f 306//192 305//192 314//192
f 315//193 316//193 317//193
f 317//194 316//194 297//194
f 317//195 297//195 299//195
f 316//196 318//196 297//196
f 297//197 318//197 295//197
f 295//198 318//198 319//198
f 295//199 319//199 320//199
f 295//200 320//200 293//200
f 293//201 320//201 321//201
f 293//202 321//202 291//202
f 291//203 321//203 322//203
f 291//204 322//204 290//204
f 290//205 322//205 323//205
f 290//206 323//206 286//206
f 286//207 323//207 324//207
f 286//208 324//208 285//208
f 285//209 324//209 325//209
f 285//209 325//209 284//209
f 284//210 325//210 326//210
f 284//210 326//210 283//210
f 283//211 326//211 327//211
f 283//211 327//211 282//211
f 282//212 327//212 163//212
f 282//212 163//212 164//212
f 312//1 314//1 315//1
f 315//1 314//1 305//1
f 315//1 305//1 316//1
f 316//1 305//1 318//1
f 318//1 305//1 304//1
f 318//1 304//1 319//1
f 319//1 304//1 320//1
f 320//1 304//1 307//1
f 320//1 307//1 321//1
f 321//1 307//1 308//1
f 321//1 308//1 322//1
f 322//1 308//1 323//1
f 323//1 308//1 309//1
f 323//1 309//1 328//1
f 328//1 309//1 329//1
f 329//1 309//1 310//1
f 329//1 310//1 311//1
f 311//1 330//1 329//1
f 329//1 330//1 331//1
f 331//1 330//1 332//1
f 332//1 330//1 333//1
f 332//1 333//1 334//1
f 334//1 333//1 335//1
f 334//1 335//1 336//1
f 336//1 335//1 337//1
f 323//1 328//1 324//1
f 324//1 328//1 338//1
f 324//1 338//1 339//1
f 324//1 339//1 325//1
f 325//1 339//1 340//1
f 325//1 340//1 326//1
f 326//1 340//1 341//1
f 326//1 341//1 327//1
f 327//1 341//1 342//1
f 327//1 342//1 163//1
f 163//1 342//1 161//1
f 161//1 342//1 343//1
f 161//1 343//1 344//1
f 344//1 343//1 345//1
f 344//1 345//1 346//1
f 346//1 345//1 347//1
f 346//1 347//1 348//1
f 348//1 349//1 346//1
f 349//162 174//162 346//162
f 346//162 174//162 175//162
f 346//161 175//161 344//161
f 344//161 175//161 176//161
f 344//160 176//160 161//160
f 161//160 176//160 162//160
f 348//213 33//213 349//213
f 349//214 33//214 35//214
f 349//215 35//215 178//215
f 178//216 35//216 179//216
f 179//217 35//217 182//217
f 179//111 182//111 177//111
f 33//218 348//218 31//218
f 31//219 348//219 347//219
f 31//220 347//220 29//220
f 29//221 347//221 345//221
f 29//222 345//222 27//222
f 27//223 345//223 343//223
f 27//224 343//224 26//224
f 26//225 343//225 342//225
f 26//226 342//226 25//226
f 25//227 342//227 341//227
f 25//228 341//228 24//228
f 24//229 341//229 340//229
f 24//230 340//230 23//230
f 23//231 340//231 339//231
f 23//232 339//232 22//232
f 22//233 339//233 338//233
f 22//234 338//234 21//234
f 21//235 338//235 328//235
f 21//236 328//236 20//236
f 20//237 328//237 329//237
f 20//238 329//238 19//238
f 19//239 329//239 331//239
f 19//240 331//240 17//240
f 17//241 331//241 332//241
f 17//242 332//242 16//242
f 16//243 332//243 334//243
f 16//244 334//244 15//244
f 15//245 334//245 336//245
f 15//246 336//246 14//246
f 14//247 336//247 337//247
f 14//248 337//248 13//248
f 13//127 337//127 215//127
f 13//249 215//249 217//249
f 13//250 217//250 12//250
f 12//251 217//251 216//251
f 12//252 216//252 11//252
f 11//253 216//253 203//253
f 11//121 203//121 202//121
f 11//254 202//254 10//254
f 10//255 202//255 201//255
f 10//256 201//256 9//256
f 9//257 201//257 199//257
f 9//258 199//258 8//258
f 8//259 199//259 198//259
f 8//260 198//260 6//260
f 6//261 198//261 196//261
f 6//262 196//262 4//262
f 4//263 196//263 194//263
f 4//264 194//264 192//264
f 4//265 192//265 3//265
f 3//266 192//266 191//266
f 3//267 191//267 1//267
f 1//268 191//268 190//268
f 1//269 190//269 2//269
f 2//270 190//270 189//270
f 2//271 189//271 5//271
f 5//272 189//272 188//272
f 5//273 188//273 7//273
f 7//274 188//274 187//274
f 7//275 187//275 18//275
f 18//276 187//276 186//276
f 18//277 186//277 28//277
f 28//278 186//278 185//278
f 28//279 185//279 30//279
f 30//280 185//280 184//280
f 30//281 184//281 32//281
f 32//282 184//282 183//282
f 32//283 183//283 34//283
f 34//284 183//284 182//284
f 34//285 182//285 35//285
f 178//83 174//83 349//83
f 311//166 211//166 330//166
f 330//166 211//166 212//166
f 330//165 212//165 333//165
f 333//165 212//165 213//165
f 333//164 213//164 335//164
f 335//164 213//164 214//164
f 335//163 214//163 337//163
f 337//163 214//163 215//163
f 350//286 351//286 352//286
f 352//287 351//287 353//287
f 353//288 351//288 354//288
f 353//289 354//289 355//289
f 355//290 354//290 356//290
f 355//291 356//291 357//291
f 357//292 356//292 358//292
f 357//293 358//293 359//293
f 357//294 359//294 360//294
f 360//295 359//295 361//295
f 360//296 361//296 362//296
f 362//297 361//297 363//297
f 362//298 363//298 364//298
f 364//299 363//299 365//299
f 366//300 367//300 368//300
f 368//301 367//301 369//301
f 368//302 369//302 370//302
f 370//303 369//303 371//303
f 370//304 371//304 372//304
f 372//305 371//305 373//305
f 372//306 373//306 374//306
f 374//307 373//307 375//307
f 374//308 375//308 376//308
f 376//309 375//309 377//309
f 376//310 377//310 378//310
f 378//311 377//311 379//311
f 378//312 379//312 380//312
f 380//313 379//313 381//313
f 380//314 381//314 382//314
f 383//315 384//315 385//315
f 385//315 384//315 386//315
f 387//315 388//315 389//315
f 389//315 388//315 390//315
f 391//316 392//316 393//316
f 393//316 392//316 394//316
f 393//317 394//317 395//317
f 395//317 394//317 396//317
f 395//318 396//318 397//318
f 397//318 396//318 398//318
f 397//319 398//319 399//319
f 399//319 398//319 400//319
f 401//315 392//315 402//315
f 402//315 392//315 391//315
f 403//320 404//320 405//320
f 405//320 404//320 406//320
f 405//321 406//321 407//321
f 407//322 406//322 408//322
f 407//323 408//323 409//323
f 409//323 408//323 410//323
f 409//324 410//324 411//324
f 411//324 410//324 412//324
f 411//325 412//325 413//325
f 413//325 412//325 414//325
f 415//63 416//63 417//63
f 417//63 416//63 418//63
f 417//63 418//63 419//63
f 419//63 420//63 417//63
f 417//63 420//63 421//63
f 417//63 421//63 422//63
f 422//63 423//63 417//63
f 417//63 423//63 404//63
f 404//63 423//63 424//63
f 404//63 424//63 425//63
f 426//63 427//63 423//63
f 423//63 427//63 428//63
f 423//63 428//63 424//63
f 424//63 428//63 429//63
f 424//63 429//63 430//63
f 430//63 429//63 431//63
f 430//63 431//63 432//63
f 432//63 431//63 433//63
f 432//63 433//63 434//63
f 427//63 426//63 435//63
f 435//63 426//63 436//63
f 435//63 436//63 437//63
f 437//63 436//63 438//63
f 437//63 438//63 439//63
f 440//63 441//63 427//63
f 427//63 441//63 442//63
f 427//63 442//63 428//63
f 428//63 442//63 443//63
f 443//63 442//63 444//63
f 443//63 444//63 445//63
f 446//63 447//63 440//63
f 440//63 447//63 448//63
f 440//63 448//63 449//63
f 449//63 450//63 440//63
f 440//63 450//63 451//63
f 440//63 451//63 441//63
f 445//63 452//63 443//63
f 443//63 452//63 453//63
f 443//63 453//63 454//63
f 454//63 455//63 443//63
f 404//63 425//63 406//63
f 406//63 425//63 456//63
f 406//63 456//63 457//63
f 457//63 458//63 406//63
f 406//63 458//63 459//63
f 406//63 459//63 460//63
f 460//63 461//63 406//63
f 406//63 461//63 462//63
f 406//63 462//63 408//63
f 408//63 462//63 463//63
f 408//63 463//63 410//63
f 410//63 463//63 412//63
f 412//63 463//63 414//63
f 464//63 465//63 417//63
f 417//63 465//63 415//63
f 417//326 404//326 466//326
f 466//326 404//326 403//326
f 413//327 414//327 467//327
f 467//327 414//327 468//327
f 468//327 414//327 469//327
f 469//327 414//327 463//327
f 413//63 467//63 466//63
f 466//63 467//63 470//63
f 466//63 470//63 388//63
f 388//63 470//63 471//63
f 388//63 471//63 386//63
f 386//63 471//63 385//63
f 388//63 387//63 466//63
f 466//63 403//63 413//63
f 413//63 403//63 411//63
f 411//63 403//63 409//63
f 409//63 403//63 407//63
f 407//63 403//63 405//63
f 472//328 473//328 474//328
f 474//329 473//329 475//329
f 474//330 475//330 476//330
f 474//331 476//331 477//331
f 477//332 476//332 478//332
f 477//333 478//333 479//333
f 479//334 478//334 480//334
f 479//335 480//335 481//335
f 479//336 481//336 482//336
f 482//337 481//337 483//337
f 482//338 483//338 484//338
f 484//339 483//339 485//339
f 484//340 485//340 486//340
f 486//341 485//341 487//341
f 487//342 485//342 488//342
f 487//343 488//343 489//343
f 489//344 488//344 490//344
f 489//345 490//345 491//345
f 491//346 490//346 492//346
f 492//347 490//347 493//347
f 492//348 493//348 494//348
f 474//349 495//349 496//349
f 496//350 495//350 497//350
f 496//351 497//351 498//351
f 498//352 497//352 499//352
f 498//353 499//353 500//353
f 500//354 499//354 501//354
f 496//355 472//355 474//355
f 298//356 502//356 305//356
f 305//356 502//356 503//356
f 503//357 502//357 504//357
f 503//357 504//357 307//357
f 505//63 303//63 506//63
f 506//63 303//63 507//63
f 506//63 507//63 508//63
f 505//63 509//63 303//63
f 303//63 509//63 299//63
f 303//63 299//63 510//63
f 510//63 299//63 511//63
f 510//63 511//63 298//63
f 298//63 511//63 512//63
f 298//63 512//63 502//63
f 502//63 512//63 513//63
f 502//63 513//63 514//63
f 515//63 504//63 514//63
f 514//63 504//63 502//63
f 508//63 501//63 506//63
f 506//63 501//63 499//63
f 506//63 499//63 497//63
f 497//63 495//63 506//63
f 516//1 312//1 315//1
f 315//1 312//1 517//1
f 315//1 517//1 518//1
f 518//1 517//1 305//1
f 518//1 305//1 519//1
f 519//1 305//1 503//1
f 519//1 503//1 520//1
f 520//1 503//1 521//1
f 521//1 503//1 307//1
f 521//1 307//1 322//1
f 516//1 522//1 312//1
f 312//1 522//1 523//1
f 523//1 522//1 524//1
f 524//1 522//1 500//1
f 500//1 522//1 525//1
f 500//1 525//1 498//1
f 498//1 525//1 496//1
f 496//1 525//1 472//1
f 472//1 525//1 473//1
f 473//1 525//1 475//1
f 475//1 525//1 476//1
f 315//358 518//358 299//358
f 299//358 518//358 511//358
f 511//359 518//359 519//359
f 511//359 519//359 512//359
f 512//360 519//360 520//360
f 512//360 520//360 513//360
f 513//361 520//361 521//361
f 513//361 521//361 514//361
f 514//362 521//362 322//362
f 514//362 322//362 515//362
f 322//79 307//79 515//79
f 515//79 307//79 504//79
f 526//363 527//363 491//363
f 491//364 527//364 489//364
f 489//365 527//365 528//365
f 489//366 528//366 487//366
f 487//367 528//367 529//367
f 487//368 529//368 486//368
f 486//369 529//369 484//369
f 484//370 529//370 530//370
f 484//371 530//371 482//371
f 482//372 530//372 531//372
f 482//373 531//373 479//373
f 479//374 531//374 532//374
f 479//375 532//375 477//375
f 477//376 532//376 533//376
f 477//377 533//377 474//377
f 474//378 533//378 506//378
f 474//379 506//379 495//379
f 525//380 534//380 476//380
f 476//381 534//381 478//381
f 478//382 534//382 535//382
f 478//383 535//383 480//383
f 480//384 535//384 481//384
f 481//385 535//385 536//385
f 481//386 536//386 483//386
f 483//387 536//387 537//387
f 538//388 539//388 540//388
f 540//389 539//389 541//389
f 541//390 539//390 542//390
f 541//391 542//391 543//391
f 543//392 542//392 544//392
f 543//393 544//393 545//393
f 545//394 544//394 546//394
f 545//395 546//395 547//395
f 547//396 546//396 548//396
f 547//397 548//397 549//397
f 549//398 548//398 550//398
f 549//399 550//399 551//399
f 549//400 551//400 552//400
f 552//401 551//401 553//401
f 552//402 553//402 554//402
f 554//403 553//403 555//403
f 554//404 555//404 350//404
f 350//405 555//405 366//405
f 350//406 366//406 351//406
f 351//407 366//407 368//407
f 351//408 368//408 354//408
f 354//409 368//409 370//409
f 354//410 370//410 356//410
f 356//411 370//411 372//411
f 356//412 372//412 358//412
f 358//413 372//413 374//413
f 358//414 374//414 359//414
f 359//415 374//415 376//415
f 359//416 376//416 361//416
f 361//417 376//417 378//417
f 361//418 378//418 363//418
f 363//419 378//419 365//419
f 365//420 378//420 380//420
f 365//421 380//421 382//421
f 382//422 556//422 365//422
f 365//423 556//423 557//423
f 557//424 556//424 558//424
f 557//425 558//425 559//425
f 560//426 561//426 559//426
f 559//427 561//427 562//427
f 559//428 562//428 557//428
f 557//429 562//429 563//429
f 563//430 562//430 564//430
f 563//431 564//431 565//431
f 565//432 564//432 566//432
f 565//433 566//433 567//433
f 567//434 566//434 568//434
f 567//435 568//435 569//435
f 569//436 568//436 570//436
f 569//437 570//437 490//437
f 490//438 570//438 493//438
f 493//439 570//439 571//439
f 493//440 571//440 560//440
f 560//441 571//441 572//441
f 560//442 572//442 561//442
f 569//443 490//443 573//443
f 573//444 490//444 488//444
f 573//445 488//445 574//445
f 574//446 488//446 575//446
f 575//447 488//447 485//447
f 575//448 485//448 576//448
f 576//449 485//449 483//449
f 576//450 483//450 537//450
f 577//451 578//451 560//451
f 560//452 578//452 579//452
f 560//453 579//453 493//453
f 493//454 579//454 494//454
f 560//455 559//455 577//455
f 577//456 559//456 580//456
f 580//457 559//457 581//457
f 582//458 583//458 584//458
f 584//459 583//459 492//459
f 584//460 492//460 494//460
f 583//461 582//461 585//461
f 585//462 582//462 586//462
f 585//463 586//463 587//463
f 587//464 586//464 588//464
f 587//465 588//465 589//465
f 589//466 588//466 590//466
f 526//467 491//467 583//467
f 583//468 491//468 492//468
f 584//469 494//469 591//469
f 591//470 494//470 579//470
f 591//471 579//471 592//471
f 592//472 579//472 578//472
f 592//473 578//473 593//473
f 526//474 573//474 527//474
f 527//475 573//475 574//475
f 527//476 574//476 528//476
f 528//477 574//477 575//477
f 528//478 575//478 529//478
f 529//479 575//479 576//479
f 529//480 576//480 530//480
f 530//481 576//481 537//481
f 530//482 537//482 531//482
f 531//483 537//483 536//483
f 531//484 536//484 535//484
f 531//485 535//485 532//485
f 532//486 535//486 534//486
f 532//487 534//487 533//487
f 533//488 534//488 525//488
f 533//489 525//489 522//489
f 533//490 522//490 506//490
f 506//491 522//491 516//491
f 506//492 516//492 315//492
f 299//493 509//493 315//493
f 315//494 509//494 505//494
f 315//495 505//495 506//495
f 353//63 594//63 352//63
f 352//63 594//63 595//63
f 352//63 595//63 596//63
f 596//63 595//63 597//63
f 597//63 595//63 598//63
f 597//63 598//63 599//63
f 599//63 598//63 600//63
f 599//63 600//63 601//63
f 601//63 600//63 602//63
f 601//63 602//63 603//63
f 603//63 602//63 604//63
f 603//63 604//63 605//63
f 605//63 604//63 606//63
f 605//63 606//63 607//63
f 607//63 606//63 608//63
f 607//63 608//63 609//63
f 609//63 608//63 610//63
f 609//63 610//63 611//63
f 611//63 610//63 399//63
f 399//63 610//63 612//63
f 399//63 612//63 397//63
f 397//63 612//63 613//63
f 397//63 613//63 614//63
f 594//63 353//63 615//63
f 615//63 353//63 355//63
f 615//63 355//63 616//63
f 616//63 355//63 357//63
f 616//63 357//63 617//63
f 617//63 357//63 360//63
f 617//63 360//63 618//63
f 618//63 360//63 362//63
f 618//63 362//63 619//63
f 619//63 362//63 364//63
f 619//63 364//63 620//63
f 620//63 364//63 621//63
f 621//63 364//63 469//63
f 469//63 364//63 468//63
f 468//63 364//63 622//63
f 468//63 622//63 623//63
f 623//63 622//63 624//63
f 624//63 622//63 625//63
f 624//63 625//63 383//63
f 383//63 625//63 626//63
f 383//63 626//63 589//63
f 589//63 590//63 383//63
f 383//63 590//63 384//63
f 397//63 614//63 395//63
f 395//63 614//63 627//63
f 395//63 627//63 393//63
f 393//63 627//63 628//63
f 393//63 628//63 391//63
f 391//63 628//63 629//63
f 391//63 629//63 630//63
f 630//63 631//63 391//63
f 391//63 631//63 632//63
f 391//63 632//63 402//63
f 402//63 632//63 633//63
f 402//63 633//63 634//63
f 634//63 635//63 402//63
f 402//63 635//63 636//63
f 636//63 635//63 637//63
f 636//63 637//63 638//63
f 638//63 637//63 639//63
f 638//63 639//63 640//63
f 640//63 639//63 641//63
f 640//63 641//63 642//63
f 640//63 642//63 643//63
f 643//63 642//63 644//63
f 643//63 644//63 645//63
f 645//63 644//63 646//63
f 646//63 644//63 647//63
f 646//63 647//63 648//63
f 648//63 647//63 649//63
f 648//63 649//63 650//63
f 650//63 649//63 651//63
f 650//63 651//63 652//63
f 652//63 651//63 653//63
f 652//63 653//63 654//63
f 654//63 653//63 655//63
f 654//63 655//63 656//63
f 656//63 655//63 657//63
f 656//63 657//63 658//63
f 658//63 657//63 659//63
f 658//63 659//63 660//63
f 660//63 659//63 367//63
f 367//63 659//63 661//63
f 367//63 661//63 369//63
f 369//63 661//63 662//63
f 369//63 662//63 371//63
f 371//63 662//63 663//63
f 371//63 663//63 373//63
f 373//63 663//63 664//63
f 373//63 664//63 375//63
f 375//63 664//63 377//63
f 377//63 664//63 665//63
f 377//63 665//63 379//63
f 379//63 665//63 666//63
f 379//63 666//63 667//63
f 379//63 667//63 381//63
f 381//63 667//63 668//63
f 381//63 668//63 669//63
f 669//63 389//63 381//63
f 381//63 389//63 581//63
f 581//63 389//63 580//63
f 580//63 389//63 577//63
f 577//63 389//63 578//63
f 578//63 389//63 593//63
f 593//63 389//63 390//63
f 382//496 381//496 556//496
f 556//496 381//496 581//496
f 556//496 581//496 558//496
f 558//496 581//496 559//496
f 570//315 568//315 584//315
f 584//315 568//315 582//315
f 568//497 566//497 582//497
f 582//497 566//497 586//497
f 586//497 566//497 588//497
f 588//497 566//497 564//497
f 588//497 564//497 386//497
f 386//497 564//497 562//497
f 384//497 590//497 386//497
f 386//497 590//497 588//497
f 570//498 584//498 571//498
f 571//498 584//498 591//498
f 571//498 591//498 572//498
f 572//498 591//498 592//498
f 572//498 592//498 388//498
f 388//498 592//498 593//498
f 388//498 593//498 390//498
f 388//498 561//498 572//498
f 573//499 526//499 569//499
f 569//500 526//500 583//500
f 569//501 583//501 585//501
f 569//502 585//502 567//502
f 567//503 585//503 587//503
f 567//504 587//504 565//504
f 565//505 587//505 589//505
f 565//506 589//506 563//506
f 563//507 589//507 626//507
f 563//508 626//508 625//508
f 625//509 622//509 563//509
f 500//510 501//510 524//510
f 524//510 501//510 508//510
f 524//511 508//511 523//511
f 523//511 508//511 507//511
f 523//512 507//512 312//512
f 312//512 507//512 303//512
f 303//513 510//513 312//513
f 312//513 510//513 517//513
f 510//514 298//514 517//514
f 517//514 298//514 305//514
f 365//515 557//515 364//515
f 364//515 557//515 622//515
f 622//515 557//515 563//515
f 466//516 387//516 464//516
f 464//516 387//516 389//516
f 464//516 389//516 669//516
f 464//516 417//516 466//516
f 464//517 669//517 465//517
f 465//517 669//517 668//517
f 465//518 668//518 667//518
f 666//519 416//519 667//519
f 667//519 416//519 415//519
f 667//518 415//518 465//518
f 670//1 671//1 672//1
f 672//1 671//1 400//1
f 672//1 400//1 673//1
f 673//1 400//1 398//1
f 673//1 398//1 674//1
f 674//1 398//1 396//1
f 674//1 396//1 675//1
f 675//1 396//1 394//1
f 675//1 394//1 401//1
f 401//1 394//1 392//1
f 671//1 670//1 676//1
f 676//1 670//1 677//1
f 676//1 677//1 540//1
f 540//1 677//1 538//1
f 541//520 607//520 540//520
f 540//521 607//521 609//521
f 540//522 609//522 676//522
f 676//523 609//523 611//523
f 676//524 611//524 671//524
f 671//525 611//525 399//525
f 671//526 399//526 400//526
f 607//527 541//527 605//527
f 605//528 541//528 543//528
f 605//529 543//529 603//529
f 603//530 543//530 545//530
f 603//531 545//531 601//531
f 601//532 545//532 547//532
f 601//533 547//533 599//533
f 599//534 547//534 549//534
f 599//535 549//535 597//535
f 597//536 549//536 552//536
f 597//537 552//537 596//537
f 596//538 552//538 554//538
f 596//539 554//539 352//539
f 352//540 554//540 350//540
f 401//541 402//541 675//541
f 675//541 402//541 636//541
f 675//542 636//542 674//542
f 674//542 636//542 638//542
f 674//543 638//543 673//543
f 673//543 638//543 640//543
f 673//544 640//544 672//544
f 672//544 640//544 643//544
f 551//545 658//545 553//545
f 553//546 658//546 660//546
f 553//547 660//547 555//547
f 555//548 660//548 367//548
f 555//549 367//549 366//549
f 658//550 551//550 656//550
f 656//551 551//551 550//551
f 656//552 550//552 548//552
f 656//553 548//553 654//553
f 654//554 548//554 546//554
f 654//555 546//555 652//555
f 652//556 546//556 544//556
f 652//557 544//557 650//557
f 650//558 544//558 542//558
f 650//559 542//559 539//559
f 650//560 539//560 648//560
f 648//561 539//561 538//561
f 648//562 538//562 646//562
f 646//563 538//563 677//563
f 646//564 677//564 645//564
f 645//565 677//565 670//565
f 645//566 670//566 643//566
f 643//567 670//567 672//567
f 561//326 388//326 562//326
f 562//326 388//326 386//326
f 678//315 679//315 680//315
f 680//315 679//315 681//315
f 682//498 678//498 683//498
f 683//498 678//498 680//498
f 683//498 680//498 428//498
f 428//498 610//498 683//498
f 684//497 685//497 679//497
f 679//497 685//497 681//497
f 681//497 685//497 427//497
f 427//497 685//497 644//497
f 686//568 687//568 688//568
f 688//568 687//568 689//568
f 688//569 689//569 690//569
f 690//569 689//569 691//569
f 690//570 691//570 692//570
f 692//570 691//570 693//570
f 692//571 693//571 694//571
f 694//571 693//571 695//571
f 696//572 697//572 698//572
f 698//572 697//572 699//572
f 696//573 698//573 700//573
f 700//573 698//573 701//573
f 700//574 701//574 702//574
f 702//574 701//574 703//574
f 702//575 703//575 704//575
f 704//575 703//575 705//575
f 706//576 707//576 708//576
f 708//576 707//576 709//576
f 708//577 709//577 710//577
f 710//577 709//577 711//577
f 710//578 711//578 712//578
f 712//578 711//578 713//578
f 712//579 713//579 714//579
f 714//579 713//579 715//579
f 716//580 717//580 718//580
f 718//580 717//580 719//580
f 720//326 721//326 722//326
f 722//326 721//326 723//326
f 724//315 725//315 726//315
f 726//315 725//315 727//315
f 683//1 610//1 728//1
f 728//1 610//1 729//1
f 728//1 729//1 718//1
f 718//1 729//1 730//1
f 718//1 730//1 731//1
f 718//1 731//1 732//1
f 732//1 731//1 733//1
f 732//1 733//1 734//1
f 734//1 733//1 724//1
f 724//1 733//1 722//1
f 724//1 722//1 725//1
f 725//1 722//1 723//1
f 725//1 723//1 735//1
f 735//1 723//1 736//1
f 733//1 737//1 722//1
f 722//1 737//1 738//1
f 738//1 737//1 739//1
f 739//1 737//1 740//1
f 739//1 740//1 741//1
f 741//1 740//1 742//1
f 741//1 742//1 743//1
f 741//1 743//1 713//1
f 713//1 743//1 595//1
f 713//1 595//1 594//1
f 594//1 744//1 713//1
f 713//1 744//1 745//1
f 713//1 745//1 715//1
f 713//1 711//1 741//1
f 741//1 711//1 709//1
f 741//1 709//1 707//1
f 719//1 746//1 718//1
f 718//1 746//1 747//1
f 718//1 747//1 728//1
f 748//581 749//581 750//581
f 750//581 749//581 751//581
f 750//497 751//497 752//497
f 753//582 754//582 752//582
f 752//582 754//582 755//582
f 752//497 755//497 750//497
f 756//583 714//583 757//583
f 757//584 714//584 715//584
f 757//585 715//585 425//585
f 425//586 715//586 745//586
f 425//587 745//587 744//587
f 744//588 594//588 425//588
f 757//589 758//589 756//589
f 756//590 758//590 759//590
f 759//591 758//591 760//591
f 759//592 760//592 761//592
f 761//593 760//593 762//593
f 761//594 762//594 763//594
f 763//595 762//595 764//595
f 763//596 764//596 765//596
f 765//597 764//597 766//597
f 765//598 766//598 767//598
f 767//599 766//599 460//599
f 767//600 460//600 768//600
f 768//601 460//601 769//601
f 769//602 460//602 461//602
f 769//603 461//603 462//603
f 463//604 770//604 462//604
f 462//604 770//604 771//604
f 462//603 771//603 769//603
f 772//605 416//605 773//605
f 773//606 416//606 774//606
f 773//607 774//607 775//607
f 775//608 774//608 776//608
f 775//609 776//609 777//609
f 777//610 776//610 778//610
f 777//611 778//611 779//611
f 779//612 778//612 780//612
f 779//613 780//613 781//613
f 781//614 780//614 782//614
f 781//615 782//615 783//615
f 783//616 782//616 784//616
f 783//617 784//617 686//617
f 686//618 784//618 687//618
f 687//619 784//619 422//619
f 687//620 422//620 785//620
f 785//621 422//621 786//621
f 786//622 422//622 661//622
f 680//1 681//1 428//1
f 428//1 681//1 427//1
f 428//1 427//1 787//1
f 787//1 427//1 788//1
f 788//1 427//1 789//1
f 789//1 427//1 790//1
f 790//1 427//1 791//1
f 791//1 427//1 792//1
f 792//1 427//1 793//1
f 793//1 427//1 794//1
f 794//1 427//1 424//1
f 424//1 427//1 795//1
f 424//1 795//1 796//1
f 796//1 797//1 424//1
f 424//1 797//1 798//1
f 424//1 798//1 799//1
f 799//1 800//1 424//1
f 424//1 800//1 801//1
f 424//1 801//1 802//1
f 802//1 423//1 424//1
f 424//1 423//1 462//1
f 424//1 462//1 461//1
f 422//1 803//1 423//1
f 423//1 803//1 804//1
f 423//1 804//1 462//1
f 462//1 804//1 463//1
f 463//1 804//1 805//1
f 784//1 782//1 422//1
f 422//1 782//1 780//1
f 422//1 780//1 778//1
f 778//1 776//1 422//1
f 422//1 776//1 774//1
f 422//1 774//1 416//1
f 416//1 803//1 422//1
f 424//1 461//1 425//1
f 425//1 461//1 460//1
f 425//1 460//1 766//1
f 766//1 764//1 425//1
f 425//1 764//1 762//1
f 425//1 762//1 760//1
f 760//1 758//1 425//1
f 425//1 758//1 757//1
f 806//326 770//326 805//326
f 805//326 770//326 463//326
f 807//623 808//623 809//623
f 809//623 808//623 810//623
f 809//624 810//624 811//624
f 811//624 810//624 812//624
f 811//625 812//625 813//625
f 807//626 814//626 808//626
f 808//626 814//626 815//626
f 815//627 814//627 816//627
f 815//627 816//627 817//627
f 817//628 816//628 818//628
f 817//628 818//628 819//628
f 819//629 818//629 820//629
f 819//629 820//629 821//629
f 821//630 820//630 822//630
f 821//630 822//630 823//630
f 823//631 822//631 824//631
f 823//631 824//631 825//631
f 825//632 824//632 826//632
f 825//632 826//632 827//632
f 827//633 826//633 828//633
f 827//633 828//633 829//633
f 829//634 828//634 830//634
f 829//634 830//634 831//634
f 831//635 830//635 832//635
f 831//635 832//635 833//635
f 833//636 832//636 834//636
f 833//636 834//636 835//636
f 835//637 834//637 836//637
f 835//637 836//637 837//637
f 837//638 836//638 838//638
f 837//638 838//638 839//638
f 839//639 838//639 840//639
f 839//639 840//639 841//639
f 841//640 840//640 842//640
f 841//640 842//640 843//640
f 843//641 842//641 844//641
f 843//641 844//641 845//641
f 845//642 844//642 846//642
f 845//642 846//642 847//642
f 847//643 846//643 848//643
f 847//643 848//643 849//643
f 849//644 848//644 850//644
f 849//644 850//644 851//644
f 851//645 850//645 852//645
f 851//645 852//645 853//645
f 853//646 852//646 854//646
f 853//646 854//646 855//646
f 855//647 854//647 856//647
f 855//647 856//647 857//647
f 857//648 856//648 858//648
f 857//648 858//648 859//648
f 859//649 858//649 860//649
f 859//649 860//649 861//649
f 861//650 860//650 862//650
f 861//650 862//650 863//650
f 863//651 862//651 864//651
f 863//651 864//651 865//651
f 865//652 864//652 866//652
f 865//652 866//652 867//652
f 867//653 866//653 868//653
f 867//653 868//653 869//653
f 869//498 868//498 870//498
f 869//498 870//498 871//498
f 871//654 870//654 872//654
f 871//654 872//654 873//654
f 873//655 872//655 874//655
f 873//655 874//655 875//655
f 875//656 874//656 876//656
f 875//656 876//656 877//656
f 877//657 876//657 878//657
f 877//657 878//657 879//657
f 879//658 878//658 880//658
f 879//658 880//658 881//658
f 881//659 880//659 882//659
f 881//659 882//659 883//659
f 883//660 882//660 884//660
f 883//661 884//661 885//661
f 885//662 884//662 886//662
f 885//662 886//662 887//662
f 887//663 886//663 888//663
f 887//663 888//663 889//663
f 889//664 888//664 890//664
f 889//664 890//664 891//664
f 891//665 890//665 892//665
f 891//665 892//665 893//665
f 893//666 892//666 894//666
f 893//666 894//666 895//666
f 895//667 894//667 896//667
f 895//667 896//667 897//667
f 897//668 896//668 898//668
f 897//668 898//668 899//668
f 899//669 898//669 900//669
f 899//669 900//669 901//669
f 901//670 900//670 902//670
f 901//670 902//670 903//670
f 903//671 902//671 904//671
f 903//672 904//672 905//672
f 905//673 904//673 906//673
f 905//673 906//673 907//673
f 907//674 906//674 908//674
f 907//675 908//675 909//675
f 909//676 908//676 910//676
f 909//676 910//676 911//676
f 911//677 910//677 912//677
f 911//677 912//677 913//677
f 913//678 912//678 914//678
f 913//678 914//678 915//678
f 915//679 914//679 916//679
f 915//679 916//679 917//679
f 917//680 916//680 918//680
f 917//680 918//680 919//680
f 919//681 918//681 920//681
f 919//681 920//681 921//681
f 921//682 920//682 922//682
f 921//682 922//682 923//682
f 923//683 922//683 924//683
f 923//683 924//683 813//683
f 813//625 924//625 811//625
f 925//1 870//1 926//1
f 926//1 870//1 868//1
f 926//1 868//1 927//1
f 927//1 868//1 866//1
f 927//1 866//1 928//1
f 928//1 866//1 864//1
f 928//1 864//1 929//1
f 929//1 864//1 862//1
f 929//1 862//1 930//1
f 930//1 862//1 860//1
f 930//1 860//1 931//1
f 931//1 860//1 858//1
f 931//1 858//1 932//1
f 932//1 858//1 856//1
f 932//1 856//1 933//1
f 933//1 856//1 854//1
f 933//1 854//1 934//1
f 934//1 854//1 935//1
f 935//1 854//1 852//1
f 935//1 852//1 936//1
f 936//1 852//1 850//1
f 936//1 850//1 937//1
f 937//1 850//1 848//1
f 937//1 848//1 938//1
f 938//1 848//1 846//1
f 938//1 846//1 939//1
f 939//1 846//1 844//1
f 939//1 844//1 940//1
f 940//1 844//1 842//1
f 940//1 842//1 941//1
f 941//1 842//1 840//1
f 941//1 840//1 942//1
f 942//1 840//1 838//1
f 942//1 838//1 943//1
f 943//1 838//1 836//1
f 943//1 836//1 944//1
f 944//1 836//1 834//1
f 944//1 834//1 945//1
f 945//1 834//1 832//1
f 945//1 832//1 946//1
f 946//1 832//1 830//1
f 946//1 830//1 947//1
f 947//1 830//1 828//1
f 947//1 828//1 948//1
f 948//1 828//1 826//1
f 948//1 826//1 949//1
f 949//1 826//1 824//1
f 949//1 824//1 950//1
f 950//1 824//1 951//1
f 951//1 824//1 822//1
f 951//1 822//1 952//1
f 952//1 822//1 820//1
f 952//1 820//1 953//1
f 953//1 820//1 818//1
f 953//1 818//1 954//1
f 954//1 818//1 816//1
f 954//1 816//1 955//1
f 955//1 816//1 814//1
f 955//1 814//1 956//1
f 956//1 814//1 807//1
f 956//1 807//1 957//1
f 957//1 807//1 809//1
f 957//1 809//1 958//1
f 958//1 809//1 811//1
f 958//1 811//1 959//1
f 959//1 811//1 924//1
f 959//1 924//1 960//1
f 960//1 924//1 922//1
f 960//1 922//1 961//1
f 961//1 922//1 920//1
f 961//1 920//1 962//1
f 962//1 920//1 918//1
f 962//1 918//1 963//1
f 963//1 918//1 916//1
f 963//1 916//1 964//1
f 964//1 916//1 914//1
f 964//1 914//1 965//1
f 965//1 914//1 966//1
f 966//1 914//1 912//1
f 966//1 912//1 967//1
f 967//1 912//1 910//1
f 967//1 910//1 968//1
f 968//1 910//1 908//1
f 968//1 908//1 969//1
f 969//1 908//1 906//1
f 969//1 906//1 970//1
f 970//1 906//1 904//1
f 970//1 904//1 971//1
f 971//1 904//1 902//1
f 971//1 902//1 972//1
f 972//1 902//1 900//1
f 972//1 900//1 973//1
f 973//1 900//1 898//1
f 973//1 898//1 974//1
f 974//1 898//1 896//1
f 974//1 896//1 975//1
f 975//1 896//1 894//1
f 975//1 894//1 976//1
f 976//1 894//1 892//1
f 976//1 892//1 977//1
f 977//1 892//1 890//1
f 977//1 890//1 978//1
f 978//1 890//1 888//1
f 978//1 888//1 979//1
f 979//1 888//1 886//1
f 979//1 886//1 980//1
f 980//1 886//1 884//1
f 980//1 884//1 981//1
f 981//1 884//1 982//1
f 982//1 884//1 882//1
f 982//1 882//1 983//1
f 983//1 882//1 880//1
f 983//1 880//1 984//1
f 984//1 880//1 878//1
f 984//1 878//1 985//1
f 985//1 878//1 876//1
f 985//1 876//1 986//1
f 986//1 876//1 874//1
f 986//1 874//1 987//1
f 987//1 874//1 872//1
f 987//1 872//1 925//1
f 925//1 872//1 870//1
f 988//63 989//63 990//63
f 990//63 989//63 991//63
f 990//63 991//63 992//63
f 993//63 994//63 988//63
f 988//63 994//63 995//63
f 988//63 995//63 996//63
f 997//63 998//63 993//63
f 993//63 998//63 999//63
f 993//63 999//63 994//63
f 997//63 1000//63 998//63
f 998//63 1000//63 1001//63
f 998//63 1001//63 1002//63
f 1002//63 1001//63 1003//63
f 1002//63 1003//63 1004//63
f 1004//63 1003//63 1005//63
f 1004//63 1005//63 1006//63
f 1006//63 1005//63 1007//63
f 1006//63 1007//63 1008//63
f 1008//63 1007//63 1009//63
f 1008//63 1009//63 1010//63
f 1010//63 1009//63 1011//63
f 1010//63 1011//63 1012//63
f 1012//63 1011//63 1013//63
f 1012//63 1013//63 1014//63
f 1014//63 1013//63 1015//63
f 1014//63 1015//63 1016//63
f 1016//63 1015//63 1017//63
f 1017//63 1015//63 1018//63
f 1017//63 1018//63 1019//63
f 1019//63 1018//63 1020//63
f 1019//63 1020//63 1021//63
f 1000//63 1022//63 1001//63
f 1001//63 1022//63 1023//63
f 1023//63 1022//63 1024//63
f 1023//63 1024//63 1025//63
f 1025//63 1024//63 1026//63
f 1025//63 1026//63 1027//63
f 1027//63 1026//63 1028//63
f 1028//63 1026//63 1029//63
f 1029//63 1026//63 1030//63
f 1029//63 1030//63 1031//63
f 1031//63 1030//63 1032//63
f 1032//63 1030//63 1033//63
f 1032//63 1033//63 1034//63
f 1034//63 1033//63 1035//63
f 1035//63 1033//63 1036//63
f 1036//63 1033//63 1037//63
f 1036//63 1037//63 1038//63
f 1038//63 1037//63 1039//63
f 1039//63 1037//63 1040//63
f 1039//63 1040//63 1041//63
f 1039//63 1041//63 1042//63
f 1042//63 1041//63 1043//63
f 1042//63 1043//63 1044//63
f 1044//63 1043//63 1045//63
f 1044//63 1045//63 1046//63
f 1046//63 1045//63 1047//63
f 1047//63 1045//63 1048//63
f 1047//63 1048//63 1049//63
f 1049//63 1048//63 1050//63
f 1050//63 1048//63 1051//63
f 1051//63 1048//63 1052//63
f 1051//63 1052//63 1053//63
f 1053//63 1052//63 1054//63
f 1054//63 1052//63 1055//63
f 1054//63 1055//63 1056//63
f 1056//63 1055//63 1057//63
f 1057//63 1055//63 1058//63
f 1058//63 1055//63 1059//63
f 1058//63 1059//63 1060//63
f 1060//63 1059//63 1061//63
f 1060//63 1061//63 1062//63
f 1060//63 1062//63 1063//63
f 1063//63 1062//63 1064//63
f 1063//63 1064//63 1065//63
f 1065//63 1064//63 1066//63
f 1065//63 1066//63 1067//63
f 1067//63 1066//63 1068//63
f 1068//63 1066//63 1069//63
f 1068//63 1069//63 1070//63
f 1070//63 1069//63 1071//63
f 1071//63 1069//63 1072//63
f 1072//63 1069//63 1073//63
f 1072//63 1073//63 1074//63
f 1074//63 1073//63 1075//63
f 1075//63 1073//63 1076//63
f 1075//63 1076//63 1077//63
f 1077//63 1076//63 1078//63
f 1078//63 1076//63 1079//63
f 1079//63 1076//63 1080//63
f 1079//63 1080//63 1081//63
f 1081//63 1080//63 1082//63
f 1081//63 1082//63 1083//63
f 1081//63 1083//63 1084//63
f 1084//63 1083//63 1085//63
f 1084//63 1085//63 1086//63
f 1086//63 1085//63 1087//63
f 1086//63 1087//63 1088//63
f 1088//63 1087//63 1089//63
f 1089//63 1087//63 1090//63
f 1089//63 1090//63 1091//63
f 1091//63 1090//63 1092//63
f 1092//63 1090//63 1093//63
f 1093//63 1090//63 1094//63
f 1093//63 1094//63 1095//63
f 1095//63 1094//63 1096//63
f 1096//63 1094//63 1021//63
f 1021//63 1094//63 1019//63
f 1016//63 1097//63 1014//63
f 1014//63 1097//63 1098//63
f 1014//63 1098//63 1099//63
f 1099//63 1098//63 1100//63
f 1099//63 1100//63 1101//63
f 1101//63 1100//63 1102//63
f 1102//63 1100//63 1103//63
f 1103//63 1100//63 1104//63
f 1103//63 1104//63 1105//63
f 1105//63 1104//63 1106//63
f 1106//63 1104//63 1107//63
f 1106//63 1107//63 1108//63
f 1108//63 1107//63 1109//63
f 1109//63 1107//63 1110//63
f 1110//63 1107//63 1111//63
f 1110//63 1111//63 1112//63
f 1112//63 1111//63 1113//63
f 1113//63 1111//63 1114//63
f 1113//63 1114//63 1115//63
f 1115//63 1114//63 1116//63
f 1115//63 1116//63 1117//63
f 1117//63 1116//63 1118//63
f 1117//63 1118//63 1119//63
f 1117//63 1119//63 1120//63
f 1120//63 1119//63 1121//63
f 1120//63 1121//63 1122//63
f 1122//63 1121//63 1123//63
f 1123//63 1121//63 1124//63
f 1124//63 1121//63 1125//63
f 1124//63 1125//63 1126//63
f 1126//63 1125//63 1127//63
f 1127//63 1125//63 1128//63
f 1127//63 1128//63 1129//63
f 1129//63 1128//63 1130//63
f 1130//63 1128//63 1131//63
f 1131//63 1128//63 1132//63
f 1131//63 1132//63 1133//63
f 1133//63 1132//63 1134//63
f 1134//63 1132//63 1135//63
f 1134//63 1135//63 1136//63
f 1136//63 1135//63 1137//63
f 1136//63 1137//63 1138//63
f 1138//63 1137//63 1139//63
f 1138//63 1139//63 1140//63
f 1141//63 1142//63 1140//63
f 1140//63 1142//63 1143//63
f 1140//63 1143//63 1138//63
f 1144//63 1145//63 1141//63
f 1141//63 1145//63 1146//63
f 1141//63 1146//63 1147//63
f 1148//63 1149//63 1144//63
f 1144//63 1149//63 1150//63
f 1144//63 1150//63 1145//63
f 1151//63 1152//63 1148//63
f 1148//63 1152//63 1153//63
f 1148//63 1153//63 1154//63
f 1152//63 1151//63 1155//63
f 1155//63 1151//63 1156//63
f 1155//63 1156//63 1157//63
f 1157//63 1156//63 1158//63
f 1157//63 1158//63 1159//63
f 1159//63 1158//63 1160//63
f 1159//63 1160//63 1161//63
f 1162//63 1163//63 1161//63
f 1161//63 1163//63 1164//63
f 1161//63 1164//63 1159//63
f 990//63 992//63 1162//63
f 1162//63 992//63 1165//63
f 1162//63 1165//63 1166//63
f 1039//63 1042//63 1167//63
f 1167//63 1042//63 1168//63
f 1167//63 1168//63 1005//63
f 1005//63 1168//63 1007//63
f 1007//63 1169//63 1009//63
f 1009//63 1169//63 1170//63
f 1170//63 1169//63 1060//63
f 1170//63 1060//63 1063//63
f 1159//63 1171//63 1157//63
f 1157//63 1171//63 1172//63
f 1172//63 1171//63 1004//63
f 1172//63 1004//63 1006//63
f 996//63 989//63 988//63
f 1166//63 1163//63 1162//63
f 1138//63 1173//63 1136//63
f 1136//63 1173//63 1174//63
f 1174//63 1173//63 1006//63
f 1174//63 1006//63 1008//63
f 1154//63 1149//63 1148//63
f 1147//63 1142//63 1141//63
f 1115//63 1117//63 1175//63
f 1175//63 1117//63 1176//63
f 1175//63 1176//63 1010//63
f 1010//63 1176//63 1008//63
f 1084//63 1177//63 1081//63
f 1081//63 1177//63 1178//63
f 1178//63 1177//63 1011//63
f 1178//63 1011//63 1009//63
f 1162//684 926//684 990//684
f 990//685 926//685 927//685
f 990//685 927//685 988//685
f 988//686 927//686 928//686
f 988//686 928//686 993//686
f 993//687 928//687 929//687
f 993//687 929//687 997//687
f 997//688 929//688 930//688
f 997//688 930//688 1000//688
f 1000//689 930//689 931//689
f 1000//689 931//689 1022//689
f 1022//690 931//690 932//690
f 1022//690 932//690 1024//690
f 1024//691 932//691 933//691
f 1024//691 933//691 1026//691
f 1026//692 933//692 934//692
f 1026//692 934//692 1030//692
f 1030//693 934//693 935//693
f 1030//693 935//693 1033//693
f 1033//694 935//694 936//694
f 1033//694 936//694 1037//694
f 1037//695 936//695 937//695
f 1037//695 937//695 1040//695
f 1040//696 937//696 938//696
f 1040//696 938//696 1041//696
f 1041//697 938//697 939//697
f 1041//697 939//697 1043//697
f 1043//698 939//698 940//698
f 1043//698 940//698 1045//698
f 1045//699 940//699 941//699
f 1045//699 941//699 1048//699
f 1048//700 941//700 942//700
f 1048//700 942//700 1052//700
f 1052//701 942//701 943//701
f 1052//701 943//701 1055//701
f 1055//702 943//702 944//702
f 1055//702 944//702 1059//702
f 1059//703 944//703 945//703
f 1059//703 945//703 1061//703
f 1061//704 945//704 946//704
f 1061//704 946//704 1062//704
f 1062//705 946//705 947//705
f 1062//705 947//705 1064//705
f 1064//706 947//706 948//706
f 1064//707 948//707 1066//707
f 1066//708 948//708 949//708
f 1066//708 949//708 1069//708
f 1069//709 949//709 950//709
f 1069//709 950//709 1073//709
f 1073//710 950//710 951//710
f 1073//710 951//710 1076//710
f 1076//711 951//711 952//711
f 1076//711 952//711 1080//711
f 1080//712 952//712 953//712
f 1080//712 953//712 1082//712
f 1082//713 953//713 954//713
f 1082//713 954//713 1083//713
f 1083//714 954//714 955//714
f 1083//714 955//714 1085//714
f 1085//715 955//715 956//715
f 1085//715 956//715 1087//715
f 1087//716 956//716 957//716
f 1087//716 957//716 1090//716
f 1090//497 957//497 958//497
f 1090//497 958//497 1094//497
f 1094//717 958//717 959//717
f 1094//717 959//717 1019//717
f 1019//718 959//718 960//718
f 1019//718 960//718 1017//718
f 1017//719 960//719 961//719
f 1017//719 961//719 1016//719
f 1016//720 961//720 962//720
f 1016//720 962//720 1097//720
f 1097//721 962//721 963//721
f 1097//721 963//721 1098//721
f 1098//722 963//722 964//722
f 1098//722 964//722 1100//722
f 1100//723 964//723 965//723
f 1100//723 965//723 1104//723
f 1104//724 965//724 966//724
f 1104//724 966//724 1107//724
f 1107//725 966//725 967//725
f 1107//725 967//725 1111//725
f 1111//726 967//726 968//726
f 1111//726 968//726 1114//726
f 1114//727 968//727 969//727
f 1114//728 969//728 1116//728
f 1116//729 969//729 970//729
f 1116//730 970//730 1118//730
f 1118//731 970//731 971//731
f 1118//731 971//731 1119//731
f 1119//732 971//732 972//732
f 1119//732 972//732 1121//732
f 1121//733 972//733 973//733
f 1121//733 973//733 1125//733
f 1125//734 973//734 974//734
f 1125//734 974//734 1128//734
f 1128//735 974//735 975//735
f 1128//735 975//735 1132//735
f 1132//736 975//736 976//736
f 1132//737 976//737 1135//737
f 1135//738 976//738 977//738
f 1135//739 977//739 1137//739
f 1137//740 977//740 978//740
f 1137//741 978//741 1139//741
f 1139//742 978//742 979//742
f 1139//742 979//742 1140//742
f 1140//743 979//743 980//743
f 1140//744 980//744 1141//744
f 1141//745 980//745 981//745
f 1141//745 981//745 1144//745
f 1144//746 981//746 982//746
f 1144//746 982//746 1148//746
f 1148//747 982//747 983//747
f 1148//747 983//747 1151//747
f 1151//748 983//748 984//748
f 1151//748 984//748 1156//748
f 1156//749 984//749 985//749
f 1156//749 985//749 1158//749
f 1158//750 985//750 986//750
f 1158//750 986//750 1160//750
f 1160//751 986//751 987//751
f 1160//751 987//751 1161//751
f 1161//752 987//752 925//752
f 1161//752 925//752 1162//752
f 1162//684 925//684 926//684
f 678//63 899//63 679//63
f 679//63 899//63 901//63
f 679//63 901//63 903//63
f 682//63 887//63 678//63
f 678//63 887//63 889//63
f 678//63 889//63 891//63
f 1179//63 883//63 682//63
f 682//63 883//63 885//63
f 682//63 885//63 887//63
f 883//63 1179//63 881//63
f 881//63 1179//63 1180//63
f 881//63 1180//63 879//63
f 879//63 1180//63 1181//63
f 879//63 1181//63 716//63
f 716//63 1181//63 717//63
f 1182//63 875//63 716//63
f 716//63 875//63 877//63
f 716//63 877//63 879//63
f 1182//63 1183//63 875//63
f 875//63 1183//63 873//63
f 873//63 1183//63 726//63
f 873//63 726//63 871//63
f 871//63 726//63 720//63
f 871//63 720//63 869//63
f 869//63 720//63 867//63
f 867//63 720//63 1184//63
f 867//63 1184//63 865//63
f 865//63 1184//63 1185//63
f 865//63 1185//63 1186//63
f 727//63 1187//63 726//63
f 726//63 1187//63 720//63
f 1187//63 1188//63 720//63
f 720//63 1188//63 721//63
f 706//63 708//63 1186//63
f 1186//63 708//63 861//63
f 1186//63 861//63 863//63
f 708//63 710//63 861//63
f 861//63 710//63 859//63
f 859//63 710//63 712//63
f 859//63 712//63 857//63
f 857//63 712//63 714//63
f 857//63 714//63 855//63
f 855//63 714//63 756//63
f 855//63 756//63 853//63
f 853//63 756//63 759//63
f 853//63 759//63 761//63
f 761//63 763//63 853//63
f 853//63 763//63 765//63
f 853//63 765//63 851//63
f 851//63 765//63 767//63
f 851//63 767//63 768//63
f 768//63 769//63 851//63
f 851//63 769//63 849//63
f 849//63 769//63 771//63
f 849//63 771//63 770//63
f 806//63 841//63 770//63
f 770//63 841//63 843//63
f 770//63 843//63 845//63
f 1189//63 833//63 806//63
f 806//63 833//63 835//63
f 806//63 835//63 837//63
f 833//63 1189//63 831//63
f 831//63 1189//63 1190//63
f 831//63 1190//63 772//63
f 831//63 772//63 829//63
f 829//63 772//63 773//63
f 829//63 773//63 775//63
f 775//63 777//63 829//63
f 829//63 777//63 779//63
f 829//63 779//63 827//63
f 827//63 779//63 781//63
f 827//63 781//63 783//63
f 783//63 686//63 827//63
f 827//63 686//63 825//63
f 825//63 686//63 823//63
f 823//63 686//63 688//63
f 823//63 688//63 690//63
f 823//63 690//63 821//63
f 821//63 690//63 692//63
f 821//63 692//63 819//63
f 819//63 692//63 1191//63
f 819//63 1191//63 817//63
f 817//63 1191//63 1192//63
f 817//63 1192//63 815//63
f 815//63 1192//63 1193//63
f 815//63 1193//63 808//63
f 808//63 1193//63 1194//63
f 808//63 1194//63 810//63
f 810//63 1194//63 705//63
f 810//63 705//63 812//63
f 812//63 705//63 703//63
f 812//63 703//63 813//63
f 813//63 703//63 701//63
f 813//63 701//63 923//63
f 923//63 701//63 698//63
f 923//63 698//63 921//63
f 921//63 698//63 1195//63
f 921//63 1195//63 919//63
f 919//63 1195//63 1196//63
f 919//63 1196//63 917//63
f 917//63 1196//63 1197//63
f 917//63 1197//63 684//63
f 692//63 694//63 1191//63
f 748//63 750//63 1194//63
f 1194//63 750//63 755//63
f 1194//63 755//63 705//63
f 705//63 755//63 754//63
f 698//63 699//63 1195//63
f 679//63 913//63 684//63
f 684//63 913//63 915//63
f 684//63 915//63 917//63
f 837//63 839//63 806//63
f 806//63 839//63 841//63
f 845//63 847//63 770//63
f 770//63 847//63 849//63
f 863//63 865//63 1186//63
f 891//63 893//63 678//63
f 678//63 893//63 895//63
f 678//63 895//63 897//63
f 897//63 899//63 678//63
f 903//63 905//63 679//63
f 679//63 905//63 907//63
f 679//63 907//63 909//63
f 909//63 911//63 679//63
f 679//63 911//63 913//63
f 806//753 805//753 1189//753
f 1189//753 805//753 804//753
f 1189//754 804//754 803//754
f 416//755 772//755 803//755
f 803//755 772//755 1190//755
f 803//754 1190//754 1189//754
f 685//1 1198//1 644//1
f 644//1 1198//1 1199//1
f 1199//1 1198//1 696//1
f 1199//1 696//1 1200//1
f 1200//1 696//1 1201//1
f 1201//1 696//1 700//1
f 1201//1 700//1 1202//1
f 1202//1 700//1 702//1
f 1202//1 702//1 704//1
f 1198//1 1203//1 696//1
f 696//1 1203//1 1204//1
f 696//1 1204//1 697//1
f 1202//1 704//1 1205//1
f 1205//1 704//1 753//1
f 1205//1 753//1 749//1
f 749//1 753//1 752//1
f 749//1 752//1 751//1
f 1202//1 1205//1 1206//1
f 1206//1 1205//1 1207//1
f 1206//1 1207//1 1208//1
f 1206//1 1208//1 1209//1
f 1209//1 1208//1 1210//1
f 1209//1 1210//1 1211//1
f 1211//1 1210//1 1212//1
f 1212//1 1210//1 689//1
f 1212//1 689//1 659//1
f 659//1 689//1 661//1
f 661//1 689//1 786//1
f 786//1 689//1 785//1
f 785//1 689//1 687//1
f 695//1 693//1 1210//1
f 1210//1 693//1 691//1
f 1210//1 691//1 689//1
f 1205//326 749//326 1194//326
f 1194//326 749//326 748//326
f 705//315 754//315 704//315
f 704//315 754//315 753//315
f 727//756 725//756 1187//756
f 1187//756 725//756 735//756
f 1187//498 735//498 736//498
f 723//757 721//757 736//757
f 736//757 721//757 1188//757
f 736//498 1188//498 1187//498
f 724//758 726//758 734//758
f 734//758 726//758 1183//758
f 734//759 1183//759 732//759
f 732//759 1183//759 1182//759
f 732//760 1182//760 718//760
f 718//760 1182//760 716//760
f 682//761 683//761 1179//761
f 1179//761 683//761 728//761
f 1179//762 728//762 1180//762
f 1180//762 728//762 747//762
f 1180//763 747//763 1181//763
f 1181//763 747//763 746//763
f 1181//764 746//764 717//764
f 717//764 746//764 719//764
f 741//765 1186//765 739//765
f 739//765 1186//765 1185//765
f 739//766 1185//766 738//766
f 738//766 1185//766 1184//766
f 738//767 1184//767 722//767
f 722//767 1184//767 720//767
f 741//768 707//768 1186//768
f 1186//768 707//768 706//768
f 685//769 684//769 1198//769
f 1198//769 684//769 1197//769
f 1198//770 1197//770 1203//770
f 1203//770 1197//770 1196//770
f 1203//771 1196//771 1204//771
f 1204//771 1196//771 1195//771
f 1204//772 1195//772 697//772
f 697//772 1195//772 699//772
f 1205//773 1194//773 1207//773
f 1207//773 1194//773 1193//773
f 1207//774 1193//774 1208//774
f 1208//774 1193//774 1192//774
f 1208//775 1192//775 1210//775
f 1210//775 1192//775 1191//775
f 1191//776 694//776 1210//776
f 1210//776 694//776 695//776
f 1213//497 1214//497 1215//497
f 1215//497 1214//497 1216//497
f 1217//498 1218//498 1219//498
f 1219//498 1218//498 1220//498
f 1221//63 1222//63 1223//63
f 1223//63 1222//63 1224//63
f 1223//63 1224//63 1225//63
f 1225//63 1224//63 1226//63
f 1225//63 1226//63 1227//63
f 1227//63 1226//63 1228//63
f 1228//63 1226//63 1229//63
f 1228//63 1229//63 1230//63
f 1230//63 1229//63 1231//63
f 1231//63 1229//63 1232//63
f 1231//63 1232//63 1233//63
f 1233//63 1232//63 1234//63
f 1234//63 1232//63 1235//63
f 1234//63 1235//63 1236//63
f 1236//63 1237//63 1234//63
f 1234//63 1237//63 1238//63
f 1238//63 1237//63 1239//63
f 1239//63 1237//63 1240//63
f 1239//63 1240//63 1241//63
f 1241//63 1240//63 1242//63
f 1241//63 1242//63 1243//63
f 1241//63 1243//63 1244//63
f 1244//63 1243//63 1245//63
f 1244//63 1245//63 1246//63
f 1246//63 1245//63 1247//63
f 1247//63 1245//63 1248//63
f 1248//63 1245//63 1249//63
f 1249//63 1245//63 1250//63
f 1250//63 1245//63 1251//63
f 1251//63 1245//63 1252//63
f 1252//63 1245//63 1253//63
f 1252//63 1253//63 1213//63
f 1213//63 1253//63 1254//63
f 1213//63 1254//63 1255//63
f 1256//63 1257//63 1255//63
f 1255//63 1257//63 1258//63
f 1255//63 1258//63 1213//63
f 1213//63 1258//63 1214//63
f 1214//63 1258//63 1259//63
f 1214//63 1259//63 1260//63
f 1256//63 1261//63 1257//63
f 1257//63 1261//63 1262//63
f 1257//63 1262//63 1263//63
f 1263//63 1264//63 1257//63
f 1260//63 1265//63 1214//63
f 1214//63 1265//63 1220//63
f 1220//63 1265//63 1266//63
f 1220//63 1266//63 1267//63
f 1267//63 1268//63 1220//63
f 1220//63 1268//63 1269//63
f 1220//63 1269//63 1219//63
f 1219//63 1269//63 1270//63
f 1219//63 1270//63 1271//63
f 1271//63 1272//63 1219//63
f 1219//63 1272//63 1273//63
f 1219//63 1273//63 1274//63
f 1274//63 1273//63 1275//63
f 1274//63 1275//63 1223//63
f 1223//63 1275//63 1276//63
f 1223//63 1276//63 1277//63
f 1277//63 1278//63 1223//63
f 1223//63 1278//63 1221//63
f 1279//1 1280//1 1217//1
f 1217//1 1280//1 1281//1
f 1217//1 1281//1 1282//1
f 1279//1 1283//1 1280//1
f 1280//1 1283//1 1284//1
f 1280//1 1284//1 1285//1
f 1285//1 1286//1 1280//1
f 1280//1 1286//1 1287//1
f 1280//1 1287//1 1288//1
f 1288//1 1289//1 1280//1
f 1280//1 1289//1 1290//1
f 1280//1 1290//1 1291//1
f 1291//1 1290//1 1292//1
f 1282//1 1293//1 1217//1
f 1217//1 1293//1 1294//1
f 1217//1 1294//1 1295//1
f 1295//1 1296//1 1217//1
f 1217//1 1296//1 1297//1
f 1217//1 1297//1 1298//1
f 1298//1 1215//1 1217//1
f 1217//1 1215//1 1218//1
f 1218//1 1215//1 1216//1
f 1218//326 1216//326 1220//326
f 1220//326 1216//326 1214//326
f 1299//498 1300//498 1301//498
f 1301//498 1300//498 1302//498
f 1303//497 1304//497 1305//497
f 1305//497 1304//497 1306//497
f 1299//326 1305//326 1300//326
f 1300//326 1305//326 1306//326
f 1300//63 1306//63 1302//63
f 1302//63 1306//63 1304//63
f 1307//63 1308//63 1309//63
f 1309//63 1308//63 1310//63
f 1309//63 1310//63 1311//63
f 1311//63 1310//63 1312//63
f 1311//63 1312//63 1313//63
f 1313//63 1312//63 1314//63
f 1313//63 1314//63 1315//63
f 1315//63 1314//63 1316//63
f 1315//63 1316//63 1317//63
f 1317//63 1316//63 1318//63
f 1317//63 1318//63 1319//63
f 1319//63 1318//63 1320//63
f 1319//63 1320//63 1321//63
f 1321//63 1320//63 1322//63
f 1321//63 1322//63 1323//63
f 1323//63 1322//63 1324//63
f 1323//63 1324//63 1325//63
f 1325//63 1324//63 1326//63
f 1325//63 1326//63 1327//63
f 1327//63 1326//63 1328//63
f 1327//63 1328//63 1329//63
f 1329//63 1328//63 1330//63
f 1329//63 1330//63 1331//63
f 1331//63 1330//63 1332//63
f 1331//63 1332//63 1333//63
f 1333//63 1332//63 1334//63
f 1333//63 1334//63 1335//63
f 1335//63 1334//63 1336//63
f 1335//63 1336//63 1337//63
f 1337//63 1336//63 1338//63
f 1337//63 1338//63 1339//63
f 1339//63 1338//63 1340//63
f 1339//63 1340//63 1341//63
f 1341//63 1340//63 1342//63
f 1308//63 1307//63 1343//63
f 1343//63 1307//63 1344//63
f 1343//63 1344//63 1345//63
f 1345//63 1344//63 1346//63
f 1345//63 1346//63 1347//63
f 1347//63 1346//63 1348//63
f 1347//63 1348//63 1349//63
f 1349//63 1348//63 1350//63
f 1349//63 1350//63 1351//63
f 1351//63 1350//63 1352//63
f 1351//63 1352//63 1353//63
f 1353//63 1352//63 1354//63
f 1353//63 1354//63 1355//63
f 1355//63 1354//63 1356//63
f 1355//63 1356//63 1357//63
f 1357//63 1356//63 1358//63
f 1357//63 1358//63 1359//63
f 1359//63 1358//63 1360//63
f 1359//63 1360//63 1361//63
f 1361//63 1360//63 1362//63
f 1361//63 1362//63 1363//63
f 1363//63 1362//63 1364//63
f 1363//63 1364//63 1365//63
f 1365//63 1364//63 1366//63
f 1365//63 1366//63 1367//63
f 1367//63 1366//63 1368//63
f 1367//63 1368//63 1369//63
f 1369//63 1368//63 1370//63
f 1369//63 1370//63 1371//63
f 1371//63 1370//63 1372//63
f 1373//1 1374//1 1375//1
f 1375//1 1374//1 1376//1
f 1375//1 1376//1 1377//1
f 1374//1 1373//1 1378//1
f 1378//1 1373//1 1379//1
f 1378//1 1379//1 1380//1
f 1380//1 1379//1 1381//1
f 1381//1 1379//1 1382//1
f 1381//1 1382//1 1383//1
f 1383//1 1382//1 1384//1
f 1383//1 1384//1 1385//1
f 1385//1 1384//1 1386//1
f 1385//1 1386//1 1387//1
f 1387//1 1386//1 1388//1
f 1388//1 1386//1 1389//1
f 1388//1 1389//1 1390//1
f 1390//1 1389//1 1391//1
f 1390//1 1391//1 1392//1
f 1392//1 1391//1 1393//1
f 1393//1 1391//1 1394//1
f 1393//1 1394//1 1395//1
f 1395//1 1394//1 1396//1
f 1395//1 1396//1 1397//1
f 1397//1 1396//1 1398//1
f 1397//1 1398//1 1399//1
f 1399//1 1398//1 1400//1
f 1400//1 1398//1 1401//1
f 1400//1 1401//1 1402//1
f 1402//1 1401//1 1403//1
f 1402//1 1403//1 1404//1
f 1404//1 1403//1 1405//1
f 1405//1 1403//1 1406//1
f 1405//1 1406//1 1407//1
f 1407//1 1406//1 1408//1
f 1407//1 1408//1 1409//1
f 1409//1 1408//1 1410//1
f 1409//1 1410//1 1411//1
f 1411//1 1410//1 1412//1
f 1412//1 1410//1 1413//1
f 1412//1 1413//1 1414//1
f 1414//1 1413//1 1415//1
f 1414//1 1415//1 1416//1
f 1416//1 1415//1 1417//1
f 1417//1 1415//1 1418//1
f 1417//1 1418//1 1419//1
f 1419//1 1418//1 1420//1
f 1419//1 1420//1 1421//1
f 1421//1 1420//1 1422//1
f 1421//1 1422//1 1423//1
f 1423//1 1422//1 1424//1
f 1424//1 1422//1 1425//1
f 1424//1 1425//1 1426//1
f 1426//1 1425//1 1427//1
f 1426//1 1427//1 1428//1
f 1428//1 1427//1 1429//1
f 1429//1 1427//1 1430//1
f 1429//1 1430//1 1431//1
f 1431//1 1430//1 1432//1
f 1431//1 1432//1 1433//1
f 1433//1 1432//1 1434//1
f 1433//1 1434//1 1435//1
f 1435//1 1434//1 1436//1
f 1436//1 1434//1 1437//1
f 1436//1 1437//1 1438//1
f 1438//1 1437//1 1439//1
f 1438//1 1439//1 1440//1
f 1440//1 1439//1 1441//1
f 1441//1 1439//1 1442//1
f 1441//1 1442//1 1443//1
f 1443//1 1442//1 1444//1
f 1443//1 1444//1 1445//1
f 1445//1 1444//1 1446//1
f 1445//1 1446//1 1447//1
f 1447//1 1446//1 1448//1
f 1448//1 1446//1 1449//1
f 1448//1 1449//1 1450//1
f 1450//1 1449//1 1451//1
f 1450//1 1451//1 1452//1
f 1452//1 1451//1 1453//1
f 1453//1 1451//1 1454//1
f 1453//1 1454//1 1455//1
f 1455//1 1454//1 1456//1
f 1455//1 1456//1 1457//1
f 1457//1 1456//1 1458//1
f 1457//1 1458//1 1459//1
f 1459//1 1458//1 1460//1
f 1460//1 1458//1 1461//1
f 1460//1 1461//1 1462//1
f 1462//1 1461//1 1463//1
f 1462//1 1463//1 1464//1
f 1464//1 1463//1 1465//1
f 1465//1 1463//1 1466//1
f 1465//1 1466//1 1467//1
f 1467//1 1466//1 1468//1
f 1467//1 1468//1 1469//1
f 1469//1 1468//1 1470//1
f 1469//1 1470//1 1471//1
f 1471//1 1470//1 1472//1
f 1472//1 1470//1 1473//1
f 1472//1 1473//1 1474//1
f 1474//1 1473//1 1475//1
f 1474//1 1475//1 1476//1
f 1476//1 1475//1 1477//1
f 1477//1 1475//1 1478//1
f 1477//1 1478//1 1479//1
f 1479//1 1478//1 1480//1
f 1479//1 1480//1 1481//1
f 1481//1 1480//1 1482//1
f 1481//1 1482//1 1483//1
f 1483//1 1482//1 1484//1
f 1484//1 1482//1 1485//1
f 1484//1 1485//1 1377//1
f 1377//1 1485//1 1375//1
f 1374//777 1312//777 1376//777
f 1376//777 1312//777 1310//777
f 1376//778 1310//778 1377//778
f 1377//779 1310//779 1308//779
f 1377//780 1308//780 1484//780
f 1484//780 1308//780 1343//780
f 1484//781 1343//781 1483//781
f 1483//781 1343//781 1345//781
f 1483//782 1345//782 1481//782
f 1481//782 1345//782 1347//782
f 1481//783 1347//783 1479//783
f 1479//783 1347//783 1349//783
f 1479//784 1349//784 1477//784
f 1477//784 1349//784 1351//784
f 1477//785 1351//785 1476//785
f 1476//785 1351//785 1353//785
f 1476//786 1353//786 1474//786
f 1474//786 1353//786 1355//786
f 1474//787 1355//787 1472//787
f 1472//787 1355//787 1357//787
f 1472//788 1357//788 1471//788
f 1471//788 1357//788 1359//788
f 1471//789 1359//789 1469//789
f 1469//789 1359//789 1361//789
f 1469//790 1361//790 1467//790
f 1467//790 1361//790 1363//790
f 1467//791 1363//791 1465//791
f 1465//791 1363//791 1365//791
f 1465//792 1365//792 1464//792
f 1464//792 1365//792 1367//792
f 1464//793 1367//793 1462//793
f 1462//793 1367//793 1369//793
f 1462//794 1369//794 1460//794
f 1460//794 1369//794 1371//794
f 1460//795 1371//795 1459//795
f 1459//795 1371//795 1372//795
f 1459//796 1372//796 1457//796
f 1457//796 1372//796 1370//796
f 1457//797 1370//797 1455//797
f 1455//797 1370//797 1368//797
f 1455//798 1368//798 1453//798
f 1453//798 1368//798 1366//798
f 1453//799 1366//799 1452//799
f 1452//799 1366//799 1364//799
f 1452//800 1364//800 1450//800
f 1450//800 1364//800 1362//800
f 1450//801 1362//801 1448//801
f 1448//801 1362//801 1360//801
f 1448//802 1360//802 1447//802
f 1447//802 1360//802 1358//802
f 1447//803 1358//803 1445//803
f 1445//803 1358//803 1356//803
f 1445//804 1356//804 1443//804
f 1443//804 1356//804 1354//804
f 1443//805 1354//805 1441//805
f 1441//805 1354//805 1352//805
f 1441//806 1352//806 1440//806
f 1440//806 1352//806 1350//806
f 1440//807 1350//807 1438//807
f 1438//807 1350//807 1348//807
f 1438//808 1348//808 1436//808
f 1436//808 1348//808 1346//808
f 1436//809 1346//809 1435//809
f 1435//809 1346//809 1344//809
f 1435//810 1344//810 1433//810
f 1433//810 1344//810 1307//810
f 1433//811 1307//811 1431//811
f 1431//811 1307//811 1309//811
f 1431//812 1309//812 1429//812
f 1429//812 1309//812 1311//812
f 1429//813 1311//813 1428//813
f 1428//813 1311//813 1313//813
f 1428//814 1313//814 1426//814
f 1426//814 1313//814 1315//814
f 1426//815 1315//815 1424//815
f 1424//815 1315//815 1317//815
f 1424//816 1317//816 1423//816
f 1423//816 1317//816 1319//816
f 1423//817 1319//817 1421//817
f 1421//817 1319//817 1321//817
f 1421//818 1321//818 1419//818
f 1419//818 1321//818 1323//818
f 1419//819 1323//819 1417//819
f 1417//819 1323//819 1325//819
f 1417//820 1325//820 1416//820
f 1416//821 1325//821 1327//821
f 1416//822 1327//822 1414//822
f 1414//822 1327//822 1329//822
f 1414//823 1329//823 1412//823
f 1412//823 1329//823 1331//823
f 1412//824 1331//824 1411//824
f 1411//824 1331//824 1333//824
f 1411//825 1333//825 1409//825
f 1409//825 1333//825 1335//825
f 1409//826 1335//826 1407//826
f 1407//826 1335//826 1337//826
f 1407//827 1337//827 1405//827
f 1405//827 1337//827 1339//827
f 1405//828 1339//828 1404//828
f 1404//828 1339//828 1341//828
f 1404//829 1341//829 1402//829
f 1402//829 1341//829 1342//829
f 1402//830 1342//830 1400//830
f 1400//830 1342//830 1340//830
f 1400//831 1340//831 1399//831
f 1399//831 1340//831 1338//831
f 1399//832 1338//832 1397//832
f 1397//832 1338//832 1336//832
f 1397//833 1336//833 1395//833
f 1395//833 1336//833 1334//833
f 1395//834 1334//834 1393//834
f 1393//834 1334//834 1332//834
f 1393//835 1332//835 1392//835
f 1392//835 1332//835 1330//835
f 1392//836 1330//836 1390//836
f 1390//837 1330//837 1328//837
f 1390//838 1328//838 1388//838
f 1388//838 1328//838 1326//838
f 1388//839 1326//839 1387//839
f 1387//839 1326//839 1324//839
f 1387//840 1324//840 1385//840
f 1385//840 1324//840 1322//840
f 1385//841 1322//841 1383//841
f 1383//842 1322//842 1320//842
f 1383//843 1320//843 1381//843
f 1381//843 1320//843 1318//843
f 1381//844 1318//844 1380//844
f 1380//844 1318//844 1316//844
f 1380//845 1316//845 1378//845
f 1378//845 1316//845 1314//845
f 1378//846 1314//846 1374//846
f 1374//846 1314//846 1312//846
f 1486//847 1487//847 1488//847
f 1488//847 1487//847 1489//847
f 1488//848 1489//848 1490//848
f 1490//848 1489//848 1491//848
f 1490//849 1491//849 1492//849
f 1492//849 1491//849 1493//849
f 1492//850 1493//850 1494//850
f 1494//850 1493//850 1495//850
f 1494//851 1495//851 1496//851
f 1496//851 1495//851 1497//851
f 1496//852 1497//852 1498//852
f 1498//852 1497//852 1499//852
f 1498//853 1499//853 1500//853
f 1500//853 1499//853 1501//853
f 1500//854 1501//854 1502//854
f 1502//854 1501//854 1503//854
f 1502//855 1503//855 1504//855
f 1504//856 1503//856 1505//856
f 1504//857 1505//857 1506//857
f 1506//857 1505//857 1507//857
f 1506//858 1507//858 1508//858
f 1508//858 1507//858 1509//858
f 1508//859 1509//859 1510//859
f 1510//859 1509//859 1511//859
f 1510//860 1511//860 1512//860
f 1512//861 1511//861 1513//861
f 1512//862 1513//862 1514//862
f 1514//862 1513//862 1515//862
f 1514//863 1515//863 1516//863
f 1516//863 1515//863 1517//863
f 1516//864 1517//864 1518//864
f 1518//864 1517//864 1519//864
f 1518//865 1519//865 1520//865
f 1520//866 1519//866 1521//866
f 1520//867 1521//867 1522//867
f 1522//868 1521//868 1523//868
f 1522//869 1523//869 1524//869
f 1524//870 1523//870 1525//870
f 1524//871 1525//871 1526//871
f 1526//871 1525//871 1527//871
f 1526//872 1527//872 1528//872
f 1528//872 1527//872 1529//872
f 1528//873 1529//873 1530//873
f 1530//873 1529//873 1531//873
f 1530//874 1531//874 1532//874
f 1532//875 1531//875 1533//875
f 1532//876 1533//876 1534//876
f 1534//877 1533//877 1535//877
f 1534//878 1535//878 1536//878
f 1536//878 1535//878 1537//878
f 1536//879 1537//879 1538//879
f 1538//879 1537//879 1539//879
f 1538//880 1539//880 1540//880
f 1540//880 1539//880 1541//880
f 1540//881 1541//881 1542//881
f 1542//881 1541//881 1543//881
f 1542//882 1543//882 1544//882
f 1544//882 1543//882 1545//882
f 1544//883 1545//883 1546//883
f 1546//883 1545//883 1547//883
f 1546//884 1547//884 1548//884
f 1548//884 1547//884 1549//884
f 1548//885 1549//885 1550//885
f 1550//885 1549//885 1551//885
f 1550//886 1551//886 1552//886
f 1552//886 1551//886 1553//886
f 1552//887 1553//887 1554//887
f 1554//887 1553//887 1555//887
f 1554//888 1555//888 1556//888
f 1556//888 1555//888 1557//888
f 1556//889 1557//889 1558//889
f 1558//889 1557//889 1559//889
f 1558//890 1559//890 1560//890
f 1560//890 1559//890 1561//890
f 1560//891 1561//891 1562//891
f 1562//891 1561//891 1563//891
f 1562//892 1563//892 1564//892
f 1564//892 1563//892 1565//892
f 1564//893 1565//893 1566//893
f 1566//893 1565//893 1567//893
f 1566//894 1567//894 1568//894
f 1568//894 1567//894 1569//894
f 1568//895 1569//895 1570//895
f 1570//895 1569//895 1571//895
f 1570//896 1571//896 1572//896
f 1572//896 1571//896 1573//896
f 1572//897 1573//897 1574//897
f 1574//897 1573//897 1575//897
f 1574//898 1575//898 1576//898
f 1576//899 1575//899 1577//899
f 1576//900 1577//900 1578//900
f 1578//901 1577//901 1579//901
f 1578//902 1579//902 1580//902
f 1580//903 1579//903 1581//903
f 1580//904 1581//904 1582//904
f 1582//905 1581//905 1583//905
f 1582//906 1583//906 1584//906
f 1584//906 1583//906 1585//906
f 1584//907 1585//907 1586//907
f 1586//908 1585//908 1587//908
f 1586//909 1587//909 1588//909
f 1588//909 1587//909 1589//909
f 1588//910 1589//910 1590//910
f 1590//910 1589//910 1591//910
f 1590//911 1591//911 1592//911
f 1592//911 1591//911 1593//911
f 1592//912 1593//912 1594//912
f 1594//912 1593//912 1595//912
f 1594//913 1595//913 1596//913
f 1596//914 1595//914 1597//914
f 1596//915 1597//915 1598//915
f 1598//916 1597//916 1599//916
f 1598//917 1599//917 1600//917
f 1600//917 1599//917 1601//917
f 1600//918 1601//918 1602//918
f 1602//918 1601//918 1603//918
f 1602//919 1603//919 1604//919
f 1604//919 1603//919 1605//919
f 1604//756 1605//756 1606//756
f 1606//756 1605//756 1607//756
f 1606//920 1607//920 1608//920
f 1608//920 1607//920 1609//920
f 1608//921 1609//921 1610//921
f 1610//921 1609//921 1611//921
f 1610//922 1611//922 1612//922
f 1612//922 1611//922 1613//922
f 1612//923 1613//923 1614//923
f 1614//923 1613//923 1615//923
f 1614//924 1615//924 1616//924
f 1616//924 1615//924 1617//924
f 1616//925 1617//925 1618//925
f 1618//925 1617//925 1619//925
f 1618//926 1619//926 1620//926
f 1620//926 1619//926 1621//926
f 1620//927 1621//927 1622//927
f 1622//928 1621//928 1623//928
f 1622//929 1623//929 1624//929
f 1624//930 1623//930 1625//930
f 1624//931 1625//931 1626//931
f 1626//932 1625//932 1627//932
f 1626//933 1627//933 1628//933
f 1628//933 1627//933 1629//933
f 1628//934 1629//934 1630//934
f 1630//934 1629//934 1631//934
f 1630//935 1631//935 1632//935
f 1632//936 1631//936 1633//936
f 1632//937 1633//937 1634//937
f 1634//937 1633//937 1635//937
f 1634//938 1635//938 1636//938
f 1636//938 1635//938 1637//938
f 1636//939 1637//939 1638//939
f 1638//940 1637//940 1639//940
f 1638//941 1639//941 1640//941
f 1640//942 1639//942 1641//942
f 1640//943 1641//943 1642//943
f 1642//943 1641//943 1643//943
f 1642//944 1643//944 1644//944
f 1644//944 1643//944 1645//944
f 1644//945 1645//945 1646//945
f 1646//945 1645//945 1647//945
f 1646//946 1647//946 1648//946
f 1648//946 1647//946 1649//946
f 1648//947 1649//947 1650//947
f 1650//948 1649//948 1651//948
f 1650//949 1651//949 1652//949
f 1652//949 1651//949 1653//949
f 1652//950 1653//950 1654//950
f 1654//950 1653//950 1655//950
f 1654//951 1655//951 1656//951
f 1656//951 1655//951 1657//951
f 1656//952 1657//952 1658//952
f 1658//952 1657//952 1659//952
f 1658//953 1659//953 1660//953
f 1660//954 1659//954 1661//954
f 1660//955 1661//955 1662//955
f 1662//955 1661//955 1663//955
f 1662//956 1663//956 1664//956
f 1664//956 1663//956 1665//956
f 1664//957 1665//957 1666//957
f 1666//957 1665//957 1667//957
f 1666//958 1667//958 1668//958
f 1668//958 1667//958 1669//958
f 1668//959 1669//959 1670//959
f 1670//959 1669//959 1671//959
f 1670//960 1671//960 1672//960
f 1672//960 1671//960 1673//960
f 1672//961 1673//961 1674//961
f 1674//961 1673//961 1675//961
f 1674//962 1675//962 1676//962
f 1676//962 1675//962 1677//962
f 1676//963 1677//963 1678//963
f 1678//963 1677//963 1679//963
f 1678//964 1679//964 1680//964
f 1680//964 1679//964 1681//964
f 1680//965 1681//965 1682//965
f 1682//965 1681//965 1683//965
f 1682//966 1683//966 1684//966
f 1684//966 1683//966 1685//966
f 1684//967 1685//967 1686//967
f 1686//968 1685//968 1687//968
f 1686//969 1687//969 1688//969
f 1688//970 1687//970 1689//970
f 1688//971 1689//971 1690//971
f 1690//971 1689//971 1691//971
f 1690//972 1691//972 1692//972
f 1692//972 1691//972 1693//972
f 1692//973 1693//973 1694//973
f 1694//973 1693//973 1695//973
f 1694//974 1695//974 1696//974
f 1696//974 1695//974 1697//974
f 1696//975 1697//975 1698//975
f 1698//976 1697//976 1699//976
f 1698//977 1699//977 1700//977
f 1700//977 1699//977 1701//977
f 1700//978 1701//978 1702//978
f 1702//978 1701//978 1703//978
f 1702//979 1703//979 1704//979
f 1704//979 1703//979 1705//979
f 1704//980 1705//980 1706//980
f 1706//980 1705//980 1707//980
f 1706//981 1707//981 1708//981
f 1708//981 1707//981 1709//981
f 1710//982 1711//982 1712//982
f 1712//982 1711//982 1713//982
f 1712//983 1713//983 1714//983
f 1714//983 1713//983 1715//983
f 1714//984 1715//984 1716//984
f 1716//985 1715//985 1717//985
f 1716//581 1717//581 1486//581
f 1486//581 1717//581 1487//581
f 1708//986 1709//986 1718//986
f 1718//986 1709//986 1719//986
f 1718//987 1719//987 1720//987
f 1720//987 1719//987 1721//987
f 1720//988 1721//988 1722//988
f 1722//988 1721//988 1723//988
f 1722//989 1723//989 1724//989
f 1724//989 1723//989 1725//989
f 1724//990 1725//990 1710//990
f 1710//991 1725//991 1711//991
f 1726//1 1727//1 1728//1
f 1728//1 1727//1 1729//1
f 1728//1 1729//1 1730//1
f 1727//1 1726//1 1731//1
f 1731//1 1726//1 1732//1
f 1731//1 1732//1 1733//1
f 1733//1 1732//1 1734//1
f 1733//1 1734//1 1735//1
f 1735//1 1734//1 1736//1
f 1735//1 1736//1 1737//1
f 1737//1 1736//1 1738//1
f 1737//1 1738//1 1739//1
f 1739//1 1738//1 1740//1
f 1739//1 1740//1 1741//1
f 1741//1 1740//1 1742//1
f 1741//1 1742//1 1743//1
f 1743//1 1742//1 1744//1
f 1743//1 1744//1 1745//1
f 1745//1 1744//1 1746//1
f 1745//1 1746//1 1747//1
f 1747//1 1746//1 1748//1
f 1747//1 1748//1 1749//1
f 1749//1 1748//1 1750//1
f 1749//1 1750//1 1751//1
f 1751//1 1750//1 1752//1
f 1751//1 1752//1 1753//1
f 1753//1 1752//1 1754//1
f 1754//1 1752//1 1755//1
f 1754//1 1755//1 1756//1
f 1756//1 1755//1 1757//1
f 1756//1 1757//1 1758//1
f 1758//1 1757//1 1759//1
f 1758//1 1759//1 1760//1
f 1760//1 1759//1 1761//1
f 1760//1 1761//1 1762//1
f 1762//1 1761//1 1763//1
f 1762//1 1763//1 1764//1
f 1764//1 1763//1 1765//1
f 1764//1 1765//1 1766//1
f 1766//1 1765//1 1767//1
f 1766//1 1767//1 1768//1
f 1768//1 1767//1 1769//1
f 1768//1 1769//1 1770//1
f 1770//1 1769//1 1771//1
f 1770//1 1771//1 1772//1
f 1772//1 1771//1 1773//1
f 1772//1 1773//1 1774//1
f 1774//1 1773//1 1775//1
f 1774//1 1775//1 1776//1
f 1776//1 1775//1 1777//1
f 1776//1 1777//1 1778//1
f 1778//1 1777//1 1779//1
f 1779//1 1777//1 1780//1
f 1779//1 1780//1 1781//1
f 1781//1 1780//1 1782//1
f 1781//1 1782//1 1783//1
f 1783//1 1782//1 1784//1
f 1783//1 1784//1 1785//1
f 1785//1 1784//1 1786//1
f 1785//1 1786//1 1787//1
f 1787//1 1786//1 1788//1
f 1787//1 1788//1 1789//1
f 1789//1 1788//1 1790//1
f 1789//1 1790//1 1791//1
f 1791//1 1790//1 1792//1
f 1791//1 1792//1 1793//1
f 1793//1 1792//1 1794//1
f 1793//1 1794//1 1795//1
f 1795//1 1794//1 1796//1
f 1795//1 1796//1 1797//1
f 1797//1 1796//1 1798//1
f 1797//1 1798//1 1799//1
f 1799//1 1798//1 1800//1
f 1799//1 1800//1 1801//1
f 1801//1 1800//1 1802//1
f 1801//1 1802//1 1803//1
f 1803//1 1802//1 1804//1
f 1803//1 1804//1 1805//1
f 1805//1 1804//1 1806//1
f 1806//1 1804//1 1807//1
f 1806//1 1807//1 1808//1
f 1808//1 1807//1 1809//1
f 1808//1 1809//1 1810//1
f 1810//1 1809//1 1811//1
f 1810//1 1811//1 1812//1
f 1812//1 1811//1 1813//1
f 1812//1 1813//1 1814//1
f 1814//1 1813//1 1815//1
f 1814//1 1815//1 1816//1
f 1816//1 1815//1 1817//1
f 1816//1 1817//1 1818//1
f 1818//1 1817//1 1819//1
f 1818//1 1819//1 1820//1
f 1820//1 1819//1 1821//1
f 1820//1 1821//1 1822//1
f 1822//1 1821//1 1823//1
f 1822//1 1823//1 1824//1
f 1824//1 1823//1 1825//1
f 1824//1 1825//1 1826//1
f 1826//1 1825//1 1827//1
f 1826//1 1827//1 1828//1
f 1828//1 1827//1 1829//1
f 1828//1 1829//1 1830//1
f 1830//1 1829//1 1831//1
f 1831//1 1829//1 1832//1
f 1831//1 1832//1 1833//1
f 1833//1 1832//1 1834//1
f 1833//1 1834//1 1835//1
f 1835//1 1834//1 1836//1
f 1835//1 1836//1 1837//1
f 1837//1 1836//1 1838//1
f 1837//1 1838//1 1839//1
f 1839//1 1838//1 1840//1
f 1839//1 1840//1 1841//1
f 1841//1 1840//1 1842//1
f 1841//1 1842//1 1843//1
f 1843//1 1842//1 1844//1
f 1843//1 1844//1 1845//1
f 1845//1 1844//1 1846//1
f 1845//1 1846//1 1847//1
f 1847//1 1846//1 1848//1
f 1847//1 1848//1 1849//1
f 1849//1 1848//1 1850//1
f 1849//1 1850//1 1851//1
f 1851//1 1850//1 1852//1
f 1851//1 1852//1 1730//1
f 1730//1 1852//1 1728//1
f 1725//63 1487//63 1711//63
f 1711//63 1487//63 1717//63
f 1711//63 1717//63 1715//63
f 1723//63 1853//63 1725//63
f 1725//63 1853//63 1854//63
f 1725//63 1854//63 1489//63
f 1489//63 1854//63 1855//63
f 1489//63 1855//63 1491//63
f 1491//63 1855//63 1856//63
f 1491//63 1856//63 1493//63
f 1493//63 1856//63 1857//63
f 1493//63 1857//63 1858//63
f 1853//63 1723//63 1859//63
f 1859//63 1723//63 1721//63
f 1859//63 1721//63 1860//63
f 1860//63 1721//63 1719//63
f 1860//63 1719//63 1861//63
f 1861//63 1719//63 1699//63
f 1861//63 1699//63 1862//63
f 1862//63 1699//63 1697//63
f 1862//63 1697//63 1863//63
f 1863//63 1697//63 1695//63
f 1863//63 1695//63 1864//63
f 1864//63 1695//63 1865//63
f 1865//63 1695//63 1693//63
f 1865//63 1693//63 1866//63
f 1866//63 1693//63 1691//63
f 1866//63 1691//63 1867//63
f 1867//63 1691//63 1689//63
f 1867//63 1689//63 1868//63
f 1868//63 1689//63 1677//63
f 1868//63 1677//63 1869//63
f 1869//63 1677//63 1675//63
f 1869//63 1675//63 1870//63
f 1870//63 1675//63 1673//63
f 1870//63 1673//63 1871//63
f 1871//63 1673//63 1671//63
f 1871//63 1671//63 1872//63
f 1872//63 1671//63 1659//63
f 1872//63 1659//63 1873//63
f 1873//63 1659//63 1657//63
f 1873//63 1657//63 1874//63
f 1874//63 1657//63 1655//63
f 1874//63 1655//63 1875//63
f 1875//63 1655//63 1653//63
f 1875//63 1653//63 1876//63
f 1876//63 1653//63 1877//63
f 1877//63 1653//63 1651//63
f 1877//63 1651//63 1878//63
f 1878//63 1651//63 1649//63
f 1878//63 1649//63 1879//63
f 1879//63 1649//63 1637//63
f 1879//63 1637//63 1880//63
f 1880//63 1637//63 1635//63
f 1880//63 1635//63 1881//63
f 1881//63 1635//63 1633//63
f 1881//63 1633//63 1882//63
f 1882//63 1633//63 1631//63
f 1882//63 1631//63 1883//63
f 1883//63 1631//63 1619//63
f 1883//63 1619//63 1884//63
f 1884//63 1619//63 1617//63
f 1884//63 1617//63 1885//63
f 1885//63 1617//63 1615//63
f 1885//63 1615//63 1886//63
f 1886//63 1615//63 1613//63
f 1886//63 1613//63 1887//63
f 1887//63 1613//63 1888//63
f 1888//63 1613//63 1611//63
f 1888//63 1611//63 1889//63
f 1889//63 1611//63 1609//63
f 1889//63 1609//63 1890//63
f 1890//63 1609//63 1597//63
f 1890//63 1597//63 1891//63
f 1891//63 1597//63 1595//63
f 1891//63 1595//63 1892//63
f 1892//63 1595//63 1593//63
f 1892//63 1593//63 1893//63
f 1893//63 1593//63 1591//63
f 1893//63 1591//63 1894//63
f 1894//63 1591//63 1579//63
f 1894//63 1579//63 1895//63
f 1895//63 1579//63 1577//63
f 1895//63 1577//63 1896//63
f 1896//63 1577//63 1575//63
f 1896//63 1575//63 1897//63
f 1897//63 1575//63 1898//63
f 1898//63 1575//63 1573//63
f 1898//63 1573//63 1899//63
f 1899//63 1573//63 1571//63
f 1899//63 1571//63 1900//63
f 1900//63 1571//63 1569//63
f 1900//63 1569//63 1901//63
f 1901//63 1569//63 1557//63
f 1901//63 1557//63 1902//63
f 1902//63 1557//63 1555//63
f 1902//63 1555//63 1903//63
f 1903//63 1555//63 1553//63
f 1903//63 1553//63 1904//63
f 1904//63 1553//63 1551//63
f 1904//63 1551//63 1905//63
f 1905//63 1551//63 1539//63
f 1905//63 1539//63 1906//63
f 1906//63 1539//63 1537//63
f 1906//63 1537//63 1907//63
f 1907//63 1537//63 1535//63
f 1907//63 1535//63 1908//63
f 1908//63 1535//63 1533//63
f 1908//63 1533//63 1909//63
f 1909//63 1533//63 1910//63
f 1910//63 1533//63 1531//63
f 1910//63 1531//63 1911//63
f 1911//63 1531//63 1529//63
f 1911//63 1529//63 1912//63
f 1912//63 1529//63 1517//63
f 1912//63 1517//63 1913//63
f 1913//63 1517//63 1515//63
f 1913//63 1515//63 1914//63
f 1914//63 1515//63 1513//63
f 1914//63 1513//63 1915//63
f 1915//63 1513//63 1511//63
f 1915//63 1511//63 1916//63
f 1916//63 1511//63 1499//63
f 1916//63 1499//63 1917//63
f 1917//63 1499//63 1497//63
f 1917//63 1497//63 1918//63
f 1918//63 1497//63 1495//63
f 1918//63 1495//63 1858//63
f 1858//63 1495//63 1493//63
f 1699//63 1719//63 1701//63
f 1701//63 1719//63 1709//63
f 1701//63 1709//63 1707//63
f 1707//63 1705//63 1701//63
f 1701//63 1705//63 1703//63
f 1689//63 1687//63 1677//63
f 1677//63 1687//63 1679//63
f 1679//63 1687//63 1681//63
f 1681//63 1687//63 1683//63
f 1683//63 1687//63 1685//63
f 1659//63 1671//63 1661//63
f 1661//63 1671//63 1669//63
f 1661//63 1669//63 1667//63
f 1667//63 1665//63 1661//63
f 1661//63 1665//63 1663//63
f 1649//63 1647//63 1637//63
f 1637//63 1647//63 1639//63
f 1639//63 1647//63 1641//63
f 1641//63 1647//63 1643//63
f 1643//63 1647//63 1645//63
f 1619//63 1631//63 1621//63
f 1621//63 1631//63 1629//63
f 1621//63 1629//63 1623//63
f 1623//63 1629//63 1625//63
f 1625//63 1629//63 1627//63
f 1609//63 1607//63 1597//63
f 1597//63 1607//63 1599//63
f 1599//63 1607//63 1605//63
f 1599//63 1605//63 1603//63
f 1603//63 1601//63 1599//63
f 1579//63 1591//63 1581//63
f 1581//63 1591//63 1589//63
f 1581//63 1589//63 1587//63
f 1587//63 1585//63 1581//63
f 1581//63 1585//63 1583//63
f 1569//63 1567//63 1557//63
f 1557//63 1567//63 1559//63
f 1559//63 1567//63 1561//63
f 1561//63 1567//63 1563//63
f 1563//63 1567//63 1565//63
f 1539//63 1551//63 1541//63
f 1541//63 1551//63 1549//63
f 1541//63 1549//63 1547//63
f 1547//63 1545//63 1541//63
f 1541//63 1545//63 1543//63
f 1529//63 1527//63 1517//63
f 1517//63 1527//63 1519//63
f 1519//63 1527//63 1521//63
f 1521//63 1527//63 1523//63
f 1523//63 1527//63 1525//63
f 1499//63 1511//63 1501//63
f 1501//63 1511//63 1509//63
f 1501//63 1509//63 1503//63
f 1503//63 1509//63 1505//63
f 1505//63 1509//63 1507//63
f 1489//63 1487//63 1725//63
f 1715//63 1713//63 1711//63
f 1871//992 1789//992 1870//992
f 1870//992 1789//992 1791//992
f 1870//993 1791//993 1869//993
f 1869//993 1791//993 1793//993
f 1869//994 1793//994 1868//994
f 1868//994 1793//994 1795//994
f 1868//995 1795//995 1867//995
f 1867//995 1795//995 1797//995
f 1867//996 1797//996 1866//996
f 1866//996 1797//996 1799//996
f 1866//997 1799//997 1865//997
f 1865//997 1799//997 1801//997
f 1865//973 1801//973 1864//973
f 1864//973 1801//973 1803//973
f 1864//998 1803//998 1863//998
f 1863//998 1803//998 1805//998
f 1863//999 1805//999 1862//999
f 1862//999 1805//999 1806//999
f 1862//1000 1806//1000 1861//1000
f 1861//1000 1806//1000 1808//1000
f 1861//1001 1808//1001 1860//1001
f 1860//1001 1808//1001 1810//1001
f 1860//1002 1810//1002 1859//1002
f 1859//1002 1810//1002 1812//1002
f 1859//1003 1812//1003 1853//1003
f 1853//1004 1812//1004 1814//1004
f 1853//1005 1814//1005 1854//1005
f 1854//1005 1814//1005 1816//1005
f 1854//1006 1816//1006 1855//1006
f 1855//1006 1816//1006 1818//1006
f 1855//1007 1818//1007 1856//1007
f 1856//1008 1818//1008 1820//1008
f 1856//1009 1820//1009 1857//1009
f 1857//1009 1820//1009 1822//1009
f 1857//850 1822//850 1858//850
f 1858//850 1822//850 1824//850
f 1858//1010 1824//1010 1918//1010
f 1918//1011 1824//1011 1826//1011
f 1918//1012 1826//1012 1917//1012
f 1917//1012 1826//1012 1828//1012
f 1917//1013 1828//1013 1916//1013
f 1916//1013 1828//1013 1830//1013
f 1916//1014 1830//1014 1915//1014
f 1915//1015 1830//1015 1831//1015
f 1915//1016 1831//1016 1914//1016
f 1914//1016 1831//1016 1833//1016
f 1914//1017 1833//1017 1913//1017
f 1913//1017 1833//1017 1835//1017
f 1913//1018 1835//1018 1912//1018
f 1912//1018 1835//1018 1837//1018
f 1912//1019 1837//1019 1911//1019
f 1911//1019 1837//1019 1839//1019
f 1911//1020 1839//1020 1910//1020
f 1910//1020 1839//1020 1841//1020
f 1910//1021 1841//1021 1909//1021
f 1909//1021 1841//1021 1843//1021
f 1909//877 1843//877 1908//877
f 1908//877 1843//877 1845//877
f 1908//1022 1845//1022 1907//1022
f 1907//1022 1845//1022 1847//1022
f 1907//1023 1847//1023 1906//1023
f 1906//1023 1847//1023 1849//1023
f 1906//1024 1849//1024 1905//1024
f 1905//1024 1849//1024 1851//1024
f 1905//1025 1851//1025 1904//1025
f 1904//1025 1851//1025 1730//1025
f 1904//1026 1730//1026 1903//1026
f 1903//1026 1730//1026 1729//1026
f 1903//1027 1729//1027 1902//1027
f 1902//1027 1729//1027 1727//1027
f 1902//1028 1727//1028 1901//1028
f 1901//1028 1727//1028 1731//1028
f 1901//1029 1731//1029 1900//1029
f 1900//1029 1731//1029 1733//1029
f 1900//1030 1733//1030 1899//1030
f 1899//1030 1733//1030 1735//1030
f 1899//1031 1735//1031 1898//1031
f 1898//1031 1735//1031 1737//1031
f 1898//897 1737//897 1897//897
f 1897//897 1737//897 1739//897
f 1897//1032 1739//1032 1896//1032
f 1896//1032 1739//1032 1741//1032
f 1896//1033 1741//1033 1895//1033
f 1895//1033 1741//1033 1743//1033
f 1895//1034 1743//1034 1894//1034
f 1894//1034 1743//1034 1745//1034
f 1894//1035 1745//1035 1893//1035
f 1893//1036 1745//1036 1747//1036
f 1893//1037 1747//1037 1892//1037
f 1892//1037 1747//1037 1749//1037
f 1892//1038 1749//1038 1891//1038
f 1891//1038 1749//1038 1751//1038
f 1891//1039 1751//1039 1890//1039
f 1890//1039 1751//1039 1753//1039
f 1890//1040 1753//1040 1889//1040
f 1889//1040 1753//1040 1754//1040
f 1889//1041 1754//1041 1888//1041
f 1888//1041 1754//1041 1756//1041
f 1888//1042 1756//1042 1887//1042
f 1887//1043 1756//1043 1758//1043
f 1887//923 1758//923 1886//923
f 1886//923 1758//923 1760//923
f 1886//1044 1760//1044 1885//1044
f 1885//1044 1760//1044 1762//1044
f 1885//1045 1762//1045 1884//1045
f 1884//1045 1762//1045 1764//1045
f 1884//1046 1764//1046 1883//1046
f 1883//1046 1764//1046 1766//1046
f 1883//1047 1766//1047 1882//1047
f 1882//1047 1766//1047 1768//1047
f 1882//1048 1768//1048 1881//1048
f 1881//1048 1768//1048 1770//1048
f 1881//1049 1770//1049 1880//1049
f 1880//1049 1770//1049 1772//1049
f 1880//1050 1772//1050 1879//1050
f 1879//1050 1772//1050 1774//1050
f 1879//1051 1774//1051 1878//1051
f 1878//1051 1774//1051 1776//1051
f 1878//1052 1776//1052 1877//1052
f 1877//1052 1776//1052 1778//1052
f 1877//1053 1778//1053 1876//1053
f 1876//1053 1778//1053 1779//1053
f 1876//950 1779//950 1875//950
f 1875//950 1779//950 1781//950
f 1875//1054 1781//1054 1874//1054
f 1874//1054 1781//1054 1783//1054
f 1874//1055 1783//1055 1873//1055
f 1873//1055 1783//1055 1785//1055
f 1873//1056 1785//1056 1872//1056
f 1872//1056 1785//1056 1787//1056
f 1872//1057 1787//1057 1871//1057
f 1871//1057 1787//1057 1789//1057
f 1919//1058 1708//1058 1920//1058
f 1920//1059 1708//1059 1921//1059
f 1920//1060 1921//1060 1922//1060
f 1922//1060 1921//1060 1923//1060
f 1922//1061 1923//1061 1924//1061
f 1924//1061 1923//1061 1925//1061
f 1924//1062 1925//1062 1926//1062
f 1926//1063 1925//1063 1927//1063
f 1926//1064 1927//1064 1928//1064
f 1928//1064 1927//1064 1929//1064
f 1928//1065 1929//1065 1930//1065
f 1930//1065 1929//1065 1710//1065
f 1931//1066 1508//1066 1932//1066
f 1932//1067 1508//1067 1933//1067
f 1932//1068 1933//1068 1934//1068
f 1934//1068 1933//1068 1935//1068
f 1934//1069 1935//1069 1936//1069
f 1936//1069 1935//1069 1937//1069
f 1936//1070 1937//1070 1938//1070
f 1938//1071 1937//1071 1939//1071
f 1938//1072 1939//1072 1940//1072
f 1940//1072 1939//1072 1941//1072
f 1940//1073 1941//1073 1942//1073
f 1942//1073 1941//1073 1518//1073
f 1943//1074 1548//1074 1944//1074
f 1944//1074 1548//1074 1945//1074
f 1944//1075 1945//1075 1946//1075
f 1946//1075 1945//1075 1947//1075
f 1946//1076 1947//1076 1948//1076
f 1948//1077 1947//1077 1949//1077
f 1948//1078 1949//1078 1950//1078
f 1950//1078 1949//1078 1951//1078
f 1950//1079 1951//1079 1952//1079
f 1952//1079 1951//1079 1953//1079
f 1952//1080 1953//1080 1954//1080
f 1954//1080 1953//1080 1558//1080
f 1955//1081 1588//1081 1956//1081
f 1956//1082 1588//1082 1957//1082
f 1956//1083 1957//1083 1958//1083
f 1958//1083 1957//1083 1959//1083
f 1958//1084 1959//1084 1960//1084
f 1960//1084 1959//1084 1961//1084
f 1960//1085 1961//1085 1962//1085
f 1962//1086 1961//1086 1963//1086
f 1962//1087 1963//1087 1964//1087
f 1964//1087 1963//1087 1965//1087
f 1964//1088 1965//1088 1966//1088
f 1966//1088 1965//1088 1598//1088
f 1708//1089 1919//1089 1967//1089
f 1967//1089 1919//1089 1968//1089
f 1967//1090 1968//1090 1969//1090
f 1969//1091 1968//1091 1970//1091
f 1969//1092 1970//1092 1971//1092
f 1971//1092 1970//1092 1972//1092
f 1971//1093 1972//1093 1973//1093
f 1973//1094 1972//1094 1974//1094
f 1973//1095 1974//1095 1700//1095
f 1700//1095 1974//1095 1975//1095
f 1976//1096 1678//1096 1977//1096
f 1977//1096 1678//1096 1978//1096
f 1977//1097 1978//1097 1979//1097
f 1979//1097 1978//1097 1980//1097
f 1979//1098 1980//1098 1981//1098
f 1981//1098 1980//1098 1982//1098
f 1981//1099 1982//1099 1983//1099
f 1983//1099 1982//1099 1984//1099
f 1983//1100 1984//1100 1985//1100
f 1985//1100 1984//1100 1686//1100
f 1986//1101 1486//1101 1987//1101
f 1987//1101 1486//1101 1988//1101
f 1987//1102 1988//1102 1989//1102
f 1989//1102 1988//1102 1990//1102
f 1989//1103 1990//1103 1991//1103
f 1991//1103 1990//1103 1992//1103
f 1991//1104 1992//1104 1993//1104
f 1993//1104 1992//1104 1994//1104
f 1993//850 1994//850 1995//850
f 1995//1105 1994//1105 1996//1105
f 1995//1106 1996//1106 1997//1106
f 1997//1106 1996//1106 1998//1106
f 1997//1107 1998//1107 1999//1107
f 1999//1107 1998//1107 2000//1107
f 1999//1108 2000//1108 2001//1108
f 2001//1108 2000//1108 2002//1108
f 2001//1109 2002//1109 2003//1109
f 2003//1110 2002//1110 1500//1110
f 1548//1111 1943//1111 2004//1111
f 2004//1111 1943//1111 2005//1111
f 2004//1112 2005//1112 2006//1112
f 2006//1112 2005//1112 2007//1112
f 2006//1113 2007//1113 2008//1113
f 2008//1113 2007//1113 2009//1113
f 2008//1114 2009//1114 2010//1114
f 2010//1115 2009//1115 2011//1115
f 2010//1116 2011//1116 1540//1116
f 1540//1116 2011//1116 2012//1116
f 1942//1117 1518//1117 2013//1117
f 2013//1118 1518//1118 2014//1118
f 2013//1119 2014//1119 2015//1119
f 2015//1119 2014//1119 2016//1119
f 2015//1120 2016//1120 2017//1120
f 2017//1120 2016//1120 2018//1120
f 2017//1121 2018//1121 2019//1121
f 2019//1121 2018//1121 2020//1121
f 2019//1122 2020//1122 2021//1122
f 2021//1122 2020//1122 1526//1122
f 2022//1123 1566//1123 2023//1123
f 2023//1123 1566//1123 2024//1123
f 2023//1124 2024//1124 2025//1124
f 2025//1125 2024//1125 2026//1125
f 2025//1126 2026//1126 2027//1126
f 2027//1126 2026//1126 2028//1126
f 2027//1127 2028//1127 2029//1127
f 2029//1128 2028//1128 2030//1128
f 2029//897 2030//897 2031//897
f 2031//897 2030//897 2032//897
f 2031//1129 2032//1129 2033//1129
f 2033//1130 2032//1130 2034//1130
f 2033//1131 2034//1131 2035//1131
f 2035//1131 2034//1131 2036//1131
f 2035//1132 2036//1132 2037//1132
f 2037//1132 2036//1132 2038//1132
f 2037//1133 2038//1133 2039//1133
f 2039//1134 2038//1134 1580//1134
f 1628//1135 2040//1135 2041//1135
f 2041//1135 2040//1135 2042//1135
f 2041//1136 2042//1136 2043//1136
f 2043//1136 2042//1136 2044//1136
f 2043//1137 2044//1137 2045//1137
f 2045//1138 2044//1138 2046//1138
f 2045//1139 2046//1139 2047//1139
f 2047//1140 2046//1140 2048//1140
f 2047//1141 2048//1141 1620//1141
f 1620//1142 2048//1142 2049//1142
f 1966//1143 1598//1143 2050//1143
f 2050//1144 1598//1144 2051//1144
f 2050//1145 2051//1145 2052//1145
f 2052//1145 2051//1145 2053//1145
f 2052//1146 2053//1146 2054//1146
f 2054//1146 2053//1146 2055//1146
f 2054//1147 2055//1147 2056//1147
f 2056//1147 2055//1147 2057//1147
f 2056//1148 2057//1148 2058//1148
f 2058//1148 2057//1148 1606//1148
f 2059//1149 1646//1149 2060//1149
f 2060//1149 1646//1149 2061//1149
f 2060//1150 2061//1150 2062//1150
f 2062//1151 2061//1151 2063//1151
f 2062//1152 2063//1152 2064//1152
f 2064//1153 2063//1153 2065//1153
f 2064//1154 2065//1154 2066//1154
f 2066//1154 2065//1154 2067//1154
f 2066//950 2067//950 2068//950
f 2068//1155 2067//1155 2069//1155
f 2068//1156 2069//1156 2070//1156
f 2070//1156 2069//1156 2071//1156
f 2070//1157 2071//1157 2072//1157
f 2072//1157 2071//1157 2073//1157
f 2072//1158 2073//1158 2074//1158
f 2074//1158 2073//1158 2075//1158
f 2074//1159 2075//1159 2076//1159
f 2076//1159 2075//1159 1660//1159
f 2077//1160 1638//1160 2078//1160
f 2078//1161 1638//1161 2079//1161
f 2078//1162 2079//1162 2080//1162
f 2080//1163 2079//1163 2081//1163
f 2080//1164 2081//1164 2082//1164
f 2082//1165 2081//1165 2083//1165
f 2082//1166 2083//1166 2084//1166
f 2084//1167 2083//1167 2085//1167
f 2084//1168 2085//1168 2059//1168
f 2059//1168 2085//1168 1646//1168
f 2048//63 2056//63 2049//63
f 2049//63 2056//63 2058//63
f 2049//63 2058//63 2086//63
f 2086//63 2058//63 2087//63
f 2087//63 2058//63 2088//63
f 2088//63 2058//63 2089//63
f 2089//63 2058//63 2090//63
f 2089//63 2090//63 2091//63
f 2091//63 2090//63 2092//63
f 2091//63 2092//63 2093//63
f 2056//63 2048//63 2054//63
f 2054//63 2048//63 2046//63
f 2054//63 2046//63 2052//63
f 2052//63 2046//63 2044//63
f 2052//1169 2044//1169 2050//1169
f 2050//63 2044//63 2042//63
f 2050//63 2042//63 1966//63
f 1966//63 2042//63 2040//63
f 1966//63 2040//63 1954//63
f 1954//63 2040//63 2094//63
f 1954//63 2094//63 2095//63
f 2095//63 2096//63 1954//63
f 1954//63 2096//63 2097//63
f 1954//63 2097//63 2098//63
f 2077//63 1948//63 2098//63
f 2098//63 1948//63 1950//63
f 2098//63 1950//63 1952//63
f 2078//63 2099//63 2077//63
f 2077//63 2099//63 2100//63
f 2077//63 2100//63 1948//63
f 1948//63 2100//63 2101//63
f 1948//63 2101//63 1946//63
f 1946//63 2101//63 2102//63
f 1946//63 2102//63 2103//63
f 2099//63 2078//63 2104//63
f 2104//63 2078//63 2080//63
f 2104//63 2080//63 2105//63
f 2105//63 2080//63 2082//63
f 2105//63 2082//63 2106//63
f 2106//63 2082//63 2084//63
f 2106//63 2084//63 2076//63
f 2076//63 2084//63 2059//63
f 2076//63 2059//63 2074//63
f 2074//63 2059//63 2072//63
f 2072//63 2059//63 2070//63
f 2070//63 2059//63 2068//63
f 2068//63 2059//63 2066//63
f 2066//63 2059//63 2064//63
f 2064//63 2059//63 2062//63
f 2062//63 2059//63 2060//63
f 1946//63 2103//63 1944//63
f 1944//63 2103//63 2107//63
f 1944//63 2107//63 2108//63
f 1944//63 2108//63 1943//63
f 1943//63 2108//63 1976//63
f 1943//63 1976//63 1977//63
f 1977//63 1979//63 1943//63
f 1943//63 1979//63 1981//63
f 1943//63 1981//63 1942//63
f 1942//63 1981//63 1940//63
f 1940//63 1981//63 1919//63
f 1940//63 1919//63 1938//63
f 1938//63 1919//63 1936//63
f 1936//63 1919//63 1934//63
f 1934//63 1919//63 1932//63
f 1932//63 1919//63 1931//63
f 1931//63 1919//63 1920//63
f 1931//63 1920//63 1922//63
f 1983//63 1972//63 1981//63
f 1981//63 1972//63 1970//63
f 1981//63 1970//63 1968//63
f 1985//63 2109//63 1983//63
f 1983//63 2109//63 2110//63
f 1983//63 2110//63 2111//63
f 1985//63 2112//63 2109//63
f 2109//63 2112//63 2113//63
f 2111//63 2114//63 1983//63
f 1983//63 2114//63 2115//63
f 1983//63 2115//63 2116//63
f 2116//63 1975//63 1983//63
f 1983//63 1975//63 1974//63
f 1983//63 1974//63 1972//63
f 1968//63 1919//63 1981//63
f 1922//63 1924//63 1931//63
f 1931//63 1924//63 1926//63
f 1931//63 1926//63 1928//63
f 1928//63 1930//63 1931//63
f 1931//63 1930//63 2117//63
f 2117//63 1930//63 2118//63
f 2117//63 2118//63 2119//63
f 2119//63 2118//63 2120//63
f 2119//63 2120//63 2121//63
f 2121//63 2120//63 2122//63
f 2121//63 2122//63 2123//63
f 2123//63 2122//63 2124//63
f 2123//63 2124//63 2003//63
f 2003//63 2124//63 1986//63
f 2003//63 1986//63 2001//63
f 2001//63 1986//63 1999//63
f 1999//63 1986//63 1997//63
f 1997//63 1986//63 1995//63
f 1995//63 1986//63 1987//63
f 1995//63 1987//63 1993//63
f 1993//63 1987//63 1989//63
f 1993//63 1989//63 1991//63
f 1943//63 1942//63 2005//63
f 2005//63 1942//63 2013//63
f 2005//63 2013//63 2007//63
f 2007//63 2013//63 2015//63
f 2007//63 2015//63 2009//63
f 2009//63 2015//63 2017//63
f 2009//63 2017//63 2011//63
f 2011//63 2017//63 2019//63
f 2011//63 2019//63 2012//63
f 2012//63 2019//63 2021//63
f 2012//63 2021//63 2125//63
f 2125//63 2021//63 2126//63
f 2126//63 2021//63 2127//63
f 2127//63 2021//63 2128//63
f 2128//63 2021//63 2129//63
f 2129//63 2021//63 2130//63
f 2130//63 2021//63 2131//63
f 2131//63 2021//63 2132//63
f 1952//63 1954//63 2098//63
f 2133//63 1955//63 1954//63
f 1954//63 1955//63 1956//63
f 1954//63 1956//63 1958//63
f 1955//63 2133//63 2134//63
f 2134//63 2133//63 2135//63
f 2134//63 2135//63 2136//63
f 2136//63 2135//63 2137//63
f 2136//63 2137//63 2138//63
f 2138//63 2137//63 2139//63
f 2138//63 2139//63 2140//63
f 2140//63 2139//63 2022//63
f 2140//63 2022//63 2039//63
f 2039//63 2022//63 2023//63
f 2039//63 2023//63 2025//63
f 2025//63 2027//63 2039//63
f 2039//63 2027//63 2029//63
f 2039//63 2029//63 2037//63
f 2037//63 2029//63 2031//63
f 2037//63 2031//63 2035//63
f 2035//63 2031//63 2033//63
f 1958//63 1960//63 1954//63
f 1954//63 1960//63 1962//63
f 1954//63 1962//63 1964//63
f 1964//63 1966//63 1954//63
f 1668//1170 2100//1170 2141//1170
f 2141//1170 2100//1170 2099//1170
f 2141//1171 2099//1171 2142//1171
f 2142//1171 2099//1171 2104//1171
f 2142//1172 2104//1172 2143//1172
f 2143//1172 2104//1172 2105//1172
f 2143//1173 2105//1173 2144//1173
f 2144//1174 2105//1174 2106//1174
f 2144//1175 2106//1175 1660//1175
f 1660//1175 2106//1175 2076//1175
f 1678//1176 1976//1176 2145//1176
f 2145//1176 1976//1176 2108//1176
f 2145//1177 2108//1177 2146//1177
f 2146//1177 2108//1177 2107//1177
f 2146//1178 2107//1178 2147//1178
f 2147//1178 2107//1178 2103//1178
f 2147//1179 2103//1179 2148//1179
f 2148//1179 2103//1179 2102//1179
f 2148//1180 2102//1180 2149//1180
f 2149//1180 2102//1180 2101//1180
f 2149//1181 2101//1181 1668//1181
f 1668//1181 2101//1181 2100//1181
f 2040//1182 1628//1182 2094//1182
f 2094//1182 1628//1182 2150//1182
f 2094//1183 2150//1183 2095//1183
f 2095//1183 2150//1183 2151//1183
f 2095//1184 2151//1184 2096//1184
f 2096//1184 2151//1184 2152//1184
f 2096//1185 2152//1185 2097//1185
f 2097//1186 2152//1186 2153//1186
f 2097//1187 2153//1187 2098//1187
f 2098//1187 2153//1187 2154//1187
f 2098//1188 2154//1188 2077//1188
f 2077//1188 2154//1188 1638//1188
f 2058//1189 1606//1189 2090//1189
f 2090//1189 1606//1189 2155//1189
f 2090//1190 2155//1190 2092//1190
f 2092//1190 2155//1190 2156//1190
f 2092//1191 2156//1191 2093//1191
f 2093//1191 2156//1191 2157//1191
f 2093//1192 2157//1192 2091//1192
f 2091//1192 2157//1192 2158//1192
f 2091//923 2158//923 2089//923
f 2089//1193 2158//1193 2159//1193
f 2089//1194 2159//1194 2088//1194
f 2088//1194 2159//1194 2160//1194
f 2088//1195 2160//1195 2087//1195
f 2087//1195 2160//1195 2161//1195
f 2087//1196 2161//1196 2086//1196
f 2086//1197 2161//1197 2162//1197
f 2086//1198 2162//1198 2049//1198
f 2049//1198 2162//1198 1620//1198
f 1954//1199 1558//1199 2133//1199
f 2133//1199 1558//1199 2163//1199
f 2133//1200 2163//1200 2135//1200
f 2135//1200 2163//1200 2164//1200
f 2135//1201 2164//1201 2137//1201
f 2137//1201 2164//1201 2165//1201
f 2137//1202 2165//1202 2139//1202
f 2139//1202 2165//1202 2166//1202
f 2139//1203 2166//1203 2022//1203
f 2022//1203 2166//1203 1566//1203
f 1588//1204 1955//1204 2167//1204
f 2167//1204 1955//1204 2134//1204
f 2167//1205 2134//1205 2168//1205
f 2168//1206 2134//1206 2136//1206
f 2168//1207 2136//1207 2169//1207
f 2169//1207 2136//1207 2138//1207
f 2169//1208 2138//1208 2170//1208
f 2170//1208 2138//1208 2140//1208
f 2170//1209 2140//1209 1580//1209
f 1580//1209 2140//1209 2039//1209
f 2021//1210 1526//1210 2132//1210
f 2132//1211 1526//1211 2171//1211
f 2132//1212 2171//1212 2131//1212
f 2131//1212 2171//1212 2172//1212
f 2131//1213 2172//1213 2130//1213
f 2130//1214 2172//1214 2173//1214
f 2130//1215 2173//1215 2129//1215
f 2129//1215 2173//1215 2174//1215
f 2129//877 2174//877 2128//877
f 2128//877 2174//877 2175//877
f 2128//1216 2175//1216 2127//1216
f 2127//1216 2175//1216 2176//1216
f 2127//1217 2176//1217 2126//1217
f 2126//1218 2176//1218 2177//1218
f 2126//1219 2177//1219 2125//1219
f 2125//1219 2177//1219 2178//1219
f 2125//1220 2178//1220 2012//1220
f 2012//1220 2178//1220 1540//1220
f 1930//1221 1710//1221 2118//1221
f 2118//1222 1710//1222 2179//1222
f 2118//1223 2179//1223 2120//1223
f 2120//1223 2179//1223 2180//1223
f 2120//1224 2180//1224 2122//1224
f 2122//1224 2180//1224 2181//1224
f 2122//1225 2181//1225 2124//1225
f 2124//1225 2181//1225 2182//1225
f 2124//1226 2182//1226 1986//1226
f 1986//1226 2182//1226 1486//1226
f 1508//1227 1931//1227 2183//1227
f 2183//1227 1931//1227 2117//1227
f 2183//1228 2117//1228 2184//1228
f 2184//1229 2117//1229 2119//1229
f 2184//1230 2119//1230 2185//1230
f 2185//1231 2119//1231 2121//1231
f 2185//1232 2121//1232 2186//1232
f 2186//1233 2121//1233 2123//1233
f 2186//1234 2123//1234 1500//1234
f 1500//1234 2123//1234 2003//1234
f 1985//1235 1686//1235 2112//1235
f 2112//1235 1686//1235 2187//1235
f 2112//1236 2187//1236 2113//1236
f 2113//1236 2187//1236 2188//1236
f 2113//1237 2188//1237 2109//1237
f 2109//1238 2188//1238 2189//1238
f 2109//1239 2189//1239 2110//1239
f 2110//1240 2189//1240 2190//1240
f 2110//973 2190//973 2111//973
f 2111//973 2190//973 2191//973
f 2111//1241 2191//1241 2114//1241
f 2114//1242 2191//1242 2192//1242
f 2114//1243 2192//1243 2115//1243
f 2115//1243 2192//1243 2193//1243
f 2115//1244 2193//1244 2116//1244
f 2116//1244 2193//1244 2194//1244
f 2116//1245 2194//1245 1975//1245
f 1975//1245 2194//1245 1700//1245
f 2195//1246 2196//1246 2197//1246
f 2197//1247 2196//1247 2198//1247
f 2197//1248 2198//1248 2199//1248
f 2199//1249 2200//1249 2197//1249
f 2197//1250 2200//1250 2201//1250
f 2197//1248 2201//1248 2202//1248
f 2202//315 2203//315 2197//315
f 2197//1249 2203//1249 2204//1249
f 2197//315 2204//315 2205//315
f 2205//315 2206//315 2197//315
f 2197//315 2206//315 2207//315
f 2197//1249 2207//1249 2208//1249
f 2208//315 2209//315 2197//315
f 2197//1251 2209//1251 2210//1251
f 2197//1249 2210//1249 2211//1249
f 2211//1251 2212//1251 2197//1251
f 2197//1252 2212//1252 2213//1252
f 2197//1253 2213//1253 2214//1253
f 2214//315 2215//315 2197//315
f 2197//1253 2215//1253 2216//1253
f 2197//1253 2216//1253 2217//1253
f 2197//315 2217//315 2218//315
f 2218//315 2217//315 2219//315
f 2218//1253 2219//1253 2220//1253
f 2220//315 2221//315 2218//315
f 2218//315 2221//315 2222//315
f 2218//1253 2222//1253 2223//1253
f 2223//1252 2224//1252 2218//1252
f 2218//1253 2224//1253 2225//1253
f 2218//315 2225//315 2226//315
f 2226//1252 2227//1252 2218//1252
f 2218//1254 2227//1254 2228//1254
f 2218//1252 2228//1252 2229//1252
f 2218//1254 2229//1254 2230//1254
f 2230//1253 2229//1253 2231//1253
f 2230//1252 2231//1252 2232//1252
f 2232//1254 2231//1254 2233//1254
f 2232//1255 2233//1255 2234//1255
f 2234//1253 2233//1253 2235//1253
f 2234//315 2235//315 2236//315
f 2236//315 2235//315 2237//315
f 2236//1253 2237//1253 2238//1253
f 2238//1253 2237//1253 2239//1253
f 2238//1252 2239//1252 2240//1252
f 2240//315 2239//315 2241//315
f 2240//315 2241//315 2242//315
f 2242//1253 2241//1253 2243//1253
f 2242//1253 2243//1253 2244//1253
f 2244//315 2243//315 2245//315
f 2244//315 2245//315 2246//315
f 2246//1256 2245//1256 2247//1256
f 2246//1252 2247//1252 2248//1252
f 2248//1257 2247//1257 2249//1257
f 2248//1256 2249//1256 2250//1256
f 2250//315 2249//315 2251//315
f 2250//1258 2251//1258 2252//1258
f 2252//1249 2251//1249 2253//1249
f 2252//1256 2253//1256 2254//1256
f 2254//1259 2253//1259 2255//1259
f 2254//1260 2255//1260 2256//1260
f 2256//1261 2255//1261 2257//1261
f 2258//1262 2259//1262 2260//1262
f 2260//1263 2259//1263 2261//1263
f 2260//1264 2261//1264 2262//1264
f 2262//1265 2263//1265 2260//1265
f 2260//1263 2263//1263 2264//1263
f 2260//1266 2264//1266 2265//1266
f 2265//1267 2266//1267 2260//1267
f 2260//1268 2266//1268 2267//1268
f 2260//1269 2267//1269 2268//1269
f 2268//1263 2269//1263 2260//1263
f 2260//326 2269//326 2270//326
f 2260//1269 2270//1269 2271//1269
f 2271//1270 2272//1270 2260//1270
f 2260//326 2272//326 2273//326
f 2260//1268 2273//1268 2274//1268
f 2274//326 2275//326 2260//326
f 2260//326 2275//326 2276//326
f 2260//1269 2276//1269 2277//1269
f 2277//1270 2278//1270 2260//1270
f 2260//1268 2278//1268 2279//1268
f 2260//326 2279//326 2280//326
f 2280//1271 2281//1271 2260//1271
f 2260//1269 2281//1269 2282//1269
f 2260//326 2282//326 2283//326
f 2283//326 2284//326 2260//326
f 2260//1268 2284//1268 2285//1268
f 2260//326 2285//326 2286//326
f 2286//1268 2287//1268 2260//1268
f 2260//1270 2287//1270 2288//1270
f 2260//1269 2288//1269 2289//1269
f 2289//326 2290//326 2260//326
f 2260//326 2290//326 2291//326
f 2291//1268 2290//1268 2292//1268
f 2291//326 2292//326 2293//326
f 2293//1268 2292//1268 2294//1268
f 2293//326 2294//326 2295//326
f 2295//326 2294//326 2296//326
f 2295//1271 2296//1271 2297//1271
f 2297//1269 2296//1269 2298//1269
f 2297//1270 2298//1270 2299//1270
f 2299//1268 2298//1268 2300//1268
f 2299//326 2300//326 2301//326
f 2301//1268 2300//1268 2302//1268
f 2301//326 2302//326 2303//326
f 2303//1268 2302//1268 2304//1268
f 2303//1272 2304//1272 2305//1272
f 2305//1269 2304//1269 2306//1269
f 2305//1273 2306//1273 2307//1273
f 2307//1270 2306//1270 2308//1270
f 2307//1270 2308//1270 2309//1270
f 2309//1266 2308//1266 2310//1266
f 2309//1274 2310//1274 2311//1274
f 2311//326 2310//326 2312//326
f 2311//1275 2312//1275 2313//1275
f 2313//1276 2312//1276 2314//1276
f 2313//1263 2314//1263 2315//1263
f 2315//1277 2314//1277 2316//1277
f 2218//1278 2317//1278 2197//1278
f 2197//1279 2317//1279 2318//1279
f 2197//1280 2318//1280 2195//1280
f 2195//1281 2318//1281 2319//1281
f 2195//1282 2319//1282 2196//1282
f 2196//1283 2319//1283 2320//1283
f 2196//1284 2320//1284 2198//1284
f 2198//1285 2320//1285 2321//1285
f 2198//1286 2321//1286 2199//1286
f 2199//1287 2321//1287 2322//1287
f 2199//1288 2322//1288 2200//1288
f 2200//1289 2322//1289 2323//1289
f 2200//1290 2323//1290 2201//1290
f 2201//1291 2323//1291 2324//1291
f 2201//1292 2324//1292 2202//1292
f 2202//1293 2324//1293 2325//1293
f 2202//1294 2325//1294 2203//1294
f 2203//1295 2325//1295 2326//1295
f 2203//1296 2326//1296 2204//1296
f 2204//1297 2326//1297 2327//1297
f 2204//1298 2327//1298 2205//1298
f 2205//1299 2327//1299 2328//1299
f 2205//1300 2328//1300 2206//1300
f 2206//1301 2328//1301 2329//1301
f 2206//1302 2329//1302 2207//1302
f 2207//1303 2329//1303 2330//1303
f 2207//1304 2330//1304 2208//1304
f 2208//1305 2330//1305 2331//1305
f 2208//1306 2331//1306 2209//1306
f 2209//1307 2331//1307 2332//1307
f 2209//1308 2332//1308 2210//1308
f 2210//1309 2332//1309 2333//1309
f 2210//1310 2333//1310 2211//1310
f 2211//1311 2333//1311 2334//1311
f 2211//1312 2334//1312 2212//1312
f 2212//1313 2334//1313 2335//1313
f 2212//1314 2335//1314 2213//1314
f 2213//1315 2335//1315 2336//1315
f 2213//1316 2336//1316 2214//1316
f 2214//1317 2336//1317 2337//1317
f 2214//1318 2337//1318 2215//1318
f 2215//1319 2337//1319 2338//1319
f 2215//1320 2338//1320 2216//1320
f 2216//1321 2338//1321 2339//1321
f 2216//1322 2339//1322 2217//1322
f 2217//1323 2339//1323 2340//1323
f 2217//1324 2340//1324 2219//1324
f 2219//1325 2340//1325 2341//1325
f 2219//1326 2341//1326 2220//1326
f 2220//1327 2341//1327 2342//1327
f 2220//1328 2342//1328 2221//1328
f 2221//1329 2342//1329 2343//1329
f 2221//1330 2343//1330 2222//1330
f 2222//1331 2343//1331 2344//1331
f 2222//1332 2344//1332 2223//1332
f 2223//1333 2344//1333 2345//1333
f 2223//1334 2345//1334 2224//1334
f 2224//1335 2345//1335 2346//1335
f 2224//1336 2346//1336 2225//1336
f 2225//1337 2346//1337 2347//1337
f 2225//1338 2347//1338 2226//1338
f 2226//1339 2347//1339 2348//1339
f 2226//1340 2348//1340 2227//1340
f 2227//1341 2348//1341 2349//1341
f 2227//1342 2349//1342 2228//1342
f 2228//1343 2349//1343 2350//1343
f 2228//1344 2350//1344 2229//1344
f 2229//1345 2350//1345 2351//1345
f 2229//1346 2351//1346 2231//1346
f 2231//1347 2351//1347 2352//1347
f 2231//1348 2352//1348 2233//1348
f 2233//1349 2352//1349 2353//1349
f 2233//1350 2353//1350 2235//1350
f 2235//1351 2353//1351 2354//1351
f 2235//1352 2354//1352 2237//1352
f 2237//1353 2354//1353 2355//1353
f 2237//1354 2355//1354 2239//1354
f 2239//1355 2355//1355 2356//1355
f 2239//1356 2356//1356 2241//1356
f 2241//1357 2356//1357 2357//1357
f 2241//1358 2357//1358 2243//1358
f 2243//1359 2357//1359 2358//1359
f 2243//1360 2358//1360 2245//1360
f 2245//1361 2358//1361 2359//1361
f 2245//1362 2359//1362 2247//1362
f 2247//1363 2359//1363 2360//1363
f 2247//1364 2360//1364 2249//1364
f 2249//1365 2360//1365 2361//1365
f 2249//1366 2361//1366 2251//1366
f 2251//1367 2361//1367 2362//1367
f 2251//1368 2362//1368 2253//1368
f 2253//1369 2362//1369 2363//1369
f 2253//1370 2363//1370 2255//1370
f 2255//1371 2363//1371 2364//1371
f 2255//1372 2364//1372 2257//1372
f 2257//1373 2364//1373 2365//1373
f 2257//1374 2365//1374 2256//1374
f 2256//1375 2365//1375 2366//1375
f 2256//1376 2366//1376 2254//1376
f 2254//1377 2366//1377 2367//1377
f 2254//1378 2367//1378 2252//1378
f 2252//1379 2367//1379 2368//1379
f 2252//1380 2368//1380 2250//1380
f 2250//1381 2368//1381 2369//1381
f 2250//1382 2369//1382 2248//1382
f 2248//1383 2369//1383 2370//1383
f 2248//1384 2370//1384 2246//1384
f 2246//1385 2370//1385 2371//1385
f 2246//1386 2371//1386 2244//1386
f 2244//1387 2371//1387 2372//1387
f 2244//1388 2372//1388 2242//1388
f 2242//1389 2372//1389 2373//1389
f 2242//1390 2373//1390 2240//1390
f 2240//1391 2373//1391 2374//1391
f 2240//1392 2374//1392 2238//1392
f 2238//1393 2374//1393 2375//1393
f 2238//1394 2375//1394 2236//1394
f 2236//1395 2375//1395 2376//1395
f 2236//1396 2376//1396 2234//1396
f 2234//1397 2376//1397 2377//1397
f 2234//1398 2377//1398 2232//1398
f 2232//1399 2377//1399 2378//1399
f 2232//1400 2378//1400 2230//1400
f 2230//1401 2378//1401 2379//1401
f 2230//1402 2379//1402 2218//1402
f 2218//1403 2379//1403 2317//1403
f 2350//1404 2349//1404 2258//1404
f 2258//1405 2349//1405 2348//1405
f 2258//1406 2348//1406 2259//1406
f 2259//1407 2348//1407 2347//1407
f 2259//1408 2347//1408 2261//1408
f 2261//1409 2347//1409 2346//1409
f 2261//1410 2346//1410 2262//1410
f 2262//1411 2346//1411 2345//1411
f 2262//1412 2345//1412 2263//1412
f 2263//1413 2345//1413 2344//1413
f 2263//1414 2344//1414 2264//1414
f 2264//1415 2344//1415 2343//1415
f 2264//1416 2343//1416 2265//1416
f 2265//1417 2343//1417 2342//1417
f 2265//1418 2342//1418 2266//1418
f 2266//1419 2342//1419 2341//1419
f 2266//1420 2341//1420 2267//1420
f 2267//1421 2341//1421 2340//1421
f 2267//1422 2340//1422 2268//1422
f 2268//1423 2340//1423 2339//1423
f 2268//1424 2339//1424 2269//1424
f 2269//1425 2339//1425 2338//1425
f 2269//1426 2338//1426 2270//1426
f 2270//1427 2338//1427 2337//1427
f 2270//1428 2337//1428 2271//1428
f 2271//1429 2337//1429 2336//1429
f 2271//1430 2336//1430 2272//1430
f 2272//1431 2336//1431 2335//1431
f 2272//1432 2335//1432 2273//1432
f 2273//1433 2335//1433 2334//1433
f 2273//1434 2334//1434 2274//1434
f 2274//1435 2334//1435 2333//1435
f 2274//1436 2333//1436 2332//1436
f 2274//1437 2332//1437 2275//1437
f 2275//1438 2332//1438 2331//1438
f 2275//1439 2331//1439 2276//1439
f 2276//1440 2331//1440 2330//1440
f 2276//1441 2330//1441 2277//1441
f 2277//1442 2330//1442 2329//1442
f 2277//1443 2329//1443 2278//1443
f 2278//1444 2329//1444 2328//1444
f 2278//1445 2328//1445 2279//1445
f 2279//1446 2328//1446 2327//1446
f 2279//1447 2327//1447 2280//1447
f 2280//1448 2327//1448 2326//1448
f 2280//1449 2326//1449 2281//1449
f 2281//1450 2326//1450 2325//1450
f 2281//1451 2325//1451 2282//1451
f 2282//1452 2325//1452 2324//1452
f 2282//1453 2324//1453 2283//1453
f 2283//1454 2324//1454 2323//1454
f 2283//1455 2323//1455 2284//1455
f 2284//1456 2323//1456 2322//1456
f 2284//1457 2322//1457 2285//1457
f 2285//1458 2322//1458 2321//1458
f 2285//1459 2321//1459 2286//1459
f 2286//1460 2321//1460 2320//1460
f 2286//1461 2320//1461 2287//1461
f 2287//1462 2320//1462 2319//1462
f 2287//1463 2319//1463 2288//1463
f 2288//1464 2319//1464 2318//1464
f 2288//1465 2318//1465 2317//1465
f 2288//1465 2317//1465 2289//1465
f 2289//1466 2317//1466 2379//1466
f 2289//1467 2379//1467 2290//1467
f 2290//1468 2379//1468 2378//1468
f 2290//1469 2378//1469 2292//1469
f 2292//1470 2378//1470 2377//1470
f 2292//1471 2377//1471 2294//1471
f 2294//1472 2377//1472 2376//1472
f 2294//1473 2376//1473 2296//1473
f 2296//1474 2376//1474 2375//1474
f 2296//1475 2375//1475 2298//1475
f 2298//1476 2375//1476 2374//1476
f 2298//1477 2374//1477 2300//1477
f 2300//1478 2374//1478 2373//1478
f 2300//1479 2373//1479 2302//1479
f 2302//1480 2373//1480 2372//1480
f 2302//1481 2372//1481 2304//1481
f 2304//1482 2372//1482 2371//1482
f 2304//1483 2371//1483 2306//1483
f 2306//1484 2371//1484 2370//1484
f 2306//1485 2370//1485 2308//1485
f 2308//1486 2370//1486 2369//1486
f 2308//1487 2369//1487 2310//1487
f 2310//1488 2369//1488 2368//1488
f 2310//1489 2368//1489 2312//1489
f 2312//1490 2368//1490 2367//1490
f 2312//1491 2367//1491 2314//1491
f 2314//1492 2367//1492 2366//1492
f 2314//1493 2366//1493 2316//1493
f 2316//1494 2366//1494 2365//1494
f 2316//1495 2365//1495 2364//1495
f 2316//1496 2364//1496 2315//1496
f 2315//1497 2364//1497 2363//1497
f 2315//1498 2363//1498 2313//1498
f 2313//1499 2363//1499 2362//1499
f 2313//1500 2362//1500 2311//1500
f 2311//1501 2362//1501 2361//1501
f 2311//1502 2361//1502 2309//1502
f 2309//1503 2361//1503 2360//1503
f 2309//1504 2360//1504 2307//1504
f 2307//1505 2360//1505 2359//1505
f 2307//1506 2359//1506 2305//1506
f 2305//1507 2359//1507 2358//1507
f 2305//1508 2358//1508 2303//1508
f 2303//1509 2358//1509 2357//1509
f 2303//1510 2357//1510 2301//1510
f 2301//1511 2357//1511 2356//1511
f 2301//1512 2356//1512 2299//1512
f 2299//1513 2356//1513 2355//1513
f 2299//1514 2355//1514 2297//1514
f 2297//1515 2355//1515 2354//1515
f 2297//1516 2354//1516 2295//1516
f 2295//1517 2354//1517 2353//1517
f 2295//1518 2353//1518 2293//1518
f 2293//1519 2353//1519 2352//1519
f 2293//1520 2352//1520 2291//1520
f 2291//1521 2352//1521 2351//1521
f 2291//1522 2351//1522 2260//1522
f 2260//1523 2351//1523 2350//1523
f 2260//1524 2350//1524 2258//1524
f 2380//1525 2381//1525 2382//1525
f 2382//1526 2381//1526 2383//1526
f 2382//1527 2383//1527 2384//1527
f 2384//326 2385//326 2382//326
f 2382//1528 2385//1528 2386//1528
f 2382//1528 2386//1528 2387//1528
f 2387//1529 2388//1529 2382//1529
f 2382//326 2388//326 2389//326
f 2382//326 2389//326 2390//326
f 2390//1276 2391//1276 2382//1276
f 2382//1270 2391//1270 2392//1270
f 2382//326 2392//326 2393//326
f 2393//326 2394//326 2382//326
f 2382//1276 2394//1276 2395//1276
f 2382//326 2395//326 2396//326
f 2396//326 2397//326 2382//326
f 2382//1268 2397//1268 2398//1268
f 2382//326 2398//326 2399//326
f 2399//1270 2400//1270 2382//1270
f 2382//1270 2400//1270 2401//1270
f 2382//1268 2401//1268 2402//1268
f 2402//326 2403//326 2382//326
f 2382//1268 2403//1268 2404//1268
f 2382//1270 2404//1270 2405//1270
f 2405//1268 2406//1268 2382//1268
f 2382//326 2406//326 2407//326
f 2382//1268 2407//1268 2408//1268
f 2408//1268 2409//1268 2382//1268
f 2382//1268 2409//1268 2410//1268
f 2382//1270 2410//1270 2411//1270
f 2411//1268 2412//1268 2382//1268
f 2382//326 2412//326 2413//326
f 2413//1270 2412//1270 2414//1270
f 2413//1269 2414//1269 2415//1269
f 2415//1270 2414//1270 2416//1270
f 2415//1268 2416//1268 2417//1268
f 2417//1270 2416//1270 2418//1270
f 2417//1269 2418//1269 2419//1269
f 2419//326 2418//326 2420//326
f 2419//1270 2420//1270 2421//1270
f 2421//1270 2420//1270 2422//1270
f 2421//326 2422//326 2423//326
f 2423//326 2422//326 2424//326
f 2423//326 2424//326 2425//326
f 2425//1273 2424//1273 2426//1273
f 2425//1272 2426//1272 2427//1272
f 2427//1268 2426//1268 2428//1268
f 2427//1273 2428//1273 2429//1273
f 2429//1272 2428//1272 2430//1272
f 2429//1273 2430//1273 2431//1273
f 2431//1271 2430//1271 2432//1271
f 2431//1268 2432//1268 2433//1268
f 2433//1270 2432//1270 2434//1270
f 2433//1269 2434//1269 2435//1269
f 2435//1269 2434//1269 2436//1269
f 2435//924 2436//924 2437//924
f 2437//1530 2436//1530 2438//1530
f 2439//1531 2440//1531 2441//1531
f 2441//1532 2440//1532 2442//1532
f 2441//1533 2442//1533 2443//1533
f 2443//1534 2442//1534 2444//1534
f 2443//1535 2444//1535 2445//1535
f 2445//1536 2444//1536 2446//1536
f 2445//1537 2446//1537 2447//1537
f 2447//1538 2446//1538 2448//1538
f 2447//1539 2448//1539 2449//1539
f 2449//1540 2448//1540 2450//1540
f 2449//1541 2450//1541 2451//1541
f 2451//1542 2450//1542 2452//1542
f 2451//1543 2452//1543 2453//1543
f 2453//1544 2452//1544 2454//1544
f 2453//1545 2454//1545 2455//1545
f 2455//1546 2454//1546 2456//1546
f 2455//1547 2456//1547 2457//1547
f 2457//1548 2456//1548 2458//1548
f 2457//1549 2458//1549 2459//1549
f 2459//1550 2458//1550 2460//1550
f 2459//1551 2460//1551 2461//1551
f 2461//1552 2460//1552 2462//1552
f 2461//1553 2462//1553 2463//1553
f 2463//1554 2462//1554 2464//1554
f 2463//1555 2464//1555 2465//1555
f 2465//1556 2464//1556 2466//1556
f 2465//1557 2466//1557 2467//1557
f 2467//1558 2466//1558 2468//1558
f 2467//1559 2468//1559 2469//1559
f 2469//1560 2468//1560 2470//1560
f 2469//1561 2470//1561 2471//1561
f 2471//1562 2470//1562 2472//1562
f 2471//1563 2472//1563 2473//1563
f 2473//1564 2472//1564 2474//1564
f 2473//1565 2474//1565 2475//1565
f 2475//1566 2474//1566 2476//1566
f 2475//1567 2476//1567 2477//1567
f 2477//1568 2476//1568 2478//1568
f 2477//1569 2478//1569 2479//1569
f 2479//1570 2478//1570 2480//1570
f 2479//1571 2480//1571 2481//1571
f 2481//1572 2480//1572 2482//1572
f 2481//1573 2482//1573 2483//1573
f 2483//1574 2482//1574 2484//1574
f 2483//1575 2484//1575 2485//1575
f 2485//1576 2484//1576 2486//1576
f 2485//1577 2486//1577 2487//1577
f 2487//1578 2486//1578 2488//1578
f 2487//1579 2488//1579 2489//1579
f 2489//1580 2488//1580 2490//1580
f 2489//1581 2490//1581 2491//1581
f 2491//1582 2490//1582 2492//1582
f 2491//1583 2492//1583 2493//1583
f 2493//1584 2492//1584 2494//1584
f 2493//1585 2494//1585 2495//1585
f 2495//1586 2494//1586 2496//1586
f 2495//1587 2496//1587 2497//1587
f 2497//1588 2496//1588 2498//1588
f 2497//1589 2498//1589 2499//1589
f 2499//1590 2498//1590 2500//1590
f 2499//1591 2500//1591 2501//1591
f 2501//1592 2500//1592 2502//1592
f 2501//1593 2502//1593 2503//1593
f 2503//1594 2502//1594 2504//1594
f 2503//1595 2504//1595 2505//1595
f 2505//1596 2504//1596 2506//1596
f 2505//1597 2506//1597 2507//1597
f 2507//1598 2506//1598 2508//1598
f 2507//1599 2508//1599 2509//1599
f 2509//1600 2508//1600 2510//1600
f 2509//1601 2510//1601 2511//1601
f 2511//1602 2510//1602 2512//1602
f 2511//1603 2512//1603 2513//1603
f 2513//1604 2512//1604 2514//1604
f 2513//1605 2514//1605 2515//1605
f 2515//1606 2514//1606 2516//1606
f 2515//1607 2516//1607 2517//1607
f 2517//1608 2516//1608 2518//1608
f 2517//1609 2518//1609 2519//1609
f 2519//1610 2518//1610 2520//1610
f 2519//1611 2520//1611 2521//1611
f 2521//1612 2520//1612 2522//1612
f 2521//1613 2522//1613 2523//1613
f 2523//1614 2522//1614 2524//1614
f 2523//1615 2524//1615 2525//1615
f 2525//1616 2524//1616 2526//1616
f 2525//1617 2526//1617 2527//1617
f 2527//1618 2526//1618 2528//1618
f 2527//1619 2528//1619 2529//1619
f 2529//1620 2528//1620 2530//1620
f 2529//1621 2530//1621 2531//1621
f 2531//1622 2530//1622 2532//1622
f 2531//1623 2532//1623 2533//1623
f 2533//1624 2532//1624 2534//1624
f 2533//1625 2534//1625 2535//1625
f 2535//1626 2534//1626 2536//1626
f 2535//1627 2536//1627 2537//1627
f 2537//1628 2536//1628 2538//1628
f 2537//1629 2538//1629 2539//1629
f 2539//1630 2538//1630 2540//1630
f 2539//1631 2540//1631 2541//1631
f 2541//1632 2540//1632 2542//1632
f 2541//1633 2542//1633 2543//1633
f 2543//1634 2542//1634 2544//1634
f 2543//1635 2544//1635 2545//1635
f 2545//1636 2544//1636 2546//1636
f 2545//1637 2546//1637 2547//1637
f 2547//1638 2546//1638 2548//1638
f 2547//1639 2548//1639 2549//1639
f 2549//1640 2548//1640 2550//1640
f 2549//1641 2550//1641 2551//1641
f 2551//1642 2550//1642 2552//1642
f 2551//1643 2552//1643 2553//1643
f 2553//1644 2552//1644 2554//1644
f 2553//1645 2554//1645 2555//1645
f 2555//1646 2554//1646 2556//1646
f 2555//1647 2556//1647 2557//1647
f 2557//1648 2556//1648 2558//1648
f 2557//1649 2558//1649 2559//1649
f 2559//1650 2558//1650 2560//1650
f 2559//1651 2560//1651 2561//1651
f 2561//1652 2560//1652 2562//1652
f 2561//1653 2562//1653 2563//1653
f 2563//1654 2562//1654 2564//1654
f 2563//1655 2564//1655 2439//1655
f 2439//1656 2564//1656 2440//1656
f 2506//1657 2504//1657 2380//1657
f 2380//1658 2504//1658 2502//1658
f 2380//1659 2502//1659 2381//1659
f 2381//1660 2502//1660 2500//1660
f 2381//1661 2500//1661 2383//1661
f 2383//1662 2500//1662 2498//1662
f 2383//1663 2498//1663 2384//1663
f 2384//1664 2498//1664 2496//1664
f 2384//1665 2496//1665 2385//1665
f 2385//1666 2496//1666 2494//1666
f 2385//1667 2494//1667 2386//1667
f 2386//1668 2494//1668 2492//1668
f 2386//1669 2492//1669 2387//1669
f 2387//1670 2492//1670 2490//1670
f 2387//1671 2490//1671 2388//1671
f 2388//1672 2490//1672 2488//1672
f 2388//1673 2488//1673 2389//1673
f 2389//1674 2488//1674 2486//1674
f 2389//1675 2486//1675 2390//1675
f 2390//1676 2486//1676 2484//1676
f 2390//1677 2484//1677 2391//1677
f 2391//1678 2484//1678 2482//1678
f 2391//1679 2482//1679 2392//1679
f 2392//1680 2482//1680 2480//1680
f 2392//1681 2480//1681 2393//1681
f 2393//1682 2480//1682 2478//1682
f 2393//1683 2478//1683 2394//1683
f 2394//1684 2478//1684 2476//1684
f 2394//1685 2476//1685 2395//1685
f 2395//1686 2476//1686 2474//1686
f 2395//1687 2474//1687 2396//1687
f 2396//1688 2474//1688 2472//1688
f 2396//1689 2472//1689 2470//1689
f 2396//1690 2470//1690 2397//1690
f 2397//1691 2470//1691 2468//1691
f 2397//1692 2468//1692 2398//1692
f 2398//1693 2468//1693 2466//1693
f 2398//1694 2466//1694 2399//1694
f 2399//1695 2466//1695 2464//1695
f 2399//1696 2464//1696 2400//1696
f 2400//1697 2464//1697 2462//1697
f 2400//1698 2462//1698 2401//1698
f 2401//1699 2462//1699 2460//1699
f 2401//1700 2460//1700 2402//1700
f 2402//1701 2460//1701 2458//1701
f 2402//1702 2458//1702 2403//1702
f 2403//1703 2458//1703 2456//1703
f 2403//1704 2456//1704 2404//1704
f 2404//1705 2456//1705 2454//1705
f 2404//1706 2454//1706 2405//1706
f 2405//1707 2454//1707 2452//1707
f 2405//1708 2452//1708 2406//1708
f 2406//1709 2452//1709 2450//1709
f 2406//1710 2450//1710 2407//1710
f 2407//1711 2450//1711 2448//1711
f 2407//1712 2448//1712 2408//1712
f 2408//1713 2448//1713 2446//1713
f 2408//1714 2446//1714 2409//1714
f 2409//1715 2446//1715 2444//1715
f 2409//1716 2444//1716 2410//1716
f 2410//1717 2444//1717 2442//1717
f 2410//1718 2442//1718 2440//1718
f 2410//1718 2440//1718 2411//1718
f 2411//1719 2440//1719 2564//1719
f 2411//1720 2564//1720 2412//1720
f 2412//1721 2564//1721 2562//1721
f 2412//1722 2562//1722 2414//1722
f 2414//1723 2562//1723 2560//1723
f 2414//1724 2560//1724 2416//1724
f 2416//1725 2560//1725 2558//1725
f 2416//1726 2558//1726 2418//1726
f 2418//1727 2558//1727 2556//1727
f 2418//1728 2556//1728 2420//1728
f 2420//1729 2556//1729 2554//1729
f 2420//1730 2554//1730 2422//1730
f 2422//1731 2554//1731 2552//1731
f 2422//1732 2552//1732 2424//1732
f 2424//1733 2552//1733 2550//1733
f 2424//1734 2550//1734 2426//1734
f 2426//1735 2550//1735 2548//1735
f 2426//1736 2548//1736 2428//1736
f 2428//1737 2548//1737 2546//1737
f 2428//1738 2546//1738 2430//1738
f 2430//1739 2546//1739 2544//1739
f 2430//1740 2544//1740 2432//1740
f 2432//1741 2544//1741 2542//1741
f 2432//1742 2542//1742 2434//1742
f 2434//1743 2542//1743 2540//1743
f 2434//1744 2540//1744 2436//1744
f 2436//1745 2540//1745 2538//1745
f 2436//1746 2538//1746 2438//1746
f 2438//1747 2538//1747 2536//1747
f 2438//1748 2536//1748 2534//1748
f 2438//1749 2534//1749 2437//1749
f 2437//1750 2534//1750 2532//1750
f 2437//1751 2532//1751 2435//1751
f 2435//1752 2532//1752 2530//1752
f 2435//1753 2530//1753 2433//1753
f 2433//1754 2530//1754 2528//1754
f 2433//1755 2528//1755 2431//1755
f 2431//1756 2528//1756 2526//1756
f 2431//1757 2526//1757 2429//1757
f 2429//1758 2526//1758 2524//1758
f 2429//1759 2524//1759 2427//1759
f 2427//1760 2524//1760 2522//1760
f 2427//1761 2522//1761 2425//1761
f 2425//1762 2522//1762 2520//1762
f 2425//1763 2520//1763 2423//1763
f 2423//1764 2520//1764 2518//1764
f 2423//1765 2518//1765 2421//1765
f 2421//1766 2518//1766 2516//1766
f 2421//1767 2516//1767 2419//1767
f 2419//1768 2516//1768 2514//1768
f 2419//1769 2514//1769 2417//1769
f 2417//1770 2514//1770 2512//1770
f 2417//1771 2512//1771 2415//1771
f 2415//1772 2512//1772 2510//1772
f 2415//1773 2510//1773 2413//1773
f 2413//1774 2510//1774 2508//1774
f 2413//1775 2508//1775 2382//1775
f 2382//1776 2508//1776 2506//1776
f 2382//1777 2506//1777 2380//1777
