# Blender 5.2.0 LTS
# www.blender.org
mtllib calf_wheel_right.mtl
o calf_wheel_right
v 0.005232 0.014500 0.020338
v -0.002247 0.014500 0.020879
v 0.001517 0.014500 0.020945
v 0.008780 0.014500 0.019077
v -0.005939 0.014500 0.020143
v 0.012045 0.014500 0.017202
v -0.009441 0.014500 0.018758
v 0.014923 0.014500 0.014775
v 0.017321 0.014500 0.011873
v 0.019163 0.014500 0.008590
v 0.020389 0.014500 0.005030
v 0.020959 0.014500 0.001308
v 0.020856 0.014500 -0.002455
v 0.020082 0.014500 -0.006140
v 0.018663 0.014500 -0.009627
v 0.016645 0.014500 -0.012805
v 0.014091 0.014500 -0.015571
v -0.012638 0.014500 0.016771
v 0.011084 0.014500 -0.017837
v 0.007721 0.014500 -0.019529
v 0.004110 0.014500 -0.020594
v 0.000367 0.014500 -0.020997
v -0.003388 0.014500 -0.020725
v -0.007034 0.014500 -0.019787
v -0.010454 0.014500 -0.018213
v -0.013538 0.014500 -0.016053
v -0.016187 0.014500 -0.013378
v -0.015430 0.014500 0.014245
v -0.018316 0.014500 -0.010273
v -0.017725 0.014500 0.011261
v -0.019856 0.014500 -0.006837
v -0.019451 0.014500 0.007915
v -0.020758 0.014500 -0.003182
v -0.020552 0.014500 0.004315
v -0.020992 0.014500 0.000576
v -0.009814 -0.003000 0.047891
v -0.008794 -0.013000 0.048887
v -0.007495 -0.003000 0.049931
v -0.010971 -0.013000 0.046506
v -0.010971 0.013000 0.046506
v -0.012627 0.013000 0.043736
v -0.012627 -0.013000 0.043736
v -0.013694 0.003000 0.040690
v -0.013694 -0.003000 0.040690
v -0.013694 -0.013000 0.040690
v -0.006182 -0.013000 0.050783
v -0.004827 -0.003000 0.051487
v -0.003244 -0.013000 0.052116
v -0.001910 -0.003000 0.052502
v -0.000097 -0.013000 0.052832
v 0.001148 -0.003000 0.052937
v 0.003129 -0.013000 0.052903
v 0.004233 -0.003000 0.052777
v 0.006304 -0.013000 0.052325
v 0.007229 -0.003000 0.052027
v 0.009298 -0.013000 0.051121
v 0.010025 -0.003000 0.050715
v 0.011990 -0.013000 0.049341
v 0.012518 -0.003000 0.048890
v 0.014269 -0.013000 0.047058
v 0.014613 -0.003000 0.046621
v 0.016045 -0.013000 0.044363
v 0.016233 -0.003000 0.043991
v 0.017243 -0.013000 0.041367
v 0.017317 -0.003000 0.041099
v 0.017816 -0.013000 0.038191
v 0.017826 -0.003000 0.038052
v 0.017740 -0.013000 0.034965
v 0.017740 -0.003000 0.034965
v -0.013694 0.013000 0.040690
v -0.009814 0.003000 0.047891
v -0.008794 0.013000 0.048887
v -0.007495 0.003000 0.049931
v -0.006182 0.013000 0.050783
v -0.004827 0.003000 0.051487
v -0.003244 0.013000 0.052116
v -0.001910 0.003000 0.052502
v -0.000097 0.013000 0.052832
v 0.001148 0.003000 0.052937
v 0.003129 0.013000 0.052903
v 0.004233 0.003000 0.052777
v 0.006304 0.013000 0.052325
v 0.007229 0.003000 0.052027
v 0.009298 0.013000 0.051121
v 0.010025 0.003000 0.050715
v 0.011990 0.013000 0.049341
v 0.012518 0.003000 0.048890
v 0.014269 0.013000 0.047058
v 0.014613 0.003000 0.046621
v 0.016045 0.013000 0.044363
v 0.016233 0.003000 0.043991
v 0.017243 0.013000 0.041367
v 0.017317 0.003000 0.041099
v 0.017816 0.013000 0.038191
v 0.017826 0.003000 0.038052
v 0.017740 0.013000 0.034965
v 0.017740 0.003000 0.034965
v -0.000690 -0.003000 0.024685
v 0.022431 -0.003000 -0.045061
v 0.025158 -0.003000 -0.060592
v 0.021272 -0.003000 -0.038102
v 0.020721 -0.003000 -0.034662
v 0.020152 -0.003000 -0.031012
v 0.019406 -0.003000 -0.024248
v 0.019236 -0.003000 -0.017446
v 0.019646 -0.003000 -0.010654
v 0.018693 -0.003000 0.011663
v 0.017731 -0.003000 0.017439
v 0.020129 -0.003000 0.005987
v 0.020631 -0.003000 -0.003921
v 0.020822 -0.003000 0.002725
v 0.020991 -0.003000 -0.000606
v 0.017250 -0.003000 0.023274
v 0.017253 -0.003000 0.029130
v -0.002604 -0.003000 0.024105
v -0.001924 0.001870 0.021860
v -0.002604 0.003000 0.024105
v -0.001756 0.000668 0.021305
v -0.001756 -0.000668 0.021305
v -0.002227 0.002703 0.022859
v -0.001924 -0.001870 0.021860
v -0.002227 -0.002703 0.022859
v 0.017253 -0.013000 0.029130
v 0.017250 -0.013000 0.023274
v 0.017731 -0.013000 0.017439
v 0.018693 -0.013000 0.011663
v 0.020129 -0.013000 0.005987
v 0.018828 -0.013000 0.009302
v 0.016985 -0.013000 0.012350
v 0.014654 -0.013000 0.015042
v 0.011901 -0.013000 0.017302
v 0.008806 -0.013000 0.019064
v 0.005458 -0.013000 0.020278
v 0.001953 -0.013000 0.020909
v -0.001608 -0.013000 0.020938
v -0.005123 -0.013000 0.020366
v -0.016485 -0.013000 0.028156
v -0.008491 -0.013000 0.019207
v -0.011614 -0.013000 0.017496
v -0.014404 -0.013000 0.015282
v -0.018857 -0.013000 0.015535
v -0.016779 -0.013000 0.012628
v -0.018672 -0.013000 0.009611
v -0.020027 -0.013000 0.006318
v -0.020807 -0.013000 0.002843
v -0.020807 -0.003000 0.002843
v -0.018857 -0.003000 0.015535
v -0.016485 -0.003000 0.028156
v -0.018854 -0.003000 -0.021027
v -0.018717 -0.003000 -0.020292
v -0.017726 -0.003000 -0.030481
v -0.019186 -0.003000 -0.010066
v -0.019911 -0.003000 -0.011563
v -0.019130 -0.003000 0.000172
v -0.020895 -0.003000 -0.002093
v -0.018551 -0.003000 0.010392
v -0.017450 -0.003000 0.020570
v -0.015829 -0.003000 0.030678
v -0.020995 -0.003000 -0.000447
v -0.020966 -0.003000 0.001202
v -0.017723 0.013000 -0.030504
v -0.017726 0.003000 -0.030481
v -0.017726 0.013000 -0.030481
v -0.017723 -0.013000 -0.030504
v -0.017726 -0.013000 -0.030481
v -0.018717 0.003000 -0.020292
v -0.019186 0.003000 -0.010066
v -0.019130 0.003000 0.000172
v -0.018551 0.003000 0.010392
v -0.017450 0.003000 0.020570
v -0.015829 0.003000 0.030678
v -0.016485 0.003000 0.028156
v -0.018857 0.003000 0.015535
v -0.020895 0.003000 -0.002093
v -0.019911 0.003000 -0.011563
v -0.018854 0.003000 -0.021027
v -0.020807 0.003000 0.002843
v -0.020995 0.003000 -0.000447
v -0.020966 0.003000 0.001202
v -0.016485 0.013000 0.028156
v -0.018857 0.013000 0.015535
v -0.020807 0.013000 0.002843
v -0.020027 0.013000 0.006318
v -0.018672 0.013000 0.009611
v -0.016779 0.013000 0.012628
v -0.014404 0.013000 0.015282
v -0.011614 0.013000 0.017496
v -0.008491 0.013000 0.019207
v -0.005123 0.013000 0.020366
v -0.001608 0.013000 0.020938
v 0.001953 0.013000 0.020909
v 0.005458 0.013000 0.020278
v 0.017253 0.013000 0.029130
v 0.008806 0.013000 0.019064
v 0.017250 0.013000 0.023274
v 0.011901 0.013000 0.017302
v 0.017731 0.013000 0.017439
v 0.014654 0.013000 0.015042
v 0.016985 0.013000 0.012350
v 0.018693 0.013000 0.011663
v 0.018828 0.013000 0.009302
v 0.020129 0.013000 0.005987
v 0.020129 0.003000 0.005987
v 0.018693 0.003000 0.011663
v 0.017731 0.003000 0.017439
v 0.017250 0.003000 0.023274
v 0.017253 0.003000 0.029130
v 0.022561 0.003000 -0.045819
v -0.000690 0.003000 0.024685
v 0.025158 0.003000 -0.060592
v 0.020152 0.003000 -0.031012
v 0.019406 0.003000 -0.024248
v 0.019236 0.003000 -0.017446
v 0.019646 0.003000 -0.010654
v 0.020631 0.003000 -0.003921
v 0.020822 0.003000 0.002725
v 0.020991 0.003000 -0.000606
v -0.000313 0.002703 0.023439
v -0.000010 0.001870 0.022440
v 0.000158 0.000668 0.021886
v 0.000158 -0.000668 0.021886
v -0.000010 -0.001870 0.022440
v -0.000313 -0.002703 0.023439
v -0.020895 -0.013000 -0.002093
v -0.020992 -0.014500 0.000576
v -0.020758 -0.014500 -0.003182
v -0.020552 -0.014500 0.004315
v -0.019451 -0.014500 0.007915
v -0.017725 -0.014500 0.011261
v -0.015430 -0.014500 0.014245
v -0.012638 -0.014500 0.016771
v -0.009441 -0.014500 0.018758
v -0.005939 -0.014500 0.020143
v -0.002247 -0.014500 0.020879
v 0.001517 -0.014500 0.020945
v 0.005232 -0.014500 0.020338
v 0.008780 -0.014500 0.019077
v 0.012045 -0.014500 0.017202
v 0.014923 -0.014500 0.014775
v 0.017321 -0.014500 0.011873
v 0.019163 -0.014500 0.008590
v 0.020389 -0.014500 0.005030
v 0.020959 -0.014500 0.001308
v 0.020856 -0.014500 -0.002455
v 0.020631 -0.013000 -0.003921
v 0.020082 -0.014500 -0.006140
v 0.019608 -0.013000 -0.007519
v 0.018663 -0.014500 -0.009627
v 0.017962 -0.013000 -0.010879
v 0.016645 -0.014500 -0.012805
v 0.015747 -0.013000 -0.013893
v 0.014091 -0.014500 -0.015571
v 0.013032 -0.013000 -0.016467
v 0.011084 -0.014500 -0.017837
v 0.009904 -0.013000 -0.018518
v 0.007721 -0.014500 -0.019529
v 0.006461 -0.013000 -0.019981
v 0.004110 -0.014500 -0.020594
v 0.002813 -0.013000 -0.020811
v 0.000367 -0.014500 -0.020997
v -0.000924 -0.013000 -0.020980
v -0.003388 -0.014500 -0.020725
v -0.004631 -0.013000 -0.020483
v -0.007034 -0.014500 -0.019787
v -0.008192 -0.013000 -0.019336
v -0.010454 -0.014500 -0.018213
v -0.011493 -0.013000 -0.017576
v -0.013538 -0.014500 -0.016053
v -0.014429 -0.013000 -0.015258
v -0.016187 -0.014500 -0.013378
v -0.016907 -0.013000 -0.012456
v -0.018316 -0.014500 -0.010273
v -0.018849 -0.013000 -0.009258
v -0.019856 -0.014500 -0.006837
v -0.020193 -0.013000 -0.005767
v -0.018854 -0.013000 -0.021027
v -0.019911 -0.013000 -0.011563
v 0.019646 -0.013000 -0.010654
v 0.019236 -0.013000 -0.017446
v 0.019406 -0.013000 -0.024248
v 0.020152 -0.013000 -0.031012
v -0.016481 -0.013000 -0.039197
v -0.014824 -0.013000 -0.047820
v -0.012792 -0.013000 -0.056363
v -0.010481 -0.013000 -0.064834
v -0.007316 -0.013000 -0.075245
v 0.020191 -0.013000 -0.031262
v 0.020172 -0.013000 -0.031137
v 0.024077 -0.013000 -0.054540
v -0.003941 -0.013000 -0.085590
v 0.002970 -0.013000 -0.106227
v 0.028283 -0.013000 -0.077774
v 0.006277 -0.013000 -0.116594
v 0.032406 -0.013000 -0.101035
v 0.009344 -0.013000 -0.127035
v 0.034311 -0.013000 -0.112697
v 0.012071 -0.013000 -0.137569
v 0.036045 -0.013000 -0.124393
v 0.014357 -0.013000 -0.148208
v 0.036607 -0.013000 -0.128542
v 0.037139 -0.013000 -0.132695
v 0.037634 -0.013000 -0.136853
v 0.038088 -0.013000 -0.141015
v 0.036045 0.013000 -0.124393
v 0.032692 0.013000 -0.102732
v 0.036045 -0.006000 -0.124393
v 0.028889 0.013000 -0.081107
v 0.024373 0.013000 -0.056207
v 0.020191 0.013000 -0.031262
v 0.020172 0.013000 -0.031137
v 0.020152 0.013000 -0.031012
v 0.037162 0.013000 -0.132888
v 0.038088 -0.006000 -0.141015
v 0.038088 0.013000 -0.141015
v 0.014357 -0.006000 -0.148208
v 0.012915 0.013000 -0.141224
v 0.014357 0.013000 -0.148208
v 0.011217 0.013000 -0.134088
v 0.009265 0.013000 -0.126751
v 0.007126 0.013000 -0.119390
v 0.002514 0.013000 -0.104852
v -0.002277 0.013000 -0.090554
v -0.005669 0.013000 -0.080360
v -0.010481 0.013000 -0.064834
v -0.012792 0.013000 -0.056363
v -0.014824 0.013000 -0.047820
v -0.016481 0.013000 -0.039197
v 0.006461 0.013000 -0.019981
v 0.009904 0.013000 -0.018518
v 0.019406 0.013000 -0.024248
v 0.013032 0.013000 -0.016467
v 0.015747 0.013000 -0.013893
v 0.019236 0.013000 -0.017446
v 0.017962 0.013000 -0.010879
v 0.019646 0.013000 -0.010654
v 0.019608 0.013000 -0.007519
v 0.020631 0.013000 -0.003921
v 0.002813 0.013000 -0.020811
v -0.000924 0.013000 -0.020980
v -0.004631 0.013000 -0.020483
v -0.008192 0.013000 -0.019336
v -0.011493 0.013000 -0.017576
v -0.014429 0.013000 -0.015258
v -0.018854 0.013000 -0.021027
v -0.016907 0.013000 -0.012456
v -0.019911 0.013000 -0.011563
v -0.018849 0.013000 -0.009258
v -0.020193 0.013000 -0.005767
v -0.020895 0.013000 -0.002093
v -0.040967 -0.027000 -0.254815
v -0.040749 -0.011944 -0.252065
v -0.040967 -0.012306 -0.254815
v -0.040562 -0.027000 -0.251057
v -0.040093 -0.011555 -0.249313
v -0.039382 -0.027000 -0.247467
v -0.038990 -0.011151 -0.246651
v -0.037478 -0.027000 -0.244202
v -0.037474 -0.010753 -0.244198
v -0.035620 -0.010382 -0.242051
v -0.034934 -0.027000 -0.241407
v -0.033512 -0.010054 -0.240265
v -0.031863 -0.027000 -0.239205
v -0.031084 -0.009763 -0.238787
v -0.028399 -0.027000 -0.237692
v -0.028399 -0.009530 -0.237692
v 0.045895 -0.011765 -0.258120
v 0.045718 -0.027000 -0.261092
v 0.045718 -0.012166 -0.261092
v 0.045875 -0.027000 -0.257594
v 0.045562 -0.011334 -0.255067
v 0.045353 -0.027000 -0.254131
v 0.044701 -0.010894 -0.252077
v 0.044169 -0.027000 -0.250835
v 0.043347 -0.010470 -0.249296
v 0.042370 -0.027000 -0.247830
v 0.041594 -0.010089 -0.246853
v 0.040023 -0.027000 -0.245231
v 0.039449 -0.009755 -0.244729
v 0.037217 -0.027000 -0.243135
v 0.036898 -0.009477 -0.242947
v 0.034059 -0.027000 -0.241622
v 0.034059 -0.009281 -0.241622
v -0.009096 -0.013000 -0.221421
v -0.000040 -0.027000 -0.222077
v -0.009096 -0.027000 -0.221421
v -0.000040 -0.013000 -0.222077
v 0.026493 -0.027000 -0.223998
v 0.009934 -0.013000 -0.222799
v 0.026493 -0.013000 -0.223998
v 0.009934 -0.027000 -0.222799
v -0.043786 -0.027000 -0.330953
v -0.044002 -0.015200 -0.335699
v -0.044002 -0.027000 -0.335699
v -0.043786 -0.015200 -0.330953
v -0.044323 -0.027000 -0.326233
v -0.044323 -0.015200 -0.326233
v -0.045598 -0.027000 -0.321657
v -0.045598 -0.015200 -0.321657
v -0.047579 -0.027000 -0.317340
v -0.047579 -0.015200 -0.317340
v 0.037068 -0.027000 -0.341569
v 0.037068 -0.015200 -0.341569
v -0.021661 -0.013000 -0.239862
v -0.020015 -0.017000 -0.240351
v -0.020015 -0.013000 -0.240351
v -0.021661 -0.017000 -0.239862
v -0.022951 -0.013000 -0.238727
v -0.022951 -0.017000 -0.238727
v -0.023646 -0.013000 -0.237156
v -0.023646 -0.017000 -0.237156
v -0.023618 -0.013000 -0.235439
v -0.023618 -0.017000 -0.235439
v -0.022872 -0.013000 -0.233891
v -0.022872 -0.017000 -0.233891
v 0.034221 -0.017000 -0.244279
v 0.035315 -0.017000 -0.244358
v 0.034597 -0.017000 -0.243877
v 0.038379 -0.017000 -0.246445
v 0.040881 -0.017000 -0.249182
v 0.042685 -0.017000 -0.252421
v 0.043696 -0.017000 -0.255988
v 0.043858 -0.017000 -0.259692
v 0.042825 -0.017000 -0.273965
v -0.039958 -0.017000 -0.267971
v -0.038925 -0.017000 -0.253697
v 0.039958 -0.017000 -0.313548
v 0.044612 -0.017000 -0.279544
v -0.042825 -0.017000 -0.307553
v -0.044612 -0.017000 -0.301975
v -0.042531 -0.017000 -0.273234
v -0.045675 -0.017000 -0.296214
v -0.044413 -0.017000 -0.278781
v -0.045998 -0.017000 -0.290365
v -0.045575 -0.017000 -0.284522
v 0.042531 -0.017000 -0.308285
v 0.045675 -0.017000 -0.285305
v 0.044413 -0.017000 -0.302738
v 0.045998 -0.017000 -0.291154
v 0.045575 -0.017000 -0.296996
v 0.022111 -0.017000 -0.338481
v 0.039225 -0.017000 -0.323678
v -0.028756 -0.017000 -0.334798
v -0.043558 -0.017000 -0.317684
v -0.032278 -0.017000 -0.334140
v -0.035565 -0.017000 -0.332716
v 0.037143 -0.017000 -0.330488
v 0.038568 -0.017000 -0.327200
v 0.035023 -0.017000 -0.333376
v 0.032313 -0.017000 -0.335720
v 0.029150 -0.017000 -0.337402
v 0.025691 -0.017000 -0.338338
v -0.038453 -0.017000 -0.330595
v -0.040797 -0.017000 -0.327886
v -0.042479 -0.017000 -0.324722
v -0.043415 -0.017000 -0.321264
v -0.038230 -0.017000 -0.250055
v -0.036716 -0.017000 -0.246671
v -0.034464 -0.017000 -0.243726
v -0.031594 -0.017000 -0.241378
v -0.028261 -0.017000 -0.239754
v -0.027495 -0.017000 -0.239390
v -0.026822 -0.017000 -0.238872
v -0.026274 -0.017000 -0.238224
v 0.033999 -0.017000 -0.243253
v 0.033549 -0.017000 -0.242515
v 0.034221 -0.013000 -0.244279
v -0.021126 -0.013000 -0.231668
v -0.021126 -0.027000 -0.231668
v -0.026274 -0.027000 -0.238224
v -0.016906 -0.013000 -0.228504
v -0.012891 -0.013000 -0.225084
v 0.038522 -0.013035 -0.153566
v 0.038540 0.013000 -0.154126
v 0.038522 0.013000 -0.153566
v 0.038558 0.013000 -0.154687
v 0.038575 0.013000 -0.155247
v 0.038675 -0.013313 -0.159736
v 0.038688 0.012753 -0.160710
v 0.038709 -0.013870 -0.165887
v 0.038708 0.012021 -0.166089
v 0.038637 0.010770 -0.171518
v 0.038626 -0.014706 -0.172005
v 0.038476 0.008987 -0.176891
v 0.038428 -0.015819 -0.178073
v 0.038010 0.005693 -0.185776
v 0.038118 -0.017206 -0.184074
v 0.037702 -0.018863 -0.189989
v 0.037290 0.002635 -0.194720
v 0.037186 -0.020783 -0.195803
v 0.036311 -0.000183 -0.203707
v 0.036576 -0.022960 -0.201500
v 0.035881 -0.024885 -0.207051
v 0.035071 -0.002756 -0.212714
v 0.035071 -0.026193 -0.212714
v 0.038443 0.013000 -0.150963
v 0.038431 -0.013000 -0.150471
v 0.038397 -0.013000 -0.148899
v 0.038387 0.013000 -0.148359
v 0.038371 -0.013000 -0.147328
v 0.038354 0.013000 -0.145755
v 0.038354 -0.013000 -0.145755
v 0.032684 -0.013000 -0.102689
v 0.032679 0.013000 -0.102660
v 0.028889 -0.013000 -0.081107
v 0.014398 -0.013000 -0.148430
v 0.014385 -0.013000 -0.148356
v 0.038227 -0.013000 -0.142592
v 0.038315 -0.013000 -0.144173
v 0.014371 -0.013000 -0.148282
v 0.037122 -0.013000 -0.132565
v 0.012826 -0.013000 -0.140830
v 0.011068 -0.013000 -0.133500
v 0.006999 -0.013000 -0.118960
v 0.002414 -0.013000 -0.104543
v -0.002277 -0.013000 -0.090554
v 0.014650 0.013000 -0.149882
v 0.037122 0.013000 -0.132565
v 0.012826 0.013000 -0.140830
v 0.011068 0.013000 -0.133500
v 0.006999 0.013000 -0.118960
v 0.002414 0.013000 -0.104543
v 0.014897 0.013000 -0.151565
v 0.038227 0.013000 -0.142592
v 0.038315 0.013000 -0.144173
v 0.015097 0.013000 -0.153253
v 0.005277 -0.020852 -0.193286
v 0.001401 -0.022960 -0.198512
v 0.008506 -0.018956 -0.187814
v 0.011217 -0.017224 -0.181859
v 0.013335 -0.015714 -0.175425
v 0.014745 -0.014506 -0.168681
v 0.015386 -0.013648 -0.161804
v 0.015253 -0.013155 -0.154996
v 0.015420 0.012756 -0.158698
v 0.015254 0.012007 -0.164170
v 0.014605 0.010745 -0.169561
v 0.013508 0.008987 -0.174770
v -0.053786 -0.015200 -0.299552
v 0.052954 -0.015166 -0.303646
v 0.051532 -0.015200 -0.308499
v -0.054428 -0.015151 -0.293551
v 0.053908 -0.015064 -0.298766
v -0.054411 -0.015007 -0.287645
v 0.054408 -0.014899 -0.293929
v -0.053767 -0.014770 -0.281858
v 0.054471 -0.014664 -0.289006
v -0.052473 -0.014433 -0.276033
v 0.054080 -0.014361 -0.284004
v -0.050512 -0.014001 -0.270298
v 0.053216 -0.013992 -0.279002
v 0.051885 -0.013567 -0.274079
v -0.047912 -0.013489 -0.264784
v 0.050100 -0.013098 -0.269305
v -0.044715 -0.012916 -0.259602
v 0.048072 -0.012638 -0.265081
v 0.034018 -0.008467 -0.237307
v -0.021350 -0.007687 -0.228715
v 0.033977 -0.007602 -0.233001
v 0.033937 -0.006684 -0.228706
v 0.009934 -0.005810 -0.222799
v 0.034187 -0.004807 -0.220642
v -0.000040 -0.005839 -0.222077
v -0.014339 -0.005589 -0.219788
v 0.000323 -0.004637 -0.217072
v -0.009735 -0.004324 -0.214957
v 0.000684 -0.003363 -0.212085
v -0.005595 -0.002906 -0.209819
v 0.001044 -0.002018 -0.207116
v -0.001869 -0.001303 -0.204321
v 0.011018 -0.001984 -0.207839
v 0.010658 -0.003331 -0.212807
v 0.010297 -0.004606 -0.217794
v 0.001401 0.000486 -0.198512
v 0.005381 0.002273 -0.193130
v 0.008766 0.004297 -0.187309
v 0.011489 0.006543 -0.181152
v 0.034095 -0.027000 -0.222055
v 0.033993 -0.027000 -0.224271
v 0.034475 -0.026798 -0.217356
v 0.033940 -0.027000 -0.226488
v 0.033937 -0.027000 -0.228706
v 0.011018 -0.025627 -0.207839
v -0.001429 -0.024805 -0.203602
v 0.001044 -0.025655 -0.207116
v -0.004727 -0.026066 -0.208626
v 0.000755 -0.026401 -0.211099
v -0.008476 -0.026777 -0.213483
v 0.000464 -0.026850 -0.215125
v -0.012628 -0.027000 -0.218086
v 0.000171 -0.027000 -0.219173
v 0.010726 -0.026388 -0.211861
v 0.010432 -0.026847 -0.215929
v 0.010136 -0.027000 -0.220020
v -0.038925 -0.027000 -0.253697
v -0.039958 -0.027000 -0.267971
v -0.045066 -0.027000 -0.260111
v -0.048485 -0.027000 -0.265870
v -0.042531 -0.027000 -0.273234
v -0.051172 -0.027000 -0.272005
v -0.044413 -0.027000 -0.278781
v -0.053086 -0.027000 -0.278423
v -0.045575 -0.027000 -0.284522
v -0.054198 -0.027000 -0.285028
v -0.045998 -0.027000 -0.290365
v -0.054492 -0.027000 -0.291719
v -0.045675 -0.027000 -0.296214
v -0.053962 -0.027000 -0.298395
v -0.044612 -0.027000 -0.301975
v -0.052618 -0.027000 -0.304956
v -0.042825 -0.027000 -0.307553
v -0.050480 -0.027000 -0.311303
v -0.043558 -0.027000 -0.317684
v -0.043415 -0.027000 -0.321264
v -0.042479 -0.027000 -0.324722
v -0.038230 -0.027000 -0.250055
v -0.036716 -0.027000 -0.246671
v -0.034464 -0.027000 -0.243726
v -0.031594 -0.027000 -0.241378
v -0.028261 -0.027000 -0.239754
v -0.027495 -0.027000 -0.239390
v -0.026822 -0.027000 -0.238872
v -0.014339 -0.027000 -0.219788
v -0.016906 -0.027000 -0.228504
v -0.012891 -0.027000 -0.225084
v -0.013763 -0.027000 -0.219226
v -0.013193 -0.027000 -0.218659
v -0.040797 -0.027000 -0.327886
v -0.038453 -0.027000 -0.330595
v -0.035565 -0.027000 -0.332716
v -0.032278 -0.027000 -0.334140
v -0.028756 -0.027000 -0.334798
v 0.022111 -0.027000 -0.338481
v 0.025691 -0.027000 -0.338338
v 0.029150 -0.027000 -0.337402
v 0.032313 -0.027000 -0.335720
v 0.037539 -0.027000 -0.336842
v 0.035023 -0.027000 -0.333376
v 0.038750 -0.027000 -0.332249
v 0.037143 -0.027000 -0.330488
v 0.040670 -0.027000 -0.327904
v 0.038568 -0.027000 -0.327200
v 0.039225 -0.027000 -0.323678
v 0.043253 -0.027000 -0.323917
v 0.039958 -0.027000 -0.313548
v 0.046993 -0.027000 -0.318361
v 0.050024 -0.027000 -0.312389
v 0.042531 -0.027000 -0.308285
v 0.052299 -0.027000 -0.306090
v 0.044413 -0.027000 -0.302738
v 0.053785 -0.027000 -0.299559
v 0.045575 -0.027000 -0.296996
v 0.054458 -0.027000 -0.292896
v 0.045998 -0.027000 -0.291154
v 0.054309 -0.027000 -0.286200
v 0.045675 -0.027000 -0.285305
v 0.053340 -0.027000 -0.279573
v 0.044612 -0.027000 -0.279544
v 0.051565 -0.027000 -0.273115
v 0.042825 -0.027000 -0.273965
v 0.049011 -0.027000 -0.266924
v 0.043858 -0.027000 -0.259692
v 0.043696 -0.027000 -0.255988
v 0.042685 -0.027000 -0.252421
v 0.040881 -0.027000 -0.249182
v 0.038379 -0.027000 -0.246445
v 0.035315 -0.027000 -0.244358
v 0.034597 -0.027000 -0.243877
v 0.033999 -0.027000 -0.243253
v 0.033549 -0.027000 -0.242515
v 0.043253 -0.015200 -0.323917
v -0.050331 -0.015200 -0.311664
v 0.046561 -0.015200 -0.319085
v 0.040670 -0.015200 -0.327904
v 0.038750 -0.015200 -0.332249
v 0.037539 -0.015200 -0.336842
v -0.052410 -0.015200 -0.305708
v 0.049331 -0.015200 -0.313925
v -0.044714 -0.017000 -0.333642
v 0.038069 -0.042500 -0.339637
v -0.044714 -0.042500 -0.333642
v 0.038069 -0.017000 -0.339637
v -0.043943 -0.027000 -0.322997
v -0.043943 -0.042500 -0.322997
v 0.038840 -0.027000 -0.328991
v 0.038840 -0.042500 -0.328991
v 0.046510 -0.042500 -0.262350
v 0.043900 -0.027000 -0.258463
v 0.043900 -0.042500 -0.258463
v 0.046510 -0.027000 -0.262350
v 0.048776 -0.042500 -0.266446
v 0.048776 -0.027000 -0.266446
v 0.050683 -0.042500 -0.270721
v 0.050683 -0.027000 -0.270721
v 0.052215 -0.042500 -0.275144
v 0.052215 -0.027000 -0.275144
v 0.044164 -0.042500 -0.310803
v 0.049421 -0.027000 -0.313734
v 0.044164 -0.027000 -0.310803
v 0.049421 -0.042500 -0.313734
v 0.045793 -0.027000 -0.306735
v 0.045793 -0.042500 -0.306735
v 0.047049 -0.027000 -0.302535
v 0.047049 -0.042500 -0.302535
v 0.047920 -0.027000 -0.298240
v 0.047920 -0.042500 -0.298240
v -0.047267 -0.042500 -0.263628
v -0.049421 -0.027000 -0.267785
v -0.049421 -0.042500 -0.267785
v -0.047267 -0.027000 -0.263628
v -0.044764 -0.042500 -0.259672
v -0.044764 -0.027000 -0.259672
v -0.041931 -0.042500 -0.255945
v -0.041931 -0.027000 -0.255945
v -0.038789 -0.042500 -0.252475
v -0.038789 -0.027000 -0.252475
v -0.046591 -0.027000 -0.304231
v -0.052215 -0.042500 -0.306374
v -0.046591 -0.042500 -0.304231
v -0.052215 -0.027000 -0.306374
v -0.047920 -0.027000 -0.283279
v -0.053922 -0.042500 -0.282844
v -0.047920 -0.042500 -0.283279
v -0.053922 -0.027000 -0.282844
v -0.048497 -0.042500 -0.291258
v -0.054500 -0.027000 -0.290823
v -0.048497 -0.027000 -0.291258
v -0.054500 -0.042500 -0.290823
v -0.046538 -0.027000 -0.319122
v -0.044276 -0.027000 -0.303233
v -0.045293 -0.027000 -0.298791
v -0.045866 -0.027000 -0.294270
v -0.047617 -0.027000 -0.299970
v -0.045988 -0.027000 -0.289714
v -0.048254 -0.027000 -0.295634
v -0.054438 -0.027000 -0.288155
v -0.054245 -0.027000 -0.285493
v -0.045659 -0.027000 -0.285168
v -0.047049 -0.027000 -0.278983
v -0.045793 -0.027000 -0.274784
v -0.044882 -0.027000 -0.280678
v -0.044164 -0.027000 -0.270715
v -0.043664 -0.027000 -0.276286
v -0.042017 -0.027000 -0.272037
v -0.038890 -0.027000 -0.253289
v -0.038845 -0.027000 -0.252881
v -0.050689 -0.027000 -0.310781
v -0.048792 -0.027000 -0.315040
v 0.054438 -0.042500 -0.293364
v 0.054500 -0.027000 -0.290695
v 0.054500 -0.042500 -0.290695
v 0.054438 -0.027000 -0.293364
v 0.054245 -0.027000 -0.296025
v 0.053922 -0.042500 -0.298675
v 0.053922 -0.027000 -0.298675
v 0.054245 -0.042500 -0.296025
v -0.038515 -0.017000 -0.251078
v -0.038233 -0.042500 -0.250063
v -0.037678 -0.017000 -0.248562
v -0.037311 -0.042500 -0.247764
v -0.036437 -0.017000 -0.246219
v -0.036045 -0.042500 -0.245636
v -0.034827 -0.017000 -0.244113
v -0.034467 -0.042500 -0.243729
v -0.032891 -0.017000 -0.242302
v -0.032613 -0.042500 -0.242087
v -0.030682 -0.017000 -0.240836
v -0.030527 -0.042500 -0.240752
v -0.028261 -0.042500 -0.239754
v -0.027495 -0.042500 -0.239390
v -0.026274 -0.042500 -0.238224
v -0.026822 -0.042500 -0.238872
v 0.037414 -0.042500 -0.245672
v 0.035315 -0.042500 -0.244358
v 0.037554 -0.017000 -0.245777
v 0.039285 -0.042500 -0.247294
v 0.039529 -0.017000 -0.247546
v 0.040883 -0.042500 -0.249185
v 0.041184 -0.017000 -0.249617
v 0.042170 -0.042500 -0.251300
v 0.042474 -0.017000 -0.251933
v 0.043116 -0.042500 -0.253588
v 0.043364 -0.017000 -0.254431
v 0.043697 -0.042500 -0.255995
v 0.043830 -0.017000 -0.257041
v 0.043897 -0.027000 -0.258873
v 0.043883 -0.027000 -0.259283
v -0.044276 -0.017000 -0.303233
v -0.045293 -0.017000 -0.298791
v -0.045866 -0.017000 -0.294270
v -0.045988 -0.017000 -0.289714
v -0.045659 -0.017000 -0.285168
v -0.044882 -0.017000 -0.280678
v -0.043664 -0.017000 -0.276286
v -0.042017 -0.017000 -0.272037
v 0.042017 -0.017000 -0.309482
v 0.043664 -0.017000 -0.305233
v 0.044882 -0.017000 -0.300841
v 0.045659 -0.017000 -0.296350
v 0.045988 -0.017000 -0.291805
v 0.045866 -0.017000 -0.287249
v 0.045293 -0.017000 -0.282728
v 0.044276 -0.017000 -0.278285
v 0.034609 -0.017000 -0.243887
v 0.034018 -0.017000 -0.243278
v 0.033569 -0.017000 -0.242558
v 0.033569 -0.042500 -0.242558
v 0.043586 -0.065500 -0.293916
v 0.043674 -0.042500 -0.289265
v 0.043674 -0.065500 -0.289265
v 0.043586 -0.042500 -0.293916
v 0.043003 -0.065500 -0.298531
v 0.043003 -0.042500 -0.298531
v 0.041934 -0.042500 -0.303058
v 0.043268 -0.065500 -0.284631
v 0.043268 -0.042500 -0.284631
v 0.042372 -0.065500 -0.280067
v 0.042372 -0.042500 -0.280067
v 0.040995 -0.065500 -0.275623
v 0.040995 -0.042500 -0.275623
v 0.039154 -0.065500 -0.271352
v 0.039154 -0.042500 -0.271352
v 0.036869 -0.065500 -0.267300
v 0.036869 -0.042500 -0.267300
v 0.034167 -0.065500 -0.263514
v 0.034167 -0.042500 -0.263514
v 0.031077 -0.065500 -0.260036
v 0.031077 -0.042500 -0.260036
v 0.027635 -0.065500 -0.256907
v 0.027635 -0.042500 -0.256907
v 0.023881 -0.065500 -0.254161
v 0.023881 -0.042500 -0.254161
v 0.019855 -0.065500 -0.251830
v 0.019855 -0.042500 -0.251830
v 0.015605 -0.065500 -0.249940
v 0.015605 -0.042500 -0.249940
v 0.011178 -0.065500 -0.248513
v 0.011178 -0.042500 -0.248513
v 0.006624 -0.065500 -0.247564
v 0.006624 -0.042500 -0.247564
v 0.001995 -0.065500 -0.247105
v 0.001995 -0.042500 -0.247105
v -0.002657 -0.065500 -0.247140
v -0.002657 -0.042500 -0.247140
v -0.007278 -0.065500 -0.247670
v -0.007278 -0.042500 -0.247670
v -0.011817 -0.065500 -0.248687
v -0.011817 -0.042500 -0.248687
v -0.016222 -0.065500 -0.250182
v -0.016222 -0.042500 -0.250182
v -0.020443 -0.065500 -0.252136
v -0.020443 -0.042500 -0.252136
v -0.024433 -0.065500 -0.254528
v -0.024433 -0.042500 -0.254528
v -0.028146 -0.065500 -0.257330
v -0.028146 -0.042500 -0.257330
v -0.031539 -0.065500 -0.260511
v -0.031539 -0.042500 -0.260511
v -0.034576 -0.065500 -0.264035
v -0.034576 -0.042500 -0.264035
v -0.037221 -0.065500 -0.267862
v -0.037221 -0.042500 -0.267862
v -0.039444 -0.065500 -0.271948
v -0.039444 -0.042500 -0.271948
v -0.041220 -0.065500 -0.276247
v -0.041220 -0.042500 -0.276247
v -0.042529 -0.065500 -0.280710
v -0.042529 -0.042500 -0.280710
v -0.043356 -0.065500 -0.285288
v -0.043356 -0.042500 -0.285288
v -0.043692 -0.065500 -0.289927
v -0.043692 -0.042500 -0.289927
v -0.043533 -0.065500 -0.294576
v -0.043533 -0.042500 -0.294576
v -0.042881 -0.065500 -0.299182
v -0.042881 -0.042500 -0.299182
v -0.041742 -0.065500 -0.303692
v -0.041742 -0.042500 -0.303692
v -0.040131 -0.065500 -0.308056
v -0.040131 -0.042500 -0.308056
v -0.038065 -0.065500 -0.312223
v -0.038065 -0.042500 -0.312223
v -0.035568 -0.065500 -0.316148
v -0.035568 -0.042500 -0.316148
v -0.032668 -0.065500 -0.319785
v -0.032668 -0.042500 -0.319785
v -0.029398 -0.065500 -0.323093
v -0.029398 -0.042500 -0.323093
v -0.025794 -0.065500 -0.326034
v -0.025794 -0.042500 -0.326034
v -0.021899 -0.065500 -0.328576
v -0.021899 -0.042500 -0.328576
v -0.017755 -0.065500 -0.330690
v -0.017755 -0.042500 -0.330690
v -0.013410 -0.065500 -0.332351
v -0.013410 -0.042500 -0.332351
v -0.008913 -0.065500 -0.333541
v -0.008913 -0.042500 -0.333541
v -0.004315 -0.065500 -0.334246
v -0.004315 -0.042500 -0.334246
v 0.000331 -0.065500 -0.334458
v 0.000331 -0.042500 -0.334458
v 0.004974 -0.065500 -0.334175
v 0.004974 -0.042500 -0.334175
v 0.009561 -0.065500 -0.333401
v 0.009561 -0.042500 -0.333401
v 0.014039 -0.065500 -0.332143
v 0.014039 -0.042500 -0.332143
v 0.018359 -0.065500 -0.330416
v 0.018359 -0.042500 -0.330416
v 0.022470 -0.065500 -0.328240
v 0.022470 -0.042500 -0.328240
v 0.026327 -0.065500 -0.325639
v 0.026327 -0.042500 -0.325639
v 0.029885 -0.065500 -0.322643
v 0.029885 -0.042500 -0.322643
v 0.033105 -0.065500 -0.319286
v 0.033105 -0.042500 -0.319286
v 0.035949 -0.065500 -0.315606
v 0.035949 -0.042500 -0.315606
v 0.038387 -0.065500 -0.311644
v 0.038387 -0.042500 -0.311644
v 0.040389 -0.065500 -0.307445
v 0.040389 -0.042500 -0.307445
v 0.041934 -0.065500 -0.303058
v -0.050867 -0.065500 -0.287076
v -0.050981 -0.065500 -0.292159
v -0.050247 -0.065500 -0.282030
v -0.049128 -0.065500 -0.277070
v -0.047521 -0.065500 -0.272246
v -0.045442 -0.065500 -0.267607
v -0.042911 -0.065500 -0.263197
v -0.039953 -0.065500 -0.259062
v -0.036599 -0.065500 -0.255241
v -0.032880 -0.065500 -0.251774
v -0.028835 -0.065500 -0.248693
v -0.024503 -0.065500 -0.246031
v -0.019928 -0.065500 -0.243814
v -0.015155 -0.065500 -0.242063
v -0.010231 -0.065500 -0.240796
v -0.005205 -0.065500 -0.240026
v -0.000128 -0.065500 -0.239760
v 0.004950 -0.065500 -0.240000
v 0.009980 -0.065500 -0.240745
v 0.014910 -0.065500 -0.241988
v 0.019692 -0.065500 -0.243714
v 0.024278 -0.065500 -0.245909
v 0.028623 -0.065500 -0.248549
v 0.032684 -0.065500 -0.251609
v 0.036420 -0.065500 -0.255058
v 0.039793 -0.065500 -0.258861
v 0.042772 -0.065500 -0.262982
v 0.045325 -0.065500 -0.267379
v 0.047428 -0.065500 -0.272008
v 0.049059 -0.065500 -0.276823
v 0.050203 -0.065500 -0.281777
v 0.050848 -0.065500 -0.286820
v 0.050987 -0.065500 -0.291903
v 0.050620 -0.065500 -0.296974
v 0.049750 -0.065500 -0.301983
v 0.048385 -0.065500 -0.306881
v 0.046539 -0.065500 -0.311618
v 0.044231 -0.065500 -0.316148
v 0.041483 -0.065500 -0.320426
v 0.038323 -0.065500 -0.324409
v 0.034783 -0.065500 -0.328058
v 0.030896 -0.065500 -0.331336
v 0.026702 -0.065500 -0.334210
v 0.022243 -0.065500 -0.336653
v 0.017563 -0.065500 -0.338640
v 0.012709 -0.065500 -0.340151
v 0.007728 -0.065500 -0.341170
v 0.002670 -0.065500 -0.341689
v -0.002414 -0.065500 -0.341702
v -0.007474 -0.065500 -0.341209
v -0.012460 -0.065500 -0.340214
v -0.017323 -0.065500 -0.338727
v -0.022013 -0.065500 -0.336764
v -0.026484 -0.065500 -0.334344
v -0.030692 -0.065500 -0.331490
v -0.034595 -0.065500 -0.328232
v -0.038154 -0.065500 -0.324601
v -0.041334 -0.065500 -0.320634
v -0.044103 -0.065500 -0.316370
v -0.046434 -0.065500 -0.311852
v -0.048303 -0.065500 -0.307124
v -0.049693 -0.065500 -0.302233
v -0.050588 -0.065500 -0.297228
v -0.050867 -0.071500 -0.287076
v -0.050057 -0.071500 -0.285983
v -0.050247 -0.071500 -0.282030
v -0.050368 -0.071500 -0.287112
v -0.050223 -0.071500 -0.288274
v -0.047159 -0.071500 -0.284337
v -0.049128 -0.071500 -0.277070
v -0.048321 -0.071500 -0.284481
v -0.049339 -0.071500 -0.285060
v -0.045107 -0.071500 -0.285366
v -0.047521 -0.071500 -0.272246
v -0.046031 -0.071500 -0.284647
v -0.045442 -0.071500 -0.267607
v -0.031291 -0.071500 -0.257826
v -0.044529 -0.071500 -0.286384
v -0.030129 -0.071500 -0.257681
v -0.044384 -0.071500 -0.287545
v -0.029111 -0.071500 -0.257103
v -0.033657 -0.071500 -0.319871
v 0.003214 -0.071500 -0.246376
v -0.003214 -0.071500 -0.335143
v 0.033657 -0.071500 -0.261648
v 0.029111 -0.071500 -0.324416
v 0.044384 -0.071500 -0.293973
v 0.030129 -0.071500 -0.323838
v 0.044529 -0.071500 -0.295135
v 0.031291 -0.071500 -0.323693
v 0.045107 -0.071500 -0.296153
v 0.046539 -0.071500 -0.311618
v 0.048385 -0.071500 -0.306881
v 0.046031 -0.071500 -0.296872
v 0.049750 -0.071500 -0.301983
v 0.047159 -0.071500 -0.297182
v 0.048321 -0.071500 -0.297037
v -0.042911 -0.071500 -0.263197
v -0.032419 -0.071500 -0.257515
v -0.039953 -0.071500 -0.259062
v -0.033343 -0.071500 -0.256796
v -0.036599 -0.071500 -0.255241
v -0.033921 -0.071500 -0.255779
v -0.034066 -0.071500 -0.254617
v -0.033755 -0.071500 -0.253488
v -0.032880 -0.071500 -0.251774
v -0.033037 -0.071500 -0.252565
v -0.032019 -0.071500 -0.251986
v -0.028835 -0.071500 -0.248693
v -0.030857 -0.071500 -0.251841
v -0.029729 -0.071500 -0.252152
v -0.028805 -0.071500 -0.252871
v -0.024503 -0.071500 -0.246031
v -0.028227 -0.071500 -0.253889
v -0.028082 -0.071500 -0.255050
v -0.019928 -0.071500 -0.243814
v -0.015155 -0.071500 -0.242063
v 0.001162 -0.071500 -0.245346
v -0.010231 -0.071500 -0.240796
v 0.000583 -0.071500 -0.244328
v -0.005205 -0.071500 -0.240026
v 0.000439 -0.071500 -0.243167
v 0.000749 -0.071500 -0.242038
v -0.000128 -0.071500 -0.239760
v 0.001468 -0.071500 -0.241114
v 0.002486 -0.071500 -0.240536
v 0.003647 -0.071500 -0.240391
v 0.004950 -0.071500 -0.240000
v 0.004776 -0.071500 -0.240702
v 0.005700 -0.071500 -0.241421
v 0.009980 -0.071500 -0.240745
v 0.006278 -0.071500 -0.242439
v 0.006423 -0.071500 -0.243600
v 0.006112 -0.071500 -0.244729
v 0.014910 -0.071500 -0.241988
v 0.005393 -0.071500 -0.245652
v 0.019692 -0.071500 -0.243714
v 0.024278 -0.071500 -0.245909
v 0.032934 -0.071500 -0.259469
v 0.028623 -0.071500 -0.248549
v 0.033244 -0.071500 -0.258340
v 0.032684 -0.071500 -0.251609
v 0.033963 -0.071500 -0.257416
v 0.034981 -0.071500 -0.256838
v 0.036420 -0.071500 -0.255058
v 0.036142 -0.071500 -0.256693
v 0.037271 -0.071500 -0.257004
v 0.038195 -0.071500 -0.257723
v 0.039793 -0.071500 -0.258861
v 0.038773 -0.071500 -0.258740
v 0.038918 -0.071500 -0.259902
v 0.042772 -0.071500 -0.262982
v 0.038607 -0.071500 -0.261031
v 0.037888 -0.071500 -0.261954
v 0.036871 -0.071500 -0.262533
v 0.045325 -0.071500 -0.267379
v 0.035709 -0.071500 -0.262678
v 0.047428 -0.071500 -0.272008
v 0.049059 -0.071500 -0.276823
v 0.045413 -0.071500 -0.291921
v 0.050203 -0.071500 -0.281777
v 0.046431 -0.071500 -0.291343
v 0.050848 -0.071500 -0.286820
v 0.047593 -0.071500 -0.291198
v 0.048721 -0.071500 -0.291509
v 0.050987 -0.071500 -0.291903
v 0.049645 -0.071500 -0.292227
v 0.050223 -0.071500 -0.293245
v 0.050368 -0.071500 -0.294407
v 0.050620 -0.071500 -0.296974
v 0.050057 -0.071500 -0.295535
v 0.049339 -0.071500 -0.296459
v 0.044231 -0.071500 -0.316148
v 0.041483 -0.071500 -0.320426
v 0.032419 -0.071500 -0.324004
v 0.038323 -0.071500 -0.324409
v 0.033343 -0.071500 -0.324722
v 0.033921 -0.071500 -0.325740
v 0.034066 -0.071500 -0.326902
v 0.034783 -0.071500 -0.328058
v 0.033755 -0.071500 -0.328030
v 0.033037 -0.071500 -0.328954
v 0.030896 -0.071500 -0.331336
v 0.032019 -0.071500 -0.329532
v 0.030857 -0.071500 -0.329677
v 0.029729 -0.071500 -0.329367
v 0.026702 -0.071500 -0.334210
v 0.028805 -0.071500 -0.328648
v 0.028227 -0.071500 -0.327630
v 0.022243 -0.071500 -0.336653
v 0.028082 -0.071500 -0.326468
v 0.017563 -0.071500 -0.338640
v -0.001162 -0.071500 -0.336173
v 0.012709 -0.071500 -0.340151
v 0.007728 -0.071500 -0.341170
v -0.000583 -0.071500 -0.337190
v 0.002670 -0.071500 -0.341689
v -0.000439 -0.071500 -0.338352
v -0.000749 -0.071500 -0.339481
v -0.001468 -0.071500 -0.340404
v -0.002414 -0.071500 -0.341702
v -0.002486 -0.071500 -0.340983
v -0.003647 -0.071500 -0.341127
v -0.007474 -0.071500 -0.341209
v -0.004776 -0.071500 -0.340817
v -0.005700 -0.071500 -0.340098
v -0.006278 -0.071500 -0.339080
v -0.012460 -0.071500 -0.340214
v -0.006423 -0.071500 -0.337919
v -0.006112 -0.071500 -0.336790
v -0.017323 -0.071500 -0.338727
v -0.005393 -0.071500 -0.335866
v -0.022013 -0.071500 -0.336764
v -0.032934 -0.071500 -0.322050
v -0.026484 -0.071500 -0.334344
v -0.030692 -0.071500 -0.331490
v -0.033963 -0.071500 -0.324102
v -0.034595 -0.071500 -0.328232
v -0.033244 -0.071500 -0.323179
v -0.037271 -0.071500 -0.324515
v -0.038154 -0.071500 -0.324601
v -0.036142 -0.071500 -0.324826
v -0.034981 -0.071500 -0.324681
v -0.038773 -0.071500 -0.322778
v -0.041334 -0.071500 -0.320634
v -0.038195 -0.071500 -0.323796
v -0.037888 -0.071500 -0.319564
v -0.044103 -0.071500 -0.316370
v -0.038607 -0.071500 -0.320488
v -0.038918 -0.071500 -0.321617
v -0.036871 -0.071500 -0.318986
v -0.046434 -0.071500 -0.311852
v -0.035709 -0.071500 -0.318841
v -0.048303 -0.071500 -0.307124
v -0.045413 -0.071500 -0.289598
v -0.049693 -0.071500 -0.302233
v -0.050588 -0.071500 -0.297228
v -0.047593 -0.071500 -0.290321
v -0.050981 -0.071500 -0.292159
v -0.046431 -0.071500 -0.290176
v -0.049645 -0.071500 -0.289291
v -0.048721 -0.071500 -0.290010
v -0.028393 -0.071500 -0.256179
v 0.002085 -0.071500 -0.246065
v 0.004376 -0.071500 -0.246231
v 0.033078 -0.071500 -0.260630
v -0.044694 -0.071500 -0.288674
v -0.034580 -0.071500 -0.319152
v -0.033078 -0.071500 -0.320888
v -0.004376 -0.071500 -0.335288
v 0.028393 -0.071500 -0.325340
v -0.002085 -0.071500 -0.335454
v 0.044694 -0.071500 -0.292845
v 0.034580 -0.071500 -0.262367
v -0.046538 -0.042500 -0.319122
v -0.048792 -0.042500 -0.315040
v -0.050689 -0.042500 -0.310781
v -0.047617 -0.042500 -0.299970
v -0.048254 -0.042500 -0.295634
v -0.047049 -0.042500 -0.278983
v -0.045793 -0.042500 -0.274784
v -0.044164 -0.042500 -0.270715
v -0.054438 -0.042500 -0.288155
v -0.054245 -0.042500 -0.285493
v 0.034018 -0.042500 -0.243278
v 0.034609 -0.042500 -0.243887
v 0.046591 -0.042500 -0.277287
v 0.047617 -0.042500 -0.281548
v 0.048254 -0.042500 -0.285885
v 0.048497 -0.042500 -0.290261
v 0.047276 -0.042500 -0.317875
v 0.044785 -0.042500 -0.321817
v 0.041966 -0.042500 -0.325531
v 0.041966 -0.027000 -0.325531
v 0.042017 -0.027000 -0.309482
v 0.043664 -0.027000 -0.305233
v 0.044882 -0.027000 -0.300841
v 0.045659 -0.027000 -0.296350
v 0.044785 -0.027000 -0.321817
v 0.047276 -0.027000 -0.317875
v 0.048497 -0.027000 -0.290261
v 0.045988 -0.027000 -0.291805
v 0.048254 -0.027000 -0.285885
v 0.047617 -0.027000 -0.281548
v 0.045866 -0.027000 -0.287249
v 0.046591 -0.027000 -0.277287
v 0.045293 -0.027000 -0.282728
v 0.044276 -0.027000 -0.278285
v 0.041219 -0.017000 -0.275366
v 0.043254 -0.019000 -0.247270
v 0.041219 -0.019000 -0.275366
v 0.043254 -0.017000 -0.247270
v -0.038572 -0.019000 -0.269588
v -0.036537 -0.017000 -0.241492
v -0.038572 -0.017000 -0.269588
v -0.036537 -0.019000 -0.241492
v -0.041889 -0.019000 -0.277294
v -0.019337 -0.019000 -0.280775
v -0.019107 -0.019000 -0.278939
v -0.019445 -0.019000 -0.282141
v -0.042982 -0.019000 -0.281350
v -0.019174 -0.019000 -0.283484
v -0.043683 -0.019000 -0.285491
v -0.043987 -0.019000 -0.289680
v -0.018545 -0.019000 -0.284701
v -0.043889 -0.019000 -0.293878
v -0.043392 -0.019000 -0.298049
v -0.017607 -0.019000 -0.285699
v -0.042499 -0.019000 -0.302153
v -0.041219 -0.019000 -0.306153
v -0.016431 -0.019000 -0.286402
v -0.015108 -0.019000 -0.286756
v -0.013738 -0.019000 -0.286734
v -0.043073 -0.019000 -0.331755
v 0.036718 -0.019000 -0.337533
v -0.012427 -0.019000 -0.286337
v 0.038572 -0.019000 -0.311931
v -0.011275 -0.019000 -0.285596
v -0.010370 -0.019000 -0.284567
v 0.040414 -0.019000 -0.308157
v -0.009782 -0.019000 -0.283330
v 0.041889 -0.019000 -0.304224
v 0.042982 -0.019000 -0.300169
v 0.043683 -0.019000 -0.296028
v 0.043987 -0.019000 -0.291839
v 0.043889 -0.019000 -0.287640
v 0.043392 -0.019000 -0.283470
v 0.042499 -0.019000 -0.279366
v -0.009555 -0.019000 -0.281979
v -0.009708 -0.019000 -0.280618
v -0.010227 -0.019000 -0.279350
v -0.014072 -0.019000 -0.269850
v -0.011074 -0.019000 -0.278274
v -0.014112 -0.019000 -0.268557
v -0.014540 -0.019000 -0.267336
v -0.015315 -0.019000 -0.266300
v -0.012284 -0.019000 -0.276873
v -0.013216 -0.019000 -0.275273
v -0.013837 -0.019000 -0.273529
v -0.014125 -0.019000 -0.271701
v -0.016366 -0.019000 -0.265546
v -0.017595 -0.019000 -0.265142
v -0.018889 -0.019000 -0.265127
v -0.020127 -0.019000 -0.265502
v -0.021195 -0.019000 -0.266232
v -0.021994 -0.019000 -0.267250
v -0.022450 -0.019000 -0.268460
v -0.022520 -0.019000 -0.269752
v -0.022199 -0.019000 -0.271005
v -0.040414 -0.019000 -0.273362
v -0.021515 -0.019000 -0.272104
v -0.020444 -0.019000 -0.273614
v -0.019670 -0.019000 -0.275295
v -0.019219 -0.019000 -0.277091
v 0.038572 -0.017000 -0.311931
v -0.040414 -0.017000 -0.273362
v 0.040414 -0.017000 -0.308157
v 0.041889 -0.017000 -0.304224
v -0.041889 -0.017000 -0.277294
v -0.042982 -0.017000 -0.281350
v -0.043683 -0.017000 -0.285491
v -0.043987 -0.017000 -0.289680
v -0.043889 -0.017000 -0.293878
v -0.043392 -0.017000 -0.298049
v -0.042499 -0.017000 -0.302153
v -0.041219 -0.017000 -0.306153
v 0.036718 -0.017000 -0.337533
v -0.043073 -0.017000 -0.331755
v 0.042982 -0.017000 -0.300169
v 0.043683 -0.017000 -0.296028
v 0.043987 -0.017000 -0.291839
v 0.043889 -0.017000 -0.287640
v 0.043392 -0.017000 -0.283470
v 0.042499 -0.017000 -0.279366
v -0.016405 -0.021250 -0.240393
v -0.016290 -0.030250 -0.238797
v -0.016290 -0.021250 -0.238797
v -0.016405 -0.030250 -0.240393
v 0.023606 -0.021250 -0.241686
v 0.023490 -0.030250 -0.243282
v 0.023490 -0.021250 -0.243282
v 0.023606 -0.030250 -0.241686
v -0.045585 -0.086000 -0.267890
v 0.047553 -0.086000 -0.309192
v -0.043205 -0.086000 -0.263661
v 0.045585 -0.086000 -0.313628
v -0.047553 -0.086000 -0.272327
v 0.043205 -0.086000 -0.317858
v -0.049089 -0.086000 -0.276931
v 0.040433 -0.086000 -0.321842
v -0.050182 -0.086000 -0.281660
v 0.037296 -0.086000 -0.325545
v -0.050819 -0.086000 -0.286471
v 0.033820 -0.086000 -0.328932
v -0.050997 -0.086000 -0.291321
v 0.030039 -0.086000 -0.331974
v -0.050713 -0.086000 -0.296166
v 0.025985 -0.086000 -0.334643
v -0.049969 -0.086000 -0.300962
v 0.021696 -0.086000 -0.336914
v -0.048773 -0.086000 -0.305666
v 0.017210 -0.086000 -0.338768
v -0.047135 -0.086000 -0.310234
v 0.012569 -0.086000 -0.340186
v -0.045071 -0.086000 -0.314627
v 0.007814 -0.086000 -0.341157
v -0.042598 -0.086000 -0.318803
v 0.002988 -0.086000 -0.341672
v -0.039739 -0.086000 -0.322725
v -0.001866 -0.086000 -0.341725
v -0.036521 -0.086000 -0.326358
v -0.006702 -0.086000 -0.341317
v -0.032971 -0.086000 -0.329668
v -0.011477 -0.086000 -0.340451
v -0.029124 -0.086000 -0.332626
v -0.016149 -0.086000 -0.339135
v -0.025012 -0.086000 -0.335205
v -0.020674 -0.086000 -0.337381
v 0.049089 -0.086000 -0.304588
v -0.040433 -0.086000 -0.259677
v 0.050182 -0.086000 -0.299859
v -0.037296 -0.086000 -0.255974
v 0.050819 -0.086000 -0.295048
v -0.033820 -0.086000 -0.252586
v 0.050997 -0.086000 -0.290198
v -0.030039 -0.086000 -0.249544
v 0.050713 -0.086000 -0.285353
v -0.025985 -0.086000 -0.246876
v 0.049969 -0.086000 -0.280557
v -0.021696 -0.086000 -0.244604
v 0.048773 -0.086000 -0.275853
v -0.017210 -0.086000 -0.242751
v 0.047135 -0.086000 -0.271284
v -0.012569 -0.086000 -0.241332
v 0.045071 -0.086000 -0.266892
v -0.007814 -0.086000 -0.240361
v 0.042598 -0.086000 -0.262716
v -0.002988 -0.086000 -0.239847
v 0.039739 -0.086000 -0.258794
v 0.001866 -0.086000 -0.239793
v 0.036521 -0.086000 -0.255161
v 0.006702 -0.086000 -0.240202
v 0.032971 -0.086000 -0.251851
v 0.011477 -0.086000 -0.241068
v 0.029124 -0.086000 -0.248893
v 0.016149 -0.086000 -0.242384
v 0.025012 -0.086000 -0.246314
v 0.020674 -0.086000 -0.244138
v 0.022346 -0.071500 -0.301970
v 0.043205 -0.071500 -0.317858
v 0.020652 -0.071500 -0.304848
v 0.045585 -0.071500 -0.313628
v 0.047553 -0.071500 -0.309192
v 0.040433 -0.071500 -0.321842
v 0.018590 -0.071500 -0.307475
v 0.037296 -0.071500 -0.325545
v 0.033820 -0.071500 -0.328932
v 0.016196 -0.071500 -0.309804
v 0.030039 -0.071500 -0.331974
v 0.013513 -0.071500 -0.311792
v 0.025985 -0.071500 -0.334643
v 0.010589 -0.071500 -0.313406
v 0.021696 -0.071500 -0.336914
v 0.017210 -0.071500 -0.338768
v 0.007476 -0.071500 -0.314615
v 0.012569 -0.071500 -0.340186
v 0.004230 -0.071500 -0.315399
v 0.007814 -0.071500 -0.341157
v 0.002988 -0.071500 -0.341672
v 0.000908 -0.071500 -0.315743
v -0.001866 -0.071500 -0.341725
v -0.002430 -0.071500 -0.315641
v -0.006702 -0.071500 -0.341317
v -0.005725 -0.071500 -0.315095
v -0.011477 -0.071500 -0.340451
v -0.016149 -0.071500 -0.339135
v -0.008917 -0.071500 -0.314115
v -0.020674 -0.071500 -0.337381
v -0.011951 -0.071500 -0.312718
v -0.025012 -0.071500 -0.335205
v -0.029124 -0.071500 -0.332626
v -0.014771 -0.071500 -0.310929
v -0.032971 -0.071500 -0.329668
v -0.017327 -0.071500 -0.308780
v -0.036521 -0.071500 -0.326358
v -0.019575 -0.071500 -0.306310
v -0.039739 -0.071500 -0.322725
v -0.042598 -0.071500 -0.318803
v -0.021473 -0.071500 -0.303562
v -0.045071 -0.071500 -0.314627
v -0.022988 -0.071500 -0.300586
v -0.047135 -0.071500 -0.310234
v -0.048773 -0.071500 -0.305666
v -0.024092 -0.071500 -0.297434
v -0.049969 -0.071500 -0.300962
v -0.024767 -0.071500 -0.294164
v -0.050713 -0.071500 -0.296166
v -0.025000 -0.071500 -0.290832
v -0.050997 -0.071500 -0.291321
v -0.050819 -0.071500 -0.286471
v -0.024787 -0.071500 -0.287499
v -0.050182 -0.071500 -0.281660
v -0.024131 -0.071500 -0.284225
v -0.049089 -0.071500 -0.276931
v -0.047553 -0.071500 -0.272327
v -0.023045 -0.071500 -0.281067
v -0.045585 -0.071500 -0.267890
v -0.021547 -0.071500 -0.278082
v -0.043205 -0.071500 -0.263661
v -0.019665 -0.071500 -0.275323
v -0.040433 -0.071500 -0.259677
v -0.037296 -0.071500 -0.255974
v -0.017432 -0.071500 -0.272839
v -0.033820 -0.071500 -0.252586
v -0.014888 -0.071500 -0.270676
v -0.030039 -0.071500 -0.249544
v -0.025985 -0.071500 -0.246876
v -0.012078 -0.071500 -0.268871
v -0.021696 -0.071500 -0.244604
v -0.009053 -0.071500 -0.267456
v -0.017210 -0.071500 -0.242751
v -0.005866 -0.071500 -0.266457
v -0.012569 -0.071500 -0.241332
v -0.007814 -0.071500 -0.240361
v -0.002575 -0.071500 -0.265892
v -0.002988 -0.071500 -0.239847
v 0.000763 -0.071500 -0.265771
v 0.001866 -0.071500 -0.239793
v 0.006702 -0.071500 -0.240202
v 0.004086 -0.071500 -0.266096
v 0.011477 -0.071500 -0.241068
v 0.007337 -0.071500 -0.266860
v 0.016149 -0.071500 -0.242384
v 0.010457 -0.071500 -0.268052
v 0.020674 -0.071500 -0.244138
v 0.025012 -0.071500 -0.246314
v 0.013391 -0.071500 -0.269648
v 0.029124 -0.071500 -0.248893
v 0.016085 -0.071500 -0.271621
v 0.032971 -0.071500 -0.251851
v 0.036521 -0.071500 -0.255161
v 0.018492 -0.071500 -0.273936
v 0.039739 -0.071500 -0.258794
v 0.020570 -0.071500 -0.276551
v 0.042598 -0.071500 -0.262716
v 0.022280 -0.071500 -0.279419
v 0.045071 -0.071500 -0.266892
v 0.047135 -0.071500 -0.271284
v 0.023593 -0.071500 -0.282490
v 0.048773 -0.071500 -0.275853
v 0.024484 -0.071500 -0.285708
v 0.049969 -0.071500 -0.280557
v 0.050713 -0.071500 -0.285353
v 0.024939 -0.071500 -0.289017
v 0.050997 -0.071500 -0.290198
v 0.024949 -0.071500 -0.292357
v 0.050819 -0.071500 -0.295048
v 0.024513 -0.071500 -0.295668
v 0.050182 -0.071500 -0.299859
v 0.049089 -0.071500 -0.304588
v 0.023640 -0.071500 -0.298891
v 0.010912 -0.094050 -0.317055
v 0.010986 -0.089550 -0.316085
v 0.010986 -0.094050 -0.316085
v 0.010912 -0.089550 -0.317055
v 0.010474 -0.094050 -0.317924
v 0.010474 -0.089550 -0.317924
v 0.009738 -0.094050 -0.318559
v 0.009738 -0.089550 -0.318559
v 0.008815 -0.094050 -0.318866
v 0.008815 -0.089550 -0.318866
v 0.007844 -0.094050 -0.318797
v 0.007844 -0.089550 -0.318797
v 0.006974 -0.094050 -0.318362
v 0.006974 -0.089550 -0.318362
v 0.006335 -0.094050 -0.317628
v 0.006335 -0.089550 -0.317628
v 0.005629 -0.094050 -0.316727
v 0.005629 -0.089550 -0.316727
v 0.004696 -0.094050 -0.316062
v 0.004696 -0.089550 -0.316062
v 0.003614 -0.094050 -0.315688
v 0.003614 -0.089550 -0.315688
v 0.002469 -0.094050 -0.315637
v 0.002469 -0.089550 -0.315637
v -0.000548 -0.094050 -0.315753
v -0.000548 -0.089550 -0.315753
v -0.003557 -0.094050 -0.315505
v -0.003557 -0.089550 -0.315505
v -0.006514 -0.094050 -0.314896
v -0.006514 -0.089550 -0.314896
v -0.009377 -0.094050 -0.313934
v -0.009377 -0.089550 -0.313934
v -0.012102 -0.094050 -0.312635
v -0.012102 -0.089550 -0.312635
v -0.013173 -0.094050 -0.312230
v -0.013173 -0.089550 -0.312230
v -0.014315 -0.094050 -0.312145
v -0.014315 -0.089550 -0.312145
v -0.015435 -0.094050 -0.312387
v -0.015435 -0.089550 -0.312387
v -0.016440 -0.094050 -0.312936
v -0.016440 -0.089550 -0.312936
v -0.017317 -0.094050 -0.313358
v -0.017317 -0.089550 -0.313358
v -0.018288 -0.094050 -0.313413
v -0.018288 -0.089550 -0.313413
v -0.019207 -0.094050 -0.313093
v -0.019207 -0.089550 -0.313093
v -0.019934 -0.094050 -0.312446
v -0.019934 -0.089550 -0.312446
v -0.020359 -0.094050 -0.311571
v -0.020359 -0.089550 -0.311571
v -0.020418 -0.094050 -0.310600
v -0.020418 -0.089550 -0.310600
v -0.020102 -0.094050 -0.309680
v -0.020102 -0.089550 -0.309680
v -0.019674 -0.094050 -0.308618
v -0.019674 -0.089550 -0.308618
v -0.019564 -0.094050 -0.307478
v -0.019564 -0.089550 -0.307478
v -0.019782 -0.094050 -0.306353
v -0.019782 -0.089550 -0.306353
v -0.020310 -0.094050 -0.305337
v -0.020310 -0.089550 -0.305337
v -0.021919 -0.094050 -0.302782
v -0.021919 -0.089550 -0.302782
v -0.023209 -0.094050 -0.300052
v -0.023209 -0.089550 -0.300052
v -0.024160 -0.094050 -0.297186
v -0.024160 -0.089550 -0.297186
v -0.024758 -0.094050 -0.294227
v -0.024758 -0.089550 -0.294227
v -0.024996 -0.094050 -0.291216
v -0.024996 -0.089550 -0.291216
v -0.025180 -0.094050 -0.290086
v -0.025180 -0.089550 -0.290086
v -0.025678 -0.094050 -0.289054
v -0.025678 -0.089550 -0.289054
v -0.026447 -0.094050 -0.288206
v -0.026447 -0.089550 -0.288206
v -0.027426 -0.094050 -0.287610
v -0.027426 -0.089550 -0.287610
v -0.028229 -0.094050 -0.287062
v -0.028229 -0.089550 -0.287062
v -0.028762 -0.094050 -0.286248
v -0.028762 -0.089550 -0.286248
v -0.028944 -0.094050 -0.285293
v -0.028944 -0.089550 -0.285293
v -0.028748 -0.094050 -0.284340
v -0.028748 -0.089550 -0.284340
v -0.028203 -0.094050 -0.283534
v -0.028203 -0.089550 -0.283534
v -0.027392 -0.094050 -0.282997
v -0.027392 -0.089550 -0.282997
v -0.026437 -0.094050 -0.282811
v -0.026437 -0.089550 -0.282811
v -0.025303 -0.094050 -0.282651
v -0.025303 -0.089550 -0.282651
v -0.024261 -0.094050 -0.282175
v -0.024261 -0.089550 -0.282175
v -0.023396 -0.094050 -0.281424
v -0.023396 -0.089550 -0.281424
v -0.022779 -0.094050 -0.280459
v -0.022779 -0.089550 -0.280459
v -0.021372 -0.094050 -0.277788
v -0.021372 -0.089550 -0.277788
v -0.019652 -0.094050 -0.275306
v -0.019652 -0.089550 -0.275306
v -0.017646 -0.094050 -0.273050
v -0.017646 -0.089550 -0.273050
v -0.015382 -0.094050 -0.271052
v -0.015382 -0.089550 -0.271052
v -0.012894 -0.094050 -0.269341
v -0.012894 -0.089550 -0.269341
v -0.012007 -0.094050 -0.268616
v -0.012007 -0.089550 -0.268616
v -0.011362 -0.094050 -0.267669
v -0.011362 -0.089550 -0.267669
v -0.011012 -0.094050 -0.266579
v -0.011012 -0.089550 -0.266579
v -0.010986 -0.094050 -0.265434
v -0.010986 -0.089550 -0.265434
v -0.010912 -0.094050 -0.264464
v -0.010912 -0.089550 -0.264464
v -0.010474 -0.094050 -0.263595
v -0.010474 -0.089550 -0.263595
v -0.009738 -0.094050 -0.262959
v -0.009738 -0.089550 -0.262959
v -0.008815 -0.094050 -0.262653
v -0.008815 -0.089550 -0.262653
v -0.007844 -0.094050 -0.262722
v -0.007844 -0.089550 -0.262722
v -0.006974 -0.094050 -0.263157
v -0.006974 -0.089550 -0.263157
v -0.006335 -0.094050 -0.263890
v -0.006335 -0.089550 -0.263890
v -0.005629 -0.094050 -0.264792
v -0.005629 -0.089550 -0.264792
v -0.004696 -0.094050 -0.265457
v -0.004696 -0.089550 -0.265457
v -0.003614 -0.094050 -0.265830
v -0.003614 -0.089550 -0.265830
v -0.002469 -0.094050 -0.265882
v -0.002469 -0.089550 -0.265882
v 0.000548 -0.094050 -0.265765
v 0.000548 -0.089550 -0.265765
v 0.003557 -0.094050 -0.266014
v 0.003557 -0.089550 -0.266014
v 0.006514 -0.094050 -0.266623
v 0.006514 -0.089550 -0.266623
v 0.009377 -0.094050 -0.267584
v 0.009377 -0.089550 -0.267584
v 0.012102 -0.094050 -0.268884
v 0.012102 -0.089550 -0.268884
v 0.013173 -0.094050 -0.269289
v 0.013173 -0.089550 -0.269289
v 0.014315 -0.094050 -0.269374
v 0.014315 -0.089550 -0.269374
v 0.015435 -0.094050 -0.269132
v 0.015435 -0.089550 -0.269132
v 0.016440 -0.094050 -0.268583
v 0.016440 -0.089550 -0.268583
v 0.017317 -0.094050 -0.268161
v 0.017317 -0.089550 -0.268161
v 0.018288 -0.094050 -0.268106
v 0.018288 -0.089550 -0.268106
v 0.019207 -0.094050 -0.268426
v 0.019207 -0.089550 -0.268426
v 0.019934 -0.094050 -0.269073
v 0.019934 -0.089550 -0.269073
v 0.020359 -0.094050 -0.269948
v 0.020359 -0.089550 -0.269948
v 0.020418 -0.094050 -0.270919
v 0.020418 -0.089550 -0.270919
v 0.020102 -0.094050 -0.271839
v 0.020102 -0.089550 -0.271839
v 0.019674 -0.094050 -0.272901
v 0.019674 -0.089550 -0.272901
v 0.019564 -0.094050 -0.274041
v 0.019564 -0.089550 -0.274041
v 0.019782 -0.094050 -0.275165
v 0.019782 -0.089550 -0.275165
v 0.020310 -0.094050 -0.276182
v 0.020310 -0.089550 -0.276182
v 0.021919 -0.094050 -0.278737
v 0.021919 -0.089550 -0.278737
v 0.023209 -0.094050 -0.281467
v 0.023209 -0.089550 -0.281467
v 0.024160 -0.094050 -0.284333
v 0.024160 -0.089550 -0.284333
v 0.024758 -0.094050 -0.287292
v 0.024758 -0.089550 -0.287292
v 0.024996 -0.094050 -0.290302
v 0.024996 -0.089550 -0.290302
v 0.025180 -0.094050 -0.291433
v 0.025180 -0.089550 -0.291433
v 0.025678 -0.094050 -0.292464
v 0.025678 -0.089550 -0.292464
v 0.026447 -0.094050 -0.293313
v 0.026447 -0.089550 -0.293313
v 0.027426 -0.094050 -0.293908
v 0.027426 -0.089550 -0.293908
v 0.028229 -0.094050 -0.294457
v 0.028229 -0.089550 -0.294457
v 0.028762 -0.094050 -0.295271
v 0.028762 -0.089550 -0.295271
v 0.028944 -0.094050 -0.296226
v 0.028944 -0.089550 -0.296226
v 0.028748 -0.094050 -0.297179
v 0.028748 -0.089550 -0.297179
v 0.028203 -0.094050 -0.297985
v 0.028203 -0.089550 -0.297985
v 0.027392 -0.094050 -0.298521
v 0.027392 -0.089550 -0.298521
v 0.026437 -0.094050 -0.298708
v 0.026437 -0.089550 -0.298708
v 0.025303 -0.094050 -0.298868
v 0.025303 -0.089550 -0.298868
v 0.024261 -0.094050 -0.299343
v 0.024261 -0.089550 -0.299343
v 0.023396 -0.094050 -0.300094
v 0.023396 -0.089550 -0.300094
v 0.022779 -0.094050 -0.301060
v 0.022779 -0.089550 -0.301060
v 0.012007 -0.094050 -0.312903
v 0.012894 -0.089550 -0.312178
v 0.012894 -0.094050 -0.312178
v 0.012007 -0.089550 -0.312903
v 0.011362 -0.094050 -0.313850
v 0.011362 -0.089550 -0.313850
v 0.011012 -0.094050 -0.314940
v 0.011012 -0.089550 -0.314940
v 0.021372 -0.094050 -0.303731
v 0.021372 -0.089550 -0.303731
v 0.019652 -0.094050 -0.306213
v 0.019652 -0.089550 -0.306213
v 0.017646 -0.094050 -0.308469
v 0.017646 -0.089550 -0.308469
v 0.015382 -0.094050 -0.310467
v 0.015382 -0.089550 -0.310467
v -0.040812 -0.086000 -0.304303
v -0.049712 -0.086000 -0.302148
v -0.041988 -0.086000 -0.300034
v -0.048404 -0.086000 -0.306822
v -0.046658 -0.086000 -0.311351
v -0.050570 -0.086000 -0.297371
v -0.042719 -0.086000 -0.295668
v -0.050969 -0.086000 -0.292534
v -0.042997 -0.086000 -0.291250
v -0.050907 -0.086000 -0.287681
v -0.042820 -0.086000 -0.286826
v -0.050384 -0.086000 -0.282856
v -0.042188 -0.086000 -0.282444
v -0.049405 -0.086000 -0.278103
v -0.041110 -0.086000 -0.278150
v -0.047978 -0.086000 -0.273464
v -0.039595 -0.086000 -0.273990
v -0.046117 -0.086000 -0.268982
v -0.037661 -0.086000 -0.270008
v -0.043838 -0.086000 -0.264697
v -0.035328 -0.086000 -0.266245
v -0.041162 -0.086000 -0.260648
v -0.032620 -0.086000 -0.262743
v -0.038113 -0.086000 -0.256871
v -0.029567 -0.086000 -0.259537
v -0.034719 -0.086000 -0.253402
v -0.026200 -0.086000 -0.256663
v -0.031011 -0.086000 -0.250271
v -0.027022 -0.086000 -0.247506
v -0.022555 -0.086000 -0.254150
v -0.022788 -0.086000 -0.245134
v -0.018671 -0.086000 -0.252025
v -0.018348 -0.086000 -0.243174
v -0.014589 -0.086000 -0.250310
v -0.013741 -0.086000 -0.241645
v -0.010353 -0.086000 -0.249024
v -0.009011 -0.086000 -0.240562
v -0.006007 -0.086000 -0.248181
v -0.004198 -0.086000 -0.239932
v -0.001597 -0.086000 -0.247789
v 0.000652 -0.086000 -0.239764
v 0.002830 -0.086000 -0.247853
v 0.005497 -0.086000 -0.240056
v 0.007226 -0.086000 -0.248371
v 0.010291 -0.086000 -0.240809
v 0.011546 -0.086000 -0.249339
v 0.014993 -0.086000 -0.242013
v 0.015744 -0.086000 -0.250745
v 0.019559 -0.086000 -0.243659
v 0.019775 -0.086000 -0.252576
v 0.023947 -0.086000 -0.245731
v 0.023596 -0.086000 -0.254812
v 0.028119 -0.086000 -0.248212
v 0.032036 -0.086000 -0.251077
v 0.027167 -0.086000 -0.257429
v 0.035663 -0.086000 -0.254302
v 0.030450 -0.086000 -0.260399
v 0.038967 -0.086000 -0.257857
v 0.033411 -0.086000 -0.263690
v 0.041918 -0.086000 -0.261710
v 0.036017 -0.086000 -0.267269
v 0.044490 -0.086000 -0.265826
v 0.038241 -0.086000 -0.271097
v 0.046658 -0.086000 -0.270168
v 0.040060 -0.086000 -0.275133
v 0.048404 -0.086000 -0.274697
v 0.041455 -0.086000 -0.279335
v 0.049712 -0.086000 -0.279370
v 0.042410 -0.086000 -0.283658
v 0.050570 -0.086000 -0.284147
v 0.042915 -0.086000 -0.288056
v 0.050969 -0.086000 -0.288984
v 0.042965 -0.086000 -0.292483
v 0.050907 -0.086000 -0.293837
v 0.042560 -0.086000 -0.296892
v 0.050384 -0.086000 -0.298662
v 0.041704 -0.086000 -0.301235
v 0.049405 -0.086000 -0.303416
v 0.040406 -0.086000 -0.305468
v 0.047978 -0.086000 -0.308055
v 0.046117 -0.086000 -0.312537
v 0.038680 -0.086000 -0.309545
v 0.043838 -0.086000 -0.316822
v 0.036543 -0.086000 -0.313422
v 0.041162 -0.086000 -0.320871
v 0.034019 -0.086000 -0.317059
v 0.038113 -0.086000 -0.324647
v 0.031135 -0.086000 -0.320418
v 0.034719 -0.086000 -0.328117
v 0.027920 -0.086000 -0.323462
v 0.031011 -0.086000 -0.331248
v 0.024410 -0.086000 -0.326159
v 0.027022 -0.086000 -0.334012
v 0.020640 -0.086000 -0.328482
v 0.022788 -0.086000 -0.336385
v 0.016652 -0.086000 -0.330404
v 0.018348 -0.086000 -0.338345
v 0.012488 -0.086000 -0.331906
v 0.013741 -0.086000 -0.339873
v 0.008191 -0.086000 -0.332972
v 0.009011 -0.086000 -0.340957
v 0.003807 -0.086000 -0.333590
v 0.004198 -0.086000 -0.341586
v -0.000617 -0.086000 -0.333755
v -0.000652 -0.086000 -0.341755
v -0.005497 -0.086000 -0.341462
v -0.005035 -0.086000 -0.333464
v -0.010291 -0.086000 -0.340710
v -0.009399 -0.086000 -0.332720
v -0.014993 -0.086000 -0.339506
v -0.013663 -0.086000 -0.331531
v -0.019559 -0.086000 -0.337860
v -0.017783 -0.086000 -0.329910
v -0.023947 -0.086000 -0.335787
v -0.021714 -0.086000 -0.327874
v -0.028119 -0.086000 -0.333307
v -0.025415 -0.086000 -0.325444
v -0.032036 -0.086000 -0.330442
v -0.028847 -0.086000 -0.322647
v -0.035663 -0.086000 -0.327217
v -0.031973 -0.086000 -0.319512
v -0.038967 -0.086000 -0.323662
v -0.034760 -0.086000 -0.316072
v -0.041918 -0.086000 -0.319809
v -0.037178 -0.086000 -0.312364
v -0.044490 -0.086000 -0.315692
v -0.039203 -0.086000 -0.308427
v 0.034719 -0.089550 -0.328117
v 0.031011 -0.089550 -0.331248
v 0.027022 -0.089550 -0.334012
v 0.022788 -0.089550 -0.336385
v 0.018348 -0.089550 -0.338345
v 0.013741 -0.089550 -0.339873
v 0.038113 -0.089550 -0.324647
v 0.041162 -0.089550 -0.320871
v 0.043838 -0.089550 -0.316822
v 0.046117 -0.089550 -0.312537
v 0.047978 -0.089550 -0.308055
v 0.049405 -0.089550 -0.303416
v 0.050384 -0.089550 -0.298662
v 0.050907 -0.089550 -0.293837
v 0.050969 -0.089550 -0.288984
v 0.050570 -0.089550 -0.284147
v 0.049712 -0.089550 -0.279370
v 0.048404 -0.089550 -0.274697
v 0.046658 -0.089550 -0.270168
v 0.044490 -0.089550 -0.265826
v 0.041918 -0.089550 -0.261710
v 0.038967 -0.089550 -0.257857
v 0.035663 -0.089550 -0.254302
v 0.032036 -0.089550 -0.251077
v 0.028119 -0.089550 -0.248212
v 0.023947 -0.089550 -0.245731
v 0.019559 -0.089550 -0.243659
v 0.014993 -0.089550 -0.242013
v 0.010291 -0.089550 -0.240809
v 0.005497 -0.089550 -0.240056
v 0.000652 -0.089550 -0.239764
v -0.004198 -0.089550 -0.239932
v -0.009011 -0.089550 -0.240562
v -0.013741 -0.089550 -0.241645
v -0.018348 -0.089550 -0.243174
v -0.022788 -0.089550 -0.245134
v -0.027022 -0.089550 -0.247506
v -0.031011 -0.089550 -0.250271
v -0.034719 -0.089550 -0.253402
v -0.038113 -0.089550 -0.256871
v -0.041162 -0.089550 -0.260648
v -0.043838 -0.089550 -0.264697
v -0.046117 -0.089550 -0.268982
v -0.047978 -0.089550 -0.273464
v -0.049405 -0.089550 -0.278103
v -0.050384 -0.089550 -0.282856
v -0.050907 -0.089550 -0.287681
v -0.050969 -0.089550 -0.292534
v -0.050570 -0.089550 -0.297371
v -0.049712 -0.089550 -0.302148
v -0.048404 -0.089550 -0.306822
v -0.046658 -0.089550 -0.311351
v -0.044490 -0.089550 -0.315692
v -0.041918 -0.089550 -0.319809
v -0.038967 -0.089550 -0.323662
v -0.035663 -0.089550 -0.327217
v -0.032036 -0.089550 -0.330442
v -0.028119 -0.089550 -0.333307
v -0.023947 -0.089550 -0.335787
v -0.019559 -0.089550 -0.337860
v -0.014993 -0.089550 -0.339506
v -0.010291 -0.089550 -0.340710
v -0.005497 -0.089550 -0.341462
v -0.000652 -0.089550 -0.341755
v 0.004198 -0.089550 -0.341586
v 0.009011 -0.089550 -0.340957
v 0.021628 -0.095050 -0.303298
v 0.022779 -0.095050 -0.301060
v 0.021628 -0.094050 -0.303298
v 0.020258 -0.095050 -0.305409
v 0.020258 -0.094050 -0.305409
v 0.018683 -0.095050 -0.307371
v 0.018683 -0.094050 -0.307371
v 0.016918 -0.095050 -0.309165
v 0.016918 -0.094050 -0.309165
v 0.014982 -0.095050 -0.310773
v 0.014982 -0.094050 -0.310773
v 0.012894 -0.095050 -0.312178
v -0.000044 -0.095050 -0.315759
v 0.002469 -0.095050 -0.315637
v -0.000044 -0.094050 -0.315759
v -0.002557 -0.095050 -0.315628
v -0.002557 -0.094050 -0.315628
v -0.005045 -0.095050 -0.315245
v -0.005045 -0.094050 -0.315245
v -0.007481 -0.095050 -0.314614
v -0.007481 -0.094050 -0.314614
v -0.009841 -0.095050 -0.313741
v -0.009841 -0.094050 -0.313741
v -0.012102 -0.095050 -0.312635
v -0.021673 -0.095050 -0.303221
v -0.020310 -0.095050 -0.305337
v -0.021673 -0.094050 -0.303221
v -0.022816 -0.095050 -0.300979
v -0.022816 -0.094050 -0.300979
v -0.023728 -0.095050 -0.298633
v -0.023728 -0.094050 -0.298633
v -0.024399 -0.095050 -0.296208
v -0.024399 -0.094050 -0.296208
v -0.024823 -0.095050 -0.293727
v -0.024823 -0.094050 -0.293727
v -0.024996 -0.095050 -0.291216
v -0.021628 -0.095050 -0.278221
v -0.022779 -0.095050 -0.280459
v -0.021628 -0.094050 -0.278221
v -0.020258 -0.095050 -0.276110
v -0.020258 -0.094050 -0.276110
v -0.018683 -0.095050 -0.274148
v -0.018683 -0.094050 -0.274148
v -0.016918 -0.095050 -0.272353
v -0.016918 -0.094050 -0.272353
v -0.014982 -0.095050 -0.270746
v -0.014982 -0.094050 -0.270746
v -0.012894 -0.095050 -0.269341
v 0.023251 -0.094050 -0.300273
v 0.023251 -0.095050 -0.300273
v 0.023889 -0.094050 -0.299614
v 0.023889 -0.095050 -0.299614
v 0.024661 -0.094050 -0.299117
v 0.024661 -0.095050 -0.299117
v 0.025525 -0.094050 -0.298810
v 0.025525 -0.095050 -0.298810
v 0.026437 -0.095050 -0.298708
v 0.025118 -0.095050 -0.291211
v 0.024996 -0.095050 -0.290302
v 0.025118 -0.094050 -0.291211
v 0.025443 -0.095050 -0.292069
v 0.025443 -0.094050 -0.292069
v 0.025956 -0.095050 -0.292830
v 0.025956 -0.094050 -0.292830
v 0.026629 -0.095050 -0.293454
v 0.026629 -0.094050 -0.293454
v 0.027426 -0.095050 -0.293908
v 0.010962 -0.095050 -0.316843
v 0.010986 -0.095050 -0.316085
v 0.010962 -0.094050 -0.316843
v 0.010711 -0.095050 -0.317559
v 0.010711 -0.094050 -0.317559
v 0.010257 -0.095050 -0.318167
v 0.010257 -0.094050 -0.318167
v 0.009642 -0.095050 -0.318611
v 0.009642 -0.094050 -0.318611
v 0.008922 -0.095050 -0.318850
v 0.008922 -0.094050 -0.318850
v 0.008164 -0.095050 -0.318862
v 0.008164 -0.094050 -0.318862
v 0.007436 -0.095050 -0.318646
v 0.007436 -0.094050 -0.318646
v 0.006808 -0.095050 -0.318222
v 0.006808 -0.094050 -0.318222
v 0.006335 -0.095050 -0.317628
v -0.019864 -0.094050 -0.306139
v -0.019864 -0.095050 -0.306139
v -0.019613 -0.094050 -0.307021
v -0.019613 -0.095050 -0.307021
v -0.019569 -0.094050 -0.307937
v -0.019569 -0.095050 -0.307937
v -0.019735 -0.094050 -0.308839
v -0.019735 -0.095050 -0.308839
v -0.020102 -0.095050 -0.309680
v -0.012950 -0.095050 -0.312286
v -0.012950 -0.094050 -0.312286
v -0.013856 -0.095050 -0.312139
v -0.013856 -0.094050 -0.312139
v -0.014771 -0.095050 -0.312203
v -0.014771 -0.094050 -0.312203
v -0.015648 -0.095050 -0.312473
v -0.015648 -0.094050 -0.312473
v -0.016440 -0.095050 -0.312936
v -0.028070 -0.095050 -0.287210
v -0.027426 -0.095050 -0.287610
v -0.028070 -0.094050 -0.287210
v -0.028565 -0.095050 -0.286635
v -0.028565 -0.094050 -0.286635
v -0.028865 -0.095050 -0.285939
v -0.028865 -0.094050 -0.285939
v -0.028941 -0.095050 -0.285184
v -0.028941 -0.094050 -0.285184
v -0.028788 -0.095050 -0.284441
v -0.028788 -0.094050 -0.284441
v -0.028419 -0.095050 -0.283778
v -0.028419 -0.094050 -0.283778
v -0.027869 -0.095050 -0.283256
v -0.027869 -0.094050 -0.283256
v -0.027187 -0.095050 -0.282924
v -0.027187 -0.094050 -0.282924
v -0.026437 -0.095050 -0.282811
v -0.003387 -0.094050 -0.265867
v -0.002469 -0.095050 -0.265882
v -0.003387 -0.095050 -0.265867
v -0.004276 -0.094050 -0.265644
v -0.004276 -0.095050 -0.265644
v -0.005092 -0.094050 -0.265224
v -0.005092 -0.095050 -0.265224
v -0.005790 -0.094050 -0.264629
v -0.005790 -0.095050 -0.264629
v -0.006335 -0.095050 -0.263890
v -0.012167 -0.095050 -0.268781
v -0.012167 -0.094050 -0.268781
v -0.011587 -0.095050 -0.268070
v -0.011587 -0.094050 -0.268070
v -0.011185 -0.095050 -0.267245
v -0.011185 -0.094050 -0.267245
v -0.010981 -0.095050 -0.266351
v -0.010981 -0.094050 -0.266351
v -0.010986 -0.095050 -0.265434
v 0.017109 -0.095050 -0.268224
v 0.016440 -0.095050 -0.268583
v 0.017109 -0.094050 -0.268224
v 0.017854 -0.095050 -0.268083
v 0.017854 -0.094050 -0.268083
v 0.018607 -0.095050 -0.268172
v 0.018607 -0.094050 -0.268172
v 0.019299 -0.095050 -0.268483
v 0.019299 -0.094050 -0.268483
v 0.019866 -0.095050 -0.268987
v 0.019866 -0.094050 -0.268987
v 0.020256 -0.095050 -0.269638
v 0.020256 -0.094050 -0.269638
v 0.020432 -0.095050 -0.270376
v 0.020432 -0.094050 -0.270376
v 0.020379 -0.095050 -0.271133
v 0.020379 -0.094050 -0.271133
v 0.020102 -0.095050 -0.271839
v 0.012950 -0.095050 -0.269233
v 0.012102 -0.095050 -0.268884
v 0.012950 -0.094050 -0.269233
v 0.013856 -0.095050 -0.269380
v 0.013856 -0.094050 -0.269380
v 0.014771 -0.095050 -0.269316
v 0.014771 -0.094050 -0.269316
v 0.015648 -0.095050 -0.269046
v 0.015648 -0.094050 -0.269046
v -0.006808 -0.095050 -0.263297
v -0.007436 -0.095050 -0.262873
v -0.008164 -0.095050 -0.262657
v -0.008922 -0.095050 -0.262669
v -0.010962 -0.095050 -0.264675
v -0.009642 -0.095050 -0.262908
v -0.010711 -0.095050 -0.263959
v -0.010257 -0.095050 -0.263352
v 0.000044 -0.095050 -0.265759
v 0.002557 -0.095050 -0.265891
v 0.005045 -0.095050 -0.266274
v 0.007481 -0.095050 -0.266905
v 0.009841 -0.095050 -0.267778
v 0.019864 -0.095050 -0.275380
v 0.020310 -0.095050 -0.276182
v 0.021673 -0.095050 -0.278298
v 0.022816 -0.095050 -0.280540
v 0.023728 -0.095050 -0.282885
v 0.019613 -0.095050 -0.274498
v 0.019569 -0.095050 -0.273582
v 0.019735 -0.095050 -0.272679
v 0.024399 -0.095050 -0.285311
v 0.024823 -0.095050 -0.287791
v 0.028865 -0.095050 -0.295580
v 0.028941 -0.095050 -0.296335
v 0.028788 -0.095050 -0.297078
v 0.028070 -0.095050 -0.294308
v 0.028565 -0.095050 -0.294883
v 0.028419 -0.095050 -0.297741
v 0.027869 -0.095050 -0.298262
v 0.027187 -0.095050 -0.298595
v 0.003387 -0.095050 -0.315652
v 0.012167 -0.095050 -0.312738
v 0.004276 -0.095050 -0.315875
v 0.011587 -0.095050 -0.313449
v 0.005092 -0.095050 -0.316295
v 0.011185 -0.095050 -0.314273
v 0.005790 -0.095050 -0.316890
v 0.010981 -0.095050 -0.315168
v -0.020379 -0.095050 -0.310386
v -0.020432 -0.095050 -0.311143
v -0.020256 -0.095050 -0.311881
v -0.019866 -0.095050 -0.312531
v -0.019299 -0.095050 -0.313036
v -0.018607 -0.095050 -0.313346
v -0.017854 -0.095050 -0.313435
v -0.017109 -0.095050 -0.313294
v -0.025118 -0.095050 -0.290307
v -0.023251 -0.095050 -0.281246
v -0.025443 -0.095050 -0.289450
v -0.023889 -0.095050 -0.281905
v -0.025956 -0.095050 -0.288689
v -0.024661 -0.095050 -0.282401
v -0.026629 -0.095050 -0.288065
v -0.025525 -0.095050 -0.282709
v 0.019864 -0.094050 -0.275380
v 0.019613 -0.094050 -0.274498
v 0.019569 -0.094050 -0.273582
v 0.019735 -0.094050 -0.272679
v 0.024823 -0.094050 -0.287791
v 0.024399 -0.094050 -0.285311
v 0.023728 -0.094050 -0.282885
v 0.022816 -0.094050 -0.280540
v 0.021673 -0.094050 -0.278298
v 0.000044 -0.094050 -0.265759
v 0.002557 -0.094050 -0.265891
v 0.005045 -0.094050 -0.266274
v 0.007481 -0.094050 -0.266905
v 0.009841 -0.094050 -0.267778
v -0.010962 -0.094050 -0.264675
v -0.010711 -0.094050 -0.263959
v -0.010257 -0.094050 -0.263352
v -0.009642 -0.094050 -0.262908
v -0.008922 -0.094050 -0.262669
v -0.008164 -0.094050 -0.262657
v -0.007436 -0.094050 -0.262873
v -0.006808 -0.094050 -0.263297
v -0.025118 -0.094050 -0.290307
v -0.025443 -0.094050 -0.289450
v -0.025956 -0.094050 -0.288689
v -0.026629 -0.094050 -0.288065
v -0.023251 -0.094050 -0.281246
v -0.023889 -0.094050 -0.281905
v -0.024661 -0.094050 -0.282401
v -0.025525 -0.094050 -0.282709
v -0.017109 -0.094050 -0.313294
v -0.017854 -0.094050 -0.313435
v -0.018607 -0.094050 -0.313346
v -0.019299 -0.094050 -0.313036
v -0.019866 -0.094050 -0.312531
v -0.020256 -0.094050 -0.311881
v -0.020432 -0.094050 -0.311143
v -0.020379 -0.094050 -0.310386
v 0.012167 -0.094050 -0.312738
v 0.011587 -0.094050 -0.313449
v 0.011185 -0.094050 -0.314273
v 0.010981 -0.094050 -0.315168
v 0.003387 -0.094050 -0.315652
v 0.004276 -0.094050 -0.315875
v 0.005092 -0.094050 -0.316295
v 0.005790 -0.094050 -0.316890
v 0.028070 -0.094050 -0.294308
v 0.028565 -0.094050 -0.294883
v 0.028865 -0.094050 -0.295580
v 0.028941 -0.094050 -0.296335
v 0.028788 -0.094050 -0.297078
v 0.028419 -0.094050 -0.297741
v 0.027869 -0.094050 -0.298262
v 0.027187 -0.094050 -0.298595
v -0.018883 -0.024249 -0.236253
v -0.019299 -0.024085 -0.236223
v -0.019087 -0.024157 -0.236238
v -0.019517 -0.024035 -0.236207
v -0.019739 -0.024007 -0.236191
v -0.019963 -0.024001 -0.236175
v -0.020186 -0.024017 -0.236159
v -0.020406 -0.024056 -0.236143
v -0.020622 -0.024116 -0.236127
v -0.020830 -0.024198 -0.236112
v -0.021029 -0.024300 -0.236098
v -0.021217 -0.024421 -0.236084
v -0.021392 -0.024561 -0.236071
v -0.021553 -0.024717 -0.236060
v -0.021697 -0.024889 -0.236049
v -0.021823 -0.025074 -0.236040
v -0.021930 -0.025271 -0.236033
v -0.022018 -0.025477 -0.236026
v -0.022084 -0.025692 -0.236021
v -0.022129 -0.025912 -0.236018
v -0.022151 -0.026135 -0.236017
v -0.022151 -0.026359 -0.236016
v -0.022129 -0.026582 -0.236018
v -0.018690 -0.024362 -0.236267
v -0.022085 -0.026802 -0.236021
v -0.022020 -0.027017 -0.236026
v -0.021933 -0.027223 -0.236032
v -0.021826 -0.027421 -0.236040
v -0.021701 -0.027606 -0.236049
v -0.021557 -0.027778 -0.236060
v -0.021397 -0.027935 -0.236071
v -0.021222 -0.028075 -0.236084
v -0.021035 -0.028197 -0.236097
v -0.020836 -0.028300 -0.236112
v -0.020628 -0.028382 -0.236127
v -0.018508 -0.024493 -0.236280
v -0.020412 -0.028443 -0.236142
v -0.018341 -0.024642 -0.236292
v -0.020192 -0.028482 -0.236158
v -0.018189 -0.024806 -0.236303
v -0.019969 -0.028499 -0.236175
v -0.018054 -0.024985 -0.236313
v -0.019745 -0.028494 -0.236191
v -0.017938 -0.025177 -0.236322
v -0.019523 -0.028466 -0.236207
v -0.017841 -0.025379 -0.236329
v -0.019305 -0.028417 -0.236223
v -0.017765 -0.025590 -0.236334
v -0.019093 -0.028346 -0.236238
v -0.017710 -0.025807 -0.236338
v -0.018889 -0.028254 -0.236253
v -0.017677 -0.026029 -0.236341
v -0.018695 -0.028142 -0.236267
v -0.017666 -0.026253 -0.236341
v -0.018513 -0.028011 -0.236280
v -0.017677 -0.026477 -0.236340
v -0.018345 -0.027863 -0.236292
v -0.017711 -0.026699 -0.236338
v -0.018193 -0.027699 -0.236303
v -0.017766 -0.026916 -0.236334
v -0.018058 -0.027520 -0.236313
v -0.017843 -0.027127 -0.236328
v -0.017941 -0.027329 -0.236321
v -0.020430 -0.028069 -0.233635
v -0.020798 -0.027879 -0.233608
v -0.020619 -0.027984 -0.233621
v -0.020965 -0.027756 -0.233596
v -0.021117 -0.027616 -0.233585
v -0.021254 -0.027460 -0.233575
v -0.021374 -0.027291 -0.233566
v -0.021475 -0.027110 -0.233559
v -0.021556 -0.026919 -0.233553
v -0.021617 -0.026721 -0.233549
v -0.021656 -0.026517 -0.233546
v -0.021673 -0.026310 -0.233545
v -0.021669 -0.026102 -0.233545
v -0.021642 -0.025897 -0.233547
v -0.021594 -0.025695 -0.233550
v -0.021524 -0.025499 -0.233555
v -0.021435 -0.025312 -0.233562
v -0.021325 -0.025136 -0.233570
v -0.021198 -0.024972 -0.233579
v -0.021054 -0.024823 -0.233589
v -0.020896 -0.024689 -0.233601
v -0.020724 -0.024574 -0.233613
v -0.020540 -0.024478 -0.233627
v -0.020348 -0.024401 -0.233641
v -0.020148 -0.024346 -0.233655
v -0.019944 -0.024312 -0.233670
v -0.019737 -0.024300 -0.233685
v -0.019531 -0.024310 -0.233700
v -0.019326 -0.024342 -0.233715
v -0.019126 -0.024396 -0.233729
v -0.018933 -0.024471 -0.233743
v -0.018749 -0.024566 -0.233756
v -0.018576 -0.024680 -0.233769
v -0.020233 -0.028133 -0.233649
v -0.018416 -0.024812 -0.233780
v -0.020031 -0.028176 -0.233664
v -0.018271 -0.024960 -0.233791
v -0.019825 -0.028198 -0.233678
v -0.018142 -0.025123 -0.233800
v -0.019618 -0.028197 -0.233693
v -0.018032 -0.025298 -0.233808
v -0.019412 -0.028174 -0.233708
v -0.017941 -0.025484 -0.233815
v -0.019210 -0.028129 -0.233723
v -0.017870 -0.025679 -0.233820
v -0.019014 -0.028063 -0.233737
v -0.017820 -0.025881 -0.233824
v -0.018826 -0.027977 -0.233751
v -0.017791 -0.026086 -0.233826
v -0.018648 -0.027871 -0.233764
v -0.017785 -0.026294 -0.233826
v -0.018482 -0.027746 -0.233776
v -0.017801 -0.026501 -0.233825
v -0.018330 -0.027605 -0.233787
v -0.017838 -0.026705 -0.233822
v -0.018195 -0.027448 -0.233796
v -0.017897 -0.026904 -0.233818
v -0.018076 -0.027278 -0.233805
v -0.017977 -0.027096 -0.233812
v -0.018626 -0.024303 -0.234066
v -0.018825 -0.024200 -0.234052
v -0.019033 -0.024118 -0.234037
v -0.019249 -0.024057 -0.234021
v -0.019469 -0.024018 -0.234005
v -0.019692 -0.024001 -0.233989
v -0.019916 -0.024006 -0.233973
v -0.020138 -0.024034 -0.233957
v -0.020356 -0.024083 -0.233941
v -0.020568 -0.024154 -0.233925
v -0.020772 -0.024246 -0.233911
v -0.020966 -0.024358 -0.233897
v -0.021148 -0.024489 -0.233883
v -0.021316 -0.024637 -0.233871
v -0.021468 -0.024801 -0.233860
v -0.021603 -0.024980 -0.233850
v -0.021720 -0.025171 -0.233842
v -0.021818 -0.025373 -0.233835
v -0.021895 -0.025584 -0.233829
v -0.021950 -0.025801 -0.233825
v -0.021984 -0.026023 -0.233823
v -0.021995 -0.026247 -0.233822
v -0.021984 -0.026471 -0.233823
v -0.021951 -0.026693 -0.233825
v -0.021896 -0.026910 -0.233829
v -0.021820 -0.027121 -0.233835
v -0.021723 -0.027323 -0.233842
v -0.021607 -0.027515 -0.233850
v -0.021472 -0.027694 -0.233860
v -0.021320 -0.027858 -0.233871
v -0.021153 -0.028007 -0.233883
v -0.020971 -0.028138 -0.233896
v -0.020778 -0.028251 -0.233910
v -0.020574 -0.028343 -0.233925
v -0.020362 -0.028415 -0.233940
v -0.020144 -0.028465 -0.233956
v -0.019922 -0.028493 -0.233972
v -0.019698 -0.028499 -0.233988
v -0.019475 -0.028483 -0.234005
v -0.019255 -0.028444 -0.234021
v -0.019039 -0.028384 -0.234036
v -0.018831 -0.028302 -0.234051
v -0.018632 -0.028200 -0.234066
v -0.018444 -0.028079 -0.234079
v -0.018269 -0.027939 -0.234092
v -0.018108 -0.027783 -0.234104
v -0.017964 -0.027611 -0.234114
v -0.017838 -0.027426 -0.234123
v -0.017731 -0.027229 -0.234131
v -0.017643 -0.027023 -0.234137
v -0.017577 -0.026808 -0.234142
v -0.017532 -0.026588 -0.234145
v -0.017510 -0.026365 -0.234147
v -0.017510 -0.026141 -0.234147
v -0.017532 -0.025918 -0.234145
v -0.017576 -0.025698 -0.234142
v -0.017641 -0.025483 -0.234137
v -0.017728 -0.025277 -0.234131
v -0.017835 -0.025079 -0.234123
v -0.017960 -0.024894 -0.234114
v -0.018104 -0.024722 -0.234104
v -0.018264 -0.024565 -0.234092
v -0.018438 -0.024425 -0.234080
v 0.027172 -0.024387 -0.237082
v 0.027578 -0.024307 -0.237111
v 0.027373 -0.024336 -0.237096
v 0.027785 -0.024300 -0.237126
v 0.027991 -0.024315 -0.237141
v 0.028195 -0.024353 -0.237156
v 0.028393 -0.024411 -0.237170
v 0.028585 -0.024490 -0.237184
v 0.028766 -0.024590 -0.237197
v 0.028937 -0.024708 -0.237209
v 0.029093 -0.024843 -0.237221
v 0.029235 -0.024995 -0.237231
v 0.029360 -0.025161 -0.237240
v 0.029466 -0.025339 -0.237248
v 0.029553 -0.025527 -0.237254
v 0.029619 -0.025724 -0.237259
v 0.029664 -0.025926 -0.237262
v 0.029688 -0.026133 -0.237264
v 0.029689 -0.026340 -0.237264
v 0.029669 -0.026547 -0.237262
v 0.029626 -0.026750 -0.237259
v 0.029563 -0.026947 -0.237255
v 0.029478 -0.027137 -0.237249
v 0.029374 -0.027317 -0.237241
v 0.029252 -0.027484 -0.237232
v 0.029113 -0.027638 -0.237222
v 0.028958 -0.027775 -0.237211
v 0.028789 -0.027896 -0.237199
v 0.028609 -0.027998 -0.237186
v 0.028419 -0.028080 -0.237172
v 0.028221 -0.028141 -0.237158
v 0.028018 -0.028181 -0.237143
v 0.027812 -0.028199 -0.237128
v 0.026978 -0.024459 -0.237068
v 0.027605 -0.028195 -0.237113
v 0.026792 -0.024551 -0.237054
v 0.027399 -0.028169 -0.237098
v 0.026617 -0.024662 -0.237041
v 0.027198 -0.028121 -0.237084
v 0.026455 -0.024791 -0.237030
v 0.027003 -0.028052 -0.237069
v 0.026308 -0.024937 -0.237019
v 0.026816 -0.027962 -0.237056
v 0.026177 -0.025098 -0.237010
v 0.026640 -0.027853 -0.237043
v 0.026064 -0.025272 -0.237001
v 0.026476 -0.027726 -0.237031
v 0.025970 -0.025457 -0.236995
v 0.026326 -0.027583 -0.237020
v 0.025896 -0.025650 -0.236989
v 0.026193 -0.027424 -0.237011
v 0.025843 -0.025851 -0.236985
v 0.026078 -0.027252 -0.237002
v 0.025811 -0.026056 -0.236983
v 0.025981 -0.027068 -0.236995
v 0.025801 -0.026264 -0.236982
v 0.025904 -0.026875 -0.236990
v 0.025814 -0.026471 -0.236983
v 0.025848 -0.026675 -0.236986
v 0.027997 -0.028458 -0.239648
v 0.028045 -0.028477 -0.237446
v 0.027775 -0.028490 -0.239632
v 0.028265 -0.028434 -0.237462
v 0.028214 -0.028404 -0.239664
v 0.028479 -0.028369 -0.237477
v 0.028425 -0.028329 -0.239679
v 0.028686 -0.028283 -0.237492
v 0.028627 -0.028233 -0.239694
v 0.028883 -0.028177 -0.237506
v 0.028818 -0.028117 -0.239707
v 0.029069 -0.028052 -0.237520
v 0.028998 -0.027982 -0.239720
v 0.029241 -0.027909 -0.237532
v 0.029163 -0.027831 -0.239732
v 0.029398 -0.027749 -0.237544
v 0.029312 -0.027664 -0.239743
v 0.029539 -0.027575 -0.237554
v 0.029443 -0.027482 -0.239753
v 0.029661 -0.027387 -0.237563
v 0.029556 -0.027289 -0.239761
v 0.029764 -0.027188 -0.237570
v 0.029650 -0.027085 -0.239768
v 0.029847 -0.026980 -0.237576
v 0.029722 -0.026873 -0.239773
v 0.029909 -0.026764 -0.237581
v 0.029773 -0.026654 -0.239777
v 0.029950 -0.026543 -0.237584
v 0.029803 -0.026432 -0.239779
v 0.029968 -0.026320 -0.237585
v 0.029809 -0.026208 -0.239779
v 0.029963 -0.026096 -0.237585
v 0.029794 -0.025984 -0.239778
v 0.029937 -0.025873 -0.237583
v 0.029757 -0.025763 -0.239775
v 0.029889 -0.025654 -0.237579
v 0.029697 -0.025547 -0.239771
v 0.029819 -0.025441 -0.237574
v 0.029617 -0.025337 -0.239765
v 0.029728 -0.025236 -0.237568
v 0.029516 -0.025137 -0.239758
v 0.029617 -0.025041 -0.237560
v 0.029396 -0.024948 -0.239749
v 0.029488 -0.024858 -0.237550
v 0.029257 -0.024772 -0.239739
v 0.029341 -0.024689 -0.237539
v 0.029102 -0.024610 -0.239728
v 0.029178 -0.024535 -0.237528
v 0.028932 -0.024465 -0.239716
v 0.029000 -0.024399 -0.237515
v 0.028748 -0.024337 -0.239702
v 0.028810 -0.024281 -0.237501
v 0.028552 -0.024229 -0.239688
v 0.028609 -0.024182 -0.237486
v 0.028346 -0.024140 -0.239673
v 0.028399 -0.024104 -0.237471
v 0.028133 -0.024073 -0.239658
v 0.028183 -0.024047 -0.237456
v 0.027914 -0.024027 -0.239642
v 0.027962 -0.024013 -0.237440
v 0.027691 -0.024004 -0.239626
v 0.027738 -0.024000 -0.237423
v 0.027468 -0.024002 -0.239610
v 0.027515 -0.024010 -0.237407
v 0.027245 -0.024023 -0.239593
v 0.027294 -0.024042 -0.237391
v 0.027025 -0.024066 -0.239578
v 0.027076 -0.024096 -0.237376
v 0.026811 -0.024131 -0.239562
v 0.026866 -0.024171 -0.237360
v 0.026605 -0.024217 -0.239547
v 0.026664 -0.024267 -0.237346
v 0.026407 -0.024323 -0.239533
v 0.026472 -0.024383 -0.237332
v 0.026222 -0.024448 -0.239519
v 0.026293 -0.024518 -0.237319
v 0.026049 -0.024591 -0.239507
v 0.026128 -0.024669 -0.237307
v 0.025892 -0.024751 -0.239496
v 0.025979 -0.024836 -0.237296
v 0.025752 -0.024925 -0.239485
v 0.025847 -0.025018 -0.237286
v 0.025629 -0.025113 -0.239476
v 0.025734 -0.025211 -0.237278
v 0.025526 -0.025312 -0.239469
v 0.025641 -0.025415 -0.237272
v 0.025443 -0.025520 -0.239463
v 0.025568 -0.025627 -0.237266
v 0.025381 -0.025736 -0.239459
v 0.025517 -0.025846 -0.237263
v 0.025341 -0.025957 -0.239456
v 0.025488 -0.026068 -0.237260
v 0.025323 -0.026180 -0.239454
v 0.025481 -0.026292 -0.237260
v 0.025327 -0.026404 -0.239455
v 0.025496 -0.026516 -0.237261
v 0.025353 -0.026627 -0.239457
v 0.025534 -0.026737 -0.237264
v 0.025402 -0.026846 -0.239460
v 0.025593 -0.026953 -0.237268
v 0.025472 -0.027059 -0.239465
v 0.025673 -0.027163 -0.237274
v 0.025563 -0.027264 -0.239472
v 0.025774 -0.027363 -0.237281
v 0.025673 -0.027459 -0.239480
v 0.025895 -0.027552 -0.237290
v 0.025803 -0.027642 -0.239489
v 0.026033 -0.027728 -0.237300
v 0.025950 -0.027811 -0.239500
v 0.026188 -0.027890 -0.237311
v 0.026113 -0.027965 -0.239511
v 0.026359 -0.028035 -0.237324
v 0.026290 -0.028101 -0.239524
v 0.026543 -0.028163 -0.237337
v 0.026480 -0.028219 -0.239538
v 0.026739 -0.028271 -0.237351
v 0.026681 -0.028318 -0.239553
v 0.026944 -0.028360 -0.237366
v 0.026891 -0.028396 -0.239568
v 0.027158 -0.028427 -0.237381
v 0.027108 -0.028453 -0.239584
v 0.027377 -0.028473 -0.237397
v 0.027329 -0.028487 -0.239600
v 0.027599 -0.028496 -0.237413
v 0.027552 -0.028500 -0.239616
v 0.027823 -0.028498 -0.237430
vn -0.0000 1.0000 -0.0000
vn -0.6605 0.0074 0.7508
vn -0.7379 -0.0080 0.6749
vn -0.7673 -0.0000 0.6413
vn -0.8583 -0.0000 0.5131
vn -0.9438 -0.0000 0.3304
vn -0.5875 -0.0081 0.8092
vn -0.5039 0.0075 0.8637
vn -0.4131 -0.0081 0.9106
vn -0.3285 0.0074 0.9445
vn -0.2220 -0.0080 0.9750
vn -0.1409 0.0072 0.9900
vn -0.0219 -0.0077 0.9997
vn 0.0519 0.0069 0.9986
vn 0.1792 -0.0074 0.9838
vn 0.2428 0.0064 0.9700
vn 0.3730 -0.0069 0.9278
vn 0.4247 0.0059 0.9053
vn 0.5515 -0.0062 0.8341
vn 0.5907 0.0052 0.8069
vn 0.7077 -0.0055 0.7065
vn 0.7348 0.0044 0.6783
vn 0.8351 -0.0046 0.5501
vn 0.8514 0.0035 0.5245
vn 0.9285 -0.0037 0.3714
vn 0.9363 0.0024 0.3511
vn 0.9841 -0.0026 0.1775
vn 0.9863 0.0013 0.1647
vn 0.9997 -0.0013 -0.0236
vn 0.9996 -0.0000 -0.0279
vn -0.7672 -0.0000 0.6413
vn -0.7379 0.0080 0.6749
vn -0.6605 -0.0074 0.7508
vn -0.5875 0.0081 0.8092
vn -0.5039 -0.0075 0.8637
vn -0.4131 0.0081 0.9106
vn -0.3285 -0.0074 0.9445
vn -0.2220 0.0080 0.9750
vn -0.1409 -0.0072 0.9900
vn -0.0219 0.0077 0.9997
vn 0.0519 -0.0069 0.9986
vn 0.1792 0.0074 0.9838
vn 0.2428 -0.0064 0.9700
vn 0.3730 0.0069 0.9278
vn 0.4247 -0.0059 0.9053
vn 0.5515 0.0062 0.8341
vn 0.5907 -0.0052 0.8069
vn 0.7077 0.0055 0.7065
vn 0.7348 -0.0044 0.6783
vn 0.8351 0.0046 0.5501
vn 0.8514 -0.0035 0.5245
vn 0.9285 0.0037 0.3714
vn 0.9363 -0.0024 0.3511
vn 0.9841 0.0026 0.1775
vn 0.9863 -0.0013 0.1647
vn 0.9997 0.0013 -0.0236
vn 0.9570 -0.0000 0.2901
vn 0.9965 -0.0000 -0.0831
vn 1.0000 -0.0000 -0.0005
vn 0.9966 -0.0000 0.0822
vn 0.9864 -0.0000 0.1642
vn 0.9695 -0.0000 0.2452
vn -0.0000 -1.0000 -0.0000
vn -0.9884 -0.0000 0.1519
vn -0.9828 -0.0000 0.1847
vn -0.9761 -0.0000 0.2174
vn -0.9925 -0.0000 -0.1223
vn -0.9925 -0.0000 -0.1222
vn -0.9953 -0.0000 -0.0968
vn -0.9990 -0.0000 -0.0458
vn -1.0000 -0.0000 0.0054
vn -0.9984 -0.0000 0.0566
vn -0.9942 -0.0000 0.1076
vn -0.9874 -0.0000 0.1583
vn -0.9780 -0.0000 0.2086
vn -0.0645 -0.9749 0.2130
vn -0.1809 -0.7818 0.5967
vn -0.2614 -0.4339 0.8622
vn -0.2901 -0.0000 0.9570
vn -0.2614 0.4339 0.8622
vn -0.1809 0.7818 0.5967
vn -0.0645 0.9749 0.2130
vn -0.9982 -0.0000 -0.0605
vn -0.9993 -0.0037 -0.0383
vn -0.9970 -0.0465 -0.0622
vn -0.9998 0.0013 0.0180
vn -0.9965 -0.0022 0.0830
vn -0.9917 -0.0539 0.1167
vn -0.9746 0.0490 0.2186
vn -0.9548 -0.0557 0.2919
vn -0.9236 0.0502 0.3801
vn -0.8873 -0.0563 0.4577
vn -0.8460 0.0501 0.5307
vn -0.7914 -0.0555 0.6088
vn -0.7442 0.0487 0.6661
vn -0.6700 -0.0534 0.7404
vn -0.6211 0.0459 0.7824
vn -0.5272 -0.0500 0.8483
vn -0.4800 0.0419 0.8763
vn -0.3673 -0.0453 0.9290
vn -0.3251 0.0365 0.9450
vn -0.1956 -0.0392 0.9799
vn -0.1608 0.0298 0.9865
vn -0.0175 -0.0318 0.9993
vn 0.0082 0.0217 0.9997
vn 0.1613 -0.0231 0.9866
vn 0.1771 0.0123 0.9841
vn 0.3349 -0.0131 0.9421
vn 0.3409 0.0017 0.9401
vn 0.4948 -0.0017 0.8690
vn -0.9953 -0.0000 0.0964
vn 0.4978 -0.0100 0.8672
vn 0.6345 0.0094 0.7728
vn 0.6446 -0.0204 0.7643
vn 0.7559 0.0191 0.6544
vn 0.7705 -0.0295 0.6368
vn 0.8554 0.0276 0.5172
vn 0.8716 -0.0372 0.4888
vn 0.9303 0.0347 0.3651
vn 0.9446 -0.0437 0.3253
vn 0.9650 -0.0000 0.2624
vn 0.9781 0.0048 0.2081
vn 0.9884 -0.0069 0.1515
vn 0.9987 0.0056 0.0506
vn 0.9996 -0.0073 -0.0274
vn 0.9941 0.0057 -0.1081
vn 0.9884 -0.0000 -0.1519
vn 0.9773 -0.0537 -0.2052
vn 0.9605 0.0529 -0.2731
vn 0.9249 -0.0534 -0.3764
vn 0.8969 0.0525 -0.4392
vn 0.8429 -0.0531 -0.5355
vn 0.8047 0.0522 -0.5914
vn 0.7337 -0.0527 -0.6774
vn 0.6870 0.0518 -0.7248
vn 0.6010 -0.0524 -0.7975
vn 0.5476 0.0514 -0.8352
vn 0.4489 -0.0520 -0.8920
vn 0.3907 0.0510 -0.9191
vn 0.2825 -0.0516 -0.9579
vn 0.2214 0.0506 -0.9739
vn 0.1069 -0.0511 -0.9930
vn 0.0451 0.0502 -0.9977
vn -0.0721 -0.0507 -0.9961
vn -0.1326 0.0497 -0.9899
vn -0.2488 -0.0502 -0.9672
vn -0.3062 0.0493 -0.9507
vn -0.4176 -0.0497 -0.9073
vn -0.4700 0.0488 -0.8813
vn -0.5729 -0.0492 -0.8182
vn -0.6189 0.0483 -0.7840
vn -0.7098 -0.0487 -0.7027
vn -0.7482 0.0478 -0.6617
vn -0.8239 -0.0482 -0.5647
vn -0.8538 0.0472 -0.5185
vn -0.9115 -0.0476 -0.4086
vn -0.9323 0.0466 -0.3588
vn -0.9698 -0.0471 -0.2392
vn -0.9811 0.0461 -0.1877
vn -0.9930 -0.0000 -0.1185
vn -0.9938 -0.0000 -0.1110
vn -0.9946 -0.0000 -0.1034
vn 0.9895 -0.0000 -0.1448
vn 0.9982 -0.0000 -0.0602
vn 0.9997 -0.0000 0.0249
vn 0.9940 -0.0000 0.1097
vn 0.9882 0.0029 0.1529
vn 0.9892 -0.0000 0.1466
vn 0.9869 -0.0003 0.1612
vn 0.9849 0.0005 0.1732
vn 0.9847 -0.0006 0.1745
vn 0.9839 -0.0000 0.1789
vn 0.9840 0.0014 0.1781
vn 0.9849 -0.0018 0.1729
vn 0.9863 0.0063 0.1647
vn 0.9864 0.0058 0.1644
vn 0.9874 0.0014 0.1581
vn 0.9881 -0.0000 0.1539
vn 0.9884 -0.0000 0.1522
vn 0.9884 -0.0000 0.1520
vn 0.9839 -0.0010 0.1784
vn 0.9849 0.0014 0.1732
vn 0.9862 -0.0070 0.1653
vn 0.9870 0.0002 0.1605
vn 0.9936 -0.0000 0.1132
vn 0.9936 -0.0001 0.1133
vn 0.9919 -0.0000 0.1269
vn 0.9941 -0.0000 0.1085
vn 0.9930 0.0058 0.1182
vn 0.9909 -0.0000 0.1344
vn 0.9912 0.0010 0.1327
vn 0.9915 -0.0000 0.1305
vn -0.9793 -0.0000 -0.2022
vn -0.9780 0.0024 -0.2085
vn -0.9777 -0.0000 -0.2100
vn -0.9728 -0.0010 -0.2314
vn -0.9681 0.0017 -0.2507
vn -0.9664 -0.0001 -0.2571
vn -0.9603 0.0001 -0.2790
vn -0.9595 0.0010 -0.2818
vn -0.9532 -0.0014 -0.3024
vn -0.9527 -0.0006 -0.3039
vn -0.9482 0.0002 -0.3178
vn -0.9482 0.0001 -0.3176
vn -0.9489 0.0005 -0.3157
vn -0.9507 -0.0008 -0.3102
vn -0.9552 0.0023 -0.2960
vn -0.9568 -0.0000 -0.2908
vn -0.9647 -0.0000 -0.2633
vn -0.9729 -0.0000 -0.2314
vn -0.9820 -0.0000 -0.1887
vn -0.9899 -0.0000 -0.1415
vn -0.9811 -0.0461 -0.1877
vn -0.9970 0.0465 -0.0622
vn -0.9993 0.0037 -0.0383
vn -0.9998 -0.0013 0.0180
vn -0.9965 0.0022 0.0830
vn -0.9698 0.0471 -0.2392
vn -0.9323 -0.0466 -0.3588
vn -0.9115 0.0476 -0.4086
vn -0.8538 -0.0472 -0.5185
vn -0.8239 0.0482 -0.5647
vn -0.7482 -0.0478 -0.6617
vn -0.7098 0.0487 -0.7027
vn -0.6189 -0.0483 -0.7840
vn -0.5729 0.0492 -0.8182
vn -0.4700 -0.0488 -0.8813
vn -0.4176 0.0497 -0.9073
vn -0.3062 -0.0493 -0.9507
vn -0.2488 0.0502 -0.9672
vn -0.1326 -0.0497 -0.9899
vn -0.0721 0.0507 -0.9961
vn 0.0451 -0.0502 -0.9977
vn 0.1069 0.0511 -0.9930
vn 0.2214 -0.0506 -0.9739
vn 0.2825 0.0516 -0.9579
vn 0.3907 -0.0510 -0.9191
vn 0.4489 0.0520 -0.8920
vn 0.5476 -0.0514 -0.8352
vn 0.6010 0.0524 -0.7975
vn 0.6870 -0.0518 -0.7248
vn 0.7337 0.0527 -0.6774
vn 0.8047 -0.0522 -0.5914
vn 0.8429 0.0531 -0.5355
vn 0.8969 -0.0525 -0.4392
vn 0.9249 0.0534 -0.3764
vn 0.9605 -0.0529 -0.2731
vn 0.9773 0.0537 -0.2052
vn 0.9941 -0.0057 -0.1081
vn 0.9996 0.0073 -0.0274
vn 0.9987 -0.0056 0.0506
vn 0.9884 0.0069 0.1515
vn 0.9781 -0.0048 0.2081
vn 0.9446 0.0437 0.3253
vn 0.9303 -0.0347 0.3651
vn 0.8716 0.0372 0.4888
vn 0.8554 -0.0276 0.5172
vn 0.7705 0.0295 0.6368
vn 0.7559 -0.0191 0.6544
vn 0.6446 0.0204 0.7643
vn 0.6345 -0.0094 0.7728
vn 0.4978 0.0100 0.8672
vn 0.4948 0.0017 0.8690
vn 0.3409 -0.0017 0.9401
vn 0.3349 0.0131 0.9421
vn 0.1771 -0.0123 0.9841
vn 0.1613 0.0231 0.9866
vn 0.0082 -0.0217 0.9997
vn -0.0175 0.0318 0.9993
vn -0.1608 -0.0298 0.9865
vn -0.1956 0.0392 0.9799
vn -0.3251 -0.0365 0.9450
vn -0.3673 0.0453 0.9290
vn -0.4800 -0.0419 0.8763
vn -0.5272 0.0500 0.8483
vn -0.6211 -0.0459 0.7824
vn -0.6700 0.0534 0.7404
vn -0.7442 -0.0487 0.6661
vn -0.7914 0.0555 0.6088
vn -0.8460 -0.0501 0.5307
vn -0.8873 0.0563 0.4577
vn -0.9236 -0.0502 0.3801
vn -0.9548 0.0557 0.2919
vn -0.9746 -0.0490 0.2186
vn -0.9917 0.0539 0.1167
vn -0.9969 -0.0000 0.0788
vn -0.9942 -0.0052 0.1071
vn -0.9728 0.0034 0.2315
vn -0.9500 -0.0064 0.3123
vn -0.9240 0.0032 0.3825
vn -0.8638 -0.0046 0.5038
vn -0.8508 -0.0000 0.5255
vn -0.7568 -0.0000 0.6537
vn -0.7396 -0.0045 0.6730
vn -0.6466 0.0029 0.7629
vn -0.5828 -0.0058 0.8126
vn -0.5203 0.0028 0.8540
vn -0.4002 -0.0041 0.9164
vn -0.3777 -0.0000 0.9259
vn 0.9982 -0.0000 -0.0595
vn 0.9990 -0.0028 -0.0450
vn 0.9942 0.0025 0.1080
vn 0.9888 -0.0043 0.1493
vn 0.9611 0.0037 0.2763
vn 0.9412 -0.0050 0.3379
vn 0.8994 0.0040 0.4372
vn 0.8579 -0.0052 0.5138
vn 0.8126 0.0036 0.5828
vn 0.7422 -0.0046 0.6702
vn 0.7039 0.0028 0.7103
vn 0.5984 -0.0034 0.8012
vn 0.5730 0.0016 0.8196
vn 0.4319 -0.0018 0.9019
vn 0.4227 -0.0000 0.9063
vn -0.0722 -0.0000 -0.9974
vn -0.9990 -0.0000 0.0453
vn -0.9936 -0.0000 -0.1129
vn -0.9633 -0.0000 -0.2684
vn -0.9089 -0.0000 -0.4171
vn 0.2847 -0.0000 0.9586
vn 0.6606 -0.0000 0.7508
vn 0.6605 -0.0000 0.7508
vn 0.9145 -0.0000 0.4045
vn 0.9999 -0.0000 -0.0164
vn 0.9008 -0.0000 -0.4343
vn 0.0722 -0.0000 0.9974
vn 0.7865 -0.0000 -0.6176
vn 0.9994 -0.0000 0.0336
vn 0.9995 -0.0000 0.0319
vn 0.9995 -0.0001 0.0301
vn 0.9997 -0.0005 0.0249
vn 0.9998 0.0003 0.0207
vn 1.0000 -0.0003 0.0056
vn 1.0000 0.0001 0.0037
vn 0.9999 -0.0001 -0.0131
vn 0.9999 -0.0002 -0.0136
vn 0.9995 0.0001 -0.0301
vn 0.9995 -0.0004 -0.0326
vn 0.9986 0.0006 -0.0526
vn 0.9987 0.0009 -0.0517
vn 0.9975 -0.0005 -0.0700
vn 0.9967 0.0014 -0.0807
vn 0.9961 -0.0003 -0.0884
vn 0.9941 0.0006 -0.1085
vn 0.9943 0.0012 -0.1070
vn 0.9923 -0.0005 -0.1240
vn 0.9906 0.0013 -0.1367
vn 0.9899 -0.0000 -0.1416
vn 0.9996 0.0001 0.0294
vn 0.9998 -0.0001 0.0216
vn 0.9998 -0.0001 0.0215
vn 0.9999 -0.0000 0.0163
vn 0.9999 -0.0001 0.0128
vn 0.9999 -0.0000 0.0111
vn 0.9995 -0.0000 0.0302
vn 0.9882 -0.0000 0.1530
vn 0.9849 -0.0000 0.1732
vn -0.9792 -0.0000 -0.2031
vn -0.9724 -0.0000 -0.2333
vn -0.9630 -0.0000 -0.2695
vn -0.9530 -0.0000 -0.3030
vn -0.9481 -0.0000 -0.3180
vn 0.0301 -0.9346 0.3545
vn 0.0299 -0.9348 0.3539
vn 0.0268 -0.9493 0.3132
vn 0.0262 -0.9499 0.3114
vn 0.0231 -0.9627 0.2694
vn 0.0227 -0.9631 0.2681
vn 0.0191 -0.9743 0.2243
vn 0.0194 -0.9748 0.2224
vn 0.0149 -0.9836 0.1799
vn 0.0158 -0.9848 0.1731
vn 0.0105 -0.9908 0.1352
vn 0.0120 -0.9924 0.1226
vn 0.0063 -0.9959 0.0902
vn 0.0079 -0.9973 0.0724
vn 0.0024 -0.9990 0.0451
vn 0.0037 -0.9997 0.0241
vn 0.0010 -0.9999 0.0113
vn -0.0038 0.9990 -0.0449
vn -0.0038 0.9990 -0.0452
vn -0.0116 0.9907 -0.1352
vn -0.0116 0.9908 -0.1350
vn -0.0189 0.9743 -0.2243
vn -0.0194 0.9740 -0.2258
vn -0.0265 0.9490 -0.3141
vn -0.0267 0.9488 -0.3146
vn -0.0006 1.0000 -0.0068
vn -0.0006 1.0000 -0.0082
vn -0.0018 0.9998 -0.0205
vn -0.0020 0.9997 -0.0244
vn -0.0030 0.9994 -0.0339
vn -0.0033 0.9992 -0.0406
vn -0.0041 0.9989 -0.0475
vn -0.0047 0.9984 -0.0567
vn -0.0052 0.9981 -0.0610
vn -0.0061 0.9973 -0.0730
vn -0.0063 0.9972 -0.0747
vn -0.0075 0.9961 -0.0879
vn -0.0075 0.9960 -0.0889
vn -0.0086 0.9949 -0.1009
vn -0.0088 0.9945 -0.1044
vn -0.0096 0.9936 -0.1129
vn -0.0100 0.9929 -0.1189
vn -0.0105 0.9923 -0.1236
vn -0.0110 0.9915 -0.1296
vn -0.0113 0.9911 -0.1329
vn -0.0116 0.9905 -0.1373
vn -0.0120 0.9899 -0.1412
vn -0.0123 0.9894 -0.1449
vn -0.0127 0.9887 -0.1493
vn -0.0129 0.9883 -0.1523
vn -0.0134 0.9875 -0.1570
vn -0.0135 0.9872 -0.1590
vn -0.0139 0.9864 -0.1638
vn -0.0140 0.9862 -0.1648
vn -0.0144 0.9854 -0.1696
vn -0.0144 0.9854 -0.1698
vn -0.0148 0.9846 -0.1739
vn -0.0148 0.9846 -0.1744
vn -0.0151 0.9839 -0.1780
vn -0.0156 0.9825 -0.1855
vn -0.0155 0.9818 -0.1893
vn -0.0168 0.9802 -0.1973
vn -0.0177 0.9777 -0.2091
vn -0.0202 0.9739 -0.2261
vn -0.0188 0.9752 -0.2207
vn -0.0177 0.9764 -0.2151
vn -0.0175 0.9763 -0.2158
vn -0.0201 0.9725 -0.2321
vn -0.0194 0.9716 -0.2359
vn -0.0216 0.9691 -0.2459
vn -0.0200 0.9678 -0.2510
vn -0.0233 0.9654 -0.2596
vn -0.0199 0.9634 -0.2673
vn -0.0229 0.9625 -0.2702
vn -0.0238 0.9616 -0.2733
vn -0.0241 0.9621 -0.2716
vn -0.0217 0.9653 -0.2601
vn -0.0218 0.9685 -0.2481
vn -0.0212 0.9690 -0.2463
vn -0.0196 0.9724 -0.2325
vn -0.0236 0.9591 -0.2821
vn -0.0259 0.9547 -0.2966
vn -0.0257 0.9542 -0.2979
vn -0.0265 0.9489 -0.3145
vn -0.0284 0.9465 -0.3213
vn -0.0276 0.9430 -0.3317
vn -0.0303 0.9377 -0.3460
vn -0.0297 0.9365 -0.3493
vn 0.9989 -0.0012 -0.0460
vn 0.9967 0.0010 -0.0806
vn 0.9939 -0.0034 -0.1100
vn 0.9919 -0.0000 -0.1273
vn 0.9995 -0.0038 -0.0301
vn 0.9997 -0.0024 -0.0238
vn 1.0000 -0.0000 -0.0017
vn 0.0208 -0.9683 0.2489
vn 0.0210 -0.9681 0.2495
vn 0.0221 -0.9748 0.2219
vn 0.0064 -0.9709 0.2394
vn 0.0222 -0.9830 0.1825
vn 0.0036 -0.9898 0.1422
vn 0.0121 -0.9939 0.1100
vn 0.0006 -0.9989 0.0478
vn 0.0031 -0.9993 0.0368
vn 0.0278 -0.9446 0.3270
vn 0.0280 -0.9455 0.3245
vn 0.0144 -0.9826 0.1849
vn 0.0125 -0.9917 0.1277
vn 0.0086 -0.9937 0.1114
vn 0.0046 -0.9991 0.0427
vn 0.0032 -0.9993 0.0372
vn -0.8031 -0.0000 0.5958
vn -0.8039 -0.0004 0.5947
vn -0.8613 0.0004 0.5080
vn -0.8643 -0.0013 0.5030
vn -0.9102 0.0012 0.4141
vn -0.9143 -0.0016 0.4050
vn -0.9500 0.0016 0.3123
vn -0.9533 -0.0013 0.3021
vn -0.9789 0.0014 0.2044
vn -0.9786 0.0018 0.2056
vn -0.9928 -0.0013 0.1197
vn -0.9957 0.0034 0.0924
vn -0.9995 -0.0023 0.0307
vn -0.9998 0.0036 -0.0198
vn -0.9983 -0.0020 -0.0591
vn -0.9931 0.0019 -0.1176
vn -0.9916 0.0035 -0.1292
vn -0.9894 0.0015 -0.1453
vn -0.9850 -0.0001 -0.1728
vn -0.9826 -0.0000 -0.1859
vn -0.9828 -0.0000 -0.1846
vn -0.9830 -0.0000 -0.1834
vn 1.0000 -0.0000 0.0094
vn 0.9974 -0.0000 -0.0722
vn -0.9974 -0.0000 0.0722
vn -0.8714 -0.0000 0.4905
vn -0.8738 -0.0015 0.4863
vn -0.8360 0.0011 0.5487
vn -0.8275 -0.0021 0.5614
vn -0.7918 0.0018 0.6108
vn -0.7784 -0.0024 0.6278
vn -0.7425 0.0023 0.6698
vn -0.7235 -0.0029 0.6903
vn -0.7123 -0.0011 0.7018
vn -0.7053 -0.0004 0.7090
vn -0.6981 -0.0000 0.7160
vn 0.9997 -0.0000 0.0243
vn 0.9984 -0.0000 0.0560
vn 0.9962 -0.0000 0.0875
vn 0.9935 -0.0000 0.1135
vn 0.9914 -0.0000 0.1308
vn -0.7865 -0.0000 0.6176
vn -0.9345 -0.0000 -0.3561
vn -0.8537 -0.0000 -0.5208
vn -0.7219 -0.0000 -0.6920
vn -0.5564 -0.0000 -0.8309
vn -0.9943 0.0044 -0.1064
vn -0.9796 -0.0050 -0.2007
vn -0.9759 0.0034 -0.2182
vn -0.9476 -0.0036 -0.3193
vn -0.9442 0.0018 -0.3295
vn -0.9013 -0.0019 -0.4331
vn -0.8998 -0.0000 -0.4364
vn -0.9969 -0.0069 -0.0790
vn -1.0000 0.0058 0.0028
vn -0.9990 -0.0082 0.0439
vn -0.9939 0.0064 0.1102
vn -0.9861 -0.0083 0.1661
vn -0.9762 0.0064 0.2166
vn -0.9583 -0.0076 0.2858
vn -0.9464 0.0056 0.3231
vn -0.9160 -0.0062 0.4011
vn -0.9046 0.0041 0.4262
vn -0.8599 -0.0046 0.5105
vn -0.8512 0.0022 0.5248
vn -0.7908 -0.0025 0.6121
vn -0.7873 -0.0000 0.6166
vn 0.9951 -0.0000 -0.0991
vn 0.9670 -0.0000 -0.2549
vn 0.9146 -0.0000 -0.4044
vn 0.8393 -0.0000 -0.5437
vn 0.9367 0.0028 0.3500
vn 0.9244 -0.0071 0.3813
vn 0.9016 0.0035 0.4325
vn 0.8707 -0.0061 0.4918
vn 0.8612 -0.0000 0.5082
vn 0.9642 -0.0039 0.2650
vn 0.9653 -0.0023 0.2612
vn 0.9854 0.0019 0.1701
vn 0.9894 -0.0072 0.1447
vn 0.9970 0.0046 0.0777
vn 0.9997 -0.0081 0.0223
vn 0.9999 0.0031 -0.0130
vn 0.9949 -0.0044 -0.1005
vn 0.9947 -0.0034 -0.1026
vn 0.9814 0.0026 -0.1919
vn 0.9751 -0.0081 -0.2218
vn 0.9596 0.0050 -0.2812
vn 0.9405 -0.0082 -0.3397
vn 0.9267 0.0055 -0.3758
vn 0.8917 -0.0066 -0.4525
vn 0.8810 0.0033 -0.4731
vn 0.8295 -0.0038 -0.5585
vn 0.8252 -0.0000 -0.5649
vn 0.8302 -0.0000 0.5574
vn 0.8750 -0.0000 0.4841
vn 0.9133 -0.0000 0.4073
vn 0.9449 -0.0000 0.3274
vn 0.4870 -0.0000 0.8734
vn 0.9283 -0.0000 -0.3717
vn 0.9581 -0.0000 -0.2864
vn 0.9801 -0.0000 -0.1987
vn -0.8879 -0.0000 0.4601
vn -0.8451 -0.0000 0.5346
vn -0.7961 -0.0000 0.6052
vn -0.7412 -0.0000 0.6712
vn -0.3561 -0.0000 0.9345
vn 0.9997 -0.0000 -0.0233
vn 0.9927 -0.0000 -0.1210
vn -0.9744 -0.0018 0.2247
vn -0.9813 -0.0000 0.1924
vn -0.9880 0.0055 0.1546
vn -0.9907 0.0032 0.1359
vn -0.9939 0.0010 0.1105
vn -0.9964 -0.0000 0.0850
vn -0.9489 0.0021 0.3156
vn -0.9281 -0.0017 0.3723
vn -0.8837 0.0019 0.4680
vn -0.8595 -0.0015 0.5111
vn -0.7943 0.0017 0.6075
vn -0.7704 -0.0013 0.6376
vn -0.6831 0.0014 0.7303
vn -0.6628 -0.0009 0.7488
vn -0.5531 0.0010 0.8331
vn -0.5393 -0.0005 0.8421
vn -0.4080 0.0005 0.9130
vn -0.4029 -0.0000 0.9152
vn -0.4292 -0.0000 0.9032
vn -0.4291 -0.0000 0.9033
vn -0.6100 -0.0000 0.7924
vn -0.7635 -0.0000 0.6459
vn 0.5306 -0.0000 0.8476
vn 0.5352 0.0005 0.8447
vn 0.6550 -0.0005 0.7556
vn 0.6674 0.0010 0.7447
vn 0.7638 -0.0009 0.6455
vn 0.7812 0.0014 0.6243
vn 0.8542 -0.0013 0.5199
vn 0.8736 0.0017 0.4867
vn 0.9242 -0.0015 0.3819
vn 0.9419 0.0019 0.3358
vn 0.9721 -0.0017 0.2347
vn 0.9845 0.0021 0.1756
vn 0.9966 -0.0018 0.0819
vn 0.9988 -0.0000 0.0491
vn 0.9999 0.0055 0.0107
vn 1.0000 0.0031 -0.0083
vn 0.9994 0.0011 -0.0339
vn 0.9982 -0.0000 -0.0594
vn 0.9998 -0.0000 -0.0190
vn 0.9921 -0.0000 -0.1252
vn 0.9732 -0.0000 -0.2300
vn 0.9962 -0.0000 0.0873
vn 0.9813 -0.0000 0.1927
vn 0.9552 -0.0000 0.2959
vn 0.9183 -0.0000 0.3958
vn 0.8711 -0.0000 0.4912
vn 0.8139 -0.0000 0.5810
vn 0.7476 -0.0000 0.6642
vn 0.6727 -0.0000 0.7399
vn 0.5903 -0.0000 0.8072
vn 0.5011 -0.0000 0.8654
vn 0.4063 -0.0000 0.9137
vn 0.3069 -0.0000 0.9518
vn 0.2040 -0.0000 0.9790
vn 0.0987 -0.0000 0.9951
vn -0.0076 -0.0000 1.0000
vn -0.1138 -0.0000 0.9935
vn -0.2188 -0.0000 0.9758
vn -0.3213 -0.0000 0.9470
vn -0.4201 -0.0000 0.9075
vn -0.5142 -0.0000 0.8577
vn -0.6024 -0.0000 0.7982
vn -0.6839 -0.0000 0.7296
vn -0.7575 -0.0000 0.6528
vn -0.8226 -0.0000 0.5686
vn -0.8784 -0.0000 0.4779
vn -0.9242 -0.0000 0.3818
vn -0.9596 -0.0000 0.2814
vn -0.9841 -0.0000 0.1778
vn -0.9994 -0.0000 -0.0342
vn -0.9901 -0.0000 -0.1402
vn -0.9696 -0.0000 -0.2447
vn -0.9381 -0.0000 -0.3464
vn -0.8960 -0.0000 -0.4441
vn -0.8437 -0.0000 -0.5368
vn -0.7819 -0.0000 -0.6235
vn -0.7818 -0.0000 -0.6235
vn -0.7111 -0.0000 -0.7030
vn -0.6324 -0.0000 -0.7747
vn -0.5465 -0.0000 -0.8375
vn -0.4543 -0.0000 -0.8908
vn -0.3571 -0.0000 -0.9341
vn -0.2558 -0.0000 -0.9667
vn -0.1516 -0.0000 -0.9884
vn -0.0456 -0.0000 -0.9990
vn 0.0608 -0.0000 -0.9982
vn 0.1665 -0.0000 -0.9860
vn 0.1666 -0.0000 -0.9860
vn 0.2704 -0.0000 -0.9627
vn 0.3712 -0.0000 -0.9286
vn 0.3712 -0.0000 -0.9285
vn 0.4678 -0.0000 -0.8838
vn 0.5591 -0.0000 -0.8291
vn 0.6441 -0.0000 -0.7650
vn 0.7217 -0.0000 -0.6922
vn 0.7912 -0.0000 -0.6115
vn 0.8517 -0.0000 -0.5240
vn 0.9026 -0.0000 -0.4305
vn 0.9432 -0.0000 -0.3321
vn -0.9997 -0.0000 0.0224
vn -0.9925 -0.0000 0.1219
vn -0.9755 -0.0000 0.2201
vn -0.9487 -0.0000 0.3161
vn -0.9125 -0.0000 0.4090
vn -0.8673 -0.0000 0.4978
vn -0.8134 -0.0000 0.5817
vn -0.7514 -0.0000 0.6598
vn -0.6820 -0.0000 0.7313
vn -0.6058 -0.0000 0.7956
vn -0.5236 -0.0000 0.8520
vn -0.4361 -0.0000 0.8999
vn -0.3444 -0.0000 0.9388
vn -0.2492 -0.0000 0.9685
vn -0.1515 -0.0000 0.9885
vn -0.0524 -0.0000 0.9986
vn 0.0473 -0.0000 0.9989
vn 0.1466 -0.0000 0.9892
vn 0.2443 -0.0000 0.9697
vn 0.3397 -0.0000 0.9405
vn 0.4316 -0.0000 0.9021
vn 0.5193 -0.0000 0.8546
vn 0.6018 -0.0000 0.7987
vn 0.6018 -0.0000 0.7986
vn 0.6783 -0.0000 0.7348
vn 0.7481 -0.0000 0.6636
vn 0.8105 -0.0000 0.5858
vn 0.8648 -0.0000 0.5022
vn 0.9105 -0.0000 0.4136
vn 0.9471 -0.0000 0.3209
vn 0.9744 -0.0000 0.2250
vn 0.9919 -0.0000 0.1268
vn 0.9996 -0.0000 0.0274
vn 0.9852 -0.0000 -0.1712
vn 0.9633 -0.0000 -0.2684
vn 0.9318 -0.0000 -0.3630
vn 0.8910 -0.0000 -0.4540
vn 0.8414 -0.0000 -0.5404
vn 0.7834 -0.0000 -0.6215
vn 0.7176 -0.0000 -0.6964
vn 0.6447 -0.0000 -0.7644
vn 0.5654 -0.0000 -0.8248
vn 0.4805 -0.0000 -0.8770
vn 0.3907 -0.0000 -0.9205
vn 0.3908 -0.0000 -0.9205
vn 0.2971 -0.0000 -0.9548
vn 0.2972 -0.0000 -0.9548
vn 0.2006 -0.0000 -0.9797
vn 0.1021 -0.0000 -0.9948
vn 0.0025 -0.0000 -1.0000
vn -0.0971 -0.0000 -0.9953
vn -0.1957 -0.0000 -0.9807
vn -0.2923 -0.0000 -0.9563
vn -0.2924 -0.0000 -0.9563
vn -0.3861 -0.0000 -0.9224
vn -0.3861 -0.0000 -0.9225
vn -0.4761 -0.0000 -0.8794
vn -0.4760 -0.0000 -0.8794
vn -0.5612 -0.0000 -0.8277
vn -0.6409 -0.0000 -0.7676
vn -0.6409 -0.0000 -0.7677
vn -0.7141 -0.0000 -0.7000
vn -0.7803 -0.0000 -0.6255
vn -0.8387 -0.0000 -0.5447
vn -0.8887 -0.0000 -0.4584
vn -0.9300 -0.0000 -0.3677
vn -0.9619 -0.0000 -0.2733
vn -0.9844 -0.0000 -0.1761
vn -0.9970 -0.0000 -0.0772
vn 0.8485 -0.0000 0.5291
vn 0.7178 -0.0000 0.6962
vn 0.5548 -0.0000 0.8320
vn -0.9997 -0.0000 0.0233
vn -0.9927 -0.0000 0.1210
vn -0.9985 -0.0000 -0.0555
vn -0.9894 -0.0000 -0.1454
vn -0.9722 -0.0000 -0.2341
vn -0.8309 -0.0000 -0.5565
vn -0.8754 -0.0000 -0.4834
vn -0.9135 -0.0000 -0.4068
vn -0.9449 -0.0000 -0.3272
vn -0.9283 -0.0000 0.3717
vn -0.9581 -0.0000 0.2864
vn -0.9801 -0.0000 0.1987
vn -0.4870 -0.0000 -0.8734
vn 0.7420 -0.0000 -0.6704
vn 0.7966 -0.0000 -0.6045
vn 0.8454 -0.0000 -0.5342
vn 0.8879 -0.0000 -0.4600
vn 0.9985 -0.0000 0.0555
vn 0.9894 -0.0000 0.1454
vn 0.9722 -0.0000 0.2341
vn 0.3561 -0.0000 -0.9345
vn 0.8715 -0.0000 -0.4904
vn 0.9142 -0.0000 -0.4054
vn 0.9141 -0.0000 -0.4054
vn 0.9485 -0.0000 -0.3166
vn 0.9743 -0.0000 -0.2250
vn 0.9913 -0.0000 -0.1314
vn 0.9993 -0.0000 -0.0366
vn 0.9983 -0.0000 0.0586
vn 0.9882 -0.0000 0.1532
vn 0.9692 -0.0000 0.2464
vn 0.9413 -0.0000 0.3375
vn 0.9050 -0.0000 0.4254
vn 0.8605 -0.0000 0.5095
vn 0.8081 -0.0000 0.5890
vn 0.7485 -0.0000 0.6631
vn 0.6821 -0.0000 0.7313
vn 0.6095 -0.0000 0.7928
vn 0.5313 -0.0000 0.8472
vn 0.4484 -0.0000 0.8938
vn 0.3614 -0.0000 0.9324
vn 0.2712 -0.0000 0.9625
vn 0.1784 -0.0000 0.9840
vn 0.0841 -0.0000 0.9965
vn -0.0110 -0.0000 0.9999
vn -0.1060 -0.0000 0.9944
vn -0.2001 -0.0000 0.9798
vn -0.2923 -0.0000 0.9563
vn -0.3819 -0.0000 0.9242
vn -0.4680 -0.0000 0.8837
vn -0.5499 -0.0000 0.8352
vn -0.6268 -0.0000 0.7792
vn -0.6980 -0.0000 0.7161
vn -0.7629 -0.0000 0.6465
vn -0.8209 -0.0000 0.5711
vn -0.8715 -0.0000 0.4904
vn -0.9142 -0.0000 0.4054
vn -0.9485 -0.0000 0.3166
vn -0.9743 -0.0000 0.2250
vn -0.9913 -0.0000 0.1314
vn -0.9993 -0.0000 0.0366
vn -0.9983 -0.0000 -0.0586
vn -0.9882 -0.0000 -0.1532
vn -0.9692 -0.0000 -0.2464
vn -0.9413 -0.0000 -0.3375
vn -0.9413 -0.0000 -0.3374
vn -0.9050 -0.0000 -0.4254
vn -0.8605 -0.0000 -0.5095
vn -0.8081 -0.0000 -0.5890
vn -0.7485 -0.0000 -0.6631
vn -0.6821 -0.0000 -0.7313
vn -0.6095 -0.0000 -0.7928
vn -0.5313 -0.0000 -0.8472
vn -0.4484 -0.0000 -0.8938
vn -0.3614 -0.0000 -0.9324
vn -0.2712 -0.0000 -0.9625
vn -0.1784 -0.0000 -0.9840
vn -0.0841 -0.0000 -0.9965
vn 0.0110 -0.0000 -0.9999
vn 0.1060 -0.0000 -0.9944
vn 0.2001 -0.0000 -0.9798
vn 0.2000 -0.0000 -0.9798
vn 0.2923 -0.0000 -0.9563
vn 0.3819 -0.0000 -0.9242
vn 0.4680 -0.0000 -0.8837
vn 0.5499 -0.0000 -0.8353
vn 0.5499 -0.0000 -0.8352
vn 0.6268 -0.0000 -0.7792
vn 0.6980 -0.0000 -0.7161
vn 0.7629 -0.0000 -0.6465
vn 0.8209 -0.0000 -0.5711
vn 0.9972 -0.0000 -0.0754
vn 0.8929 -0.0000 -0.4503
vn 0.6534 -0.0000 -0.7570
vn 0.3150 -0.0000 -0.9491
vn -0.0712 -0.0000 -0.9975
vn -0.4465 -0.0000 -0.8948
vn -0.7543 -0.0000 -0.6566
vn -0.7875 -0.0000 -0.6164
vn -0.5805 -0.0000 -0.8143
vn -0.5805 -0.0000 -0.8142
vn -0.3260 -0.0000 -0.9454
vn -0.0447 -0.0000 -0.9990
vn 0.0385 -0.0000 -0.9993
vn -0.0822 -0.0000 -0.9966
vn -0.0823 -0.0000 -0.9966
vn -0.2018 -0.0000 -0.9794
vn -0.3184 -0.0000 -0.9480
vn -0.4304 -0.0000 -0.9027
vn -0.3538 -0.0000 -0.9353
vn -0.3539 -0.0000 -0.9353
vn -0.0743 -0.0000 -0.9972
vn -0.0742 -0.0000 -0.9972
vn 0.2114 -0.0000 -0.9774
vn 0.2113 -0.0000 -0.9774
vn 0.4797 -0.0000 -0.8774
vn 0.4333 -0.0000 -0.9013
vn 0.0565 -0.0000 -0.9984
vn -0.3288 -0.0000 -0.9444
vn -0.3290 -0.0000 -0.9443
vn -0.6644 -0.0000 -0.7473
vn -0.6645 -0.0000 -0.7473
vn -0.8994 -0.0000 -0.4371
vn -0.9982 -0.0000 -0.0607
vn -0.9457 -0.0000 0.3249
vn -0.9275 -0.0000 0.3738
vn -0.9954 -0.0000 0.0956
vn -0.9817 -0.0000 -0.1904
vn -0.8875 -0.0000 -0.4608
vn -0.8461 -0.0000 -0.5330
vn -0.9042 -0.0000 -0.4271
vn -0.9491 -0.0000 -0.3150
vn -0.9802 -0.0000 -0.1982
vn -0.9969 -0.0000 -0.0786
vn -0.9869 -0.0000 -0.1612
vn -0.9008 -0.0000 -0.4343
vn -0.7408 -0.0000 -0.6718
vn -0.5201 -0.0000 -0.8541
vn -0.5639 -0.0000 -0.8259
vn -0.8364 -0.0000 -0.5481
vn -0.9823 -0.0000 -0.1873
vn -0.9794 -0.0000 0.2018
vn -0.8283 -0.0000 0.5603
vn -0.8282 -0.0000 0.5604
vn -0.5517 -0.0000 0.8341
vn -0.5516 -0.0000 0.8341
vn -0.1915 -0.0000 0.9815
vn -0.1916 -0.0000 0.9815
vn -0.1401 -0.0000 0.9901
vn -0.1400 -0.0000 0.9901
vn -0.4149 -0.0000 0.9099
vn -0.6558 -0.0000 0.7550
vn -0.6557 -0.0000 0.7550
vn -0.8428 -0.0000 0.5382
vn -0.8846 -0.0000 0.4663
vn -0.8220 -0.0000 0.5695
vn -0.7473 -0.0000 0.6645
vn -0.6617 -0.0000 0.7497
vn -0.6618 -0.0000 0.7497
vn -0.5666 -0.0000 0.8240
vn -0.5665 -0.0000 0.8240
vn -0.6331 -0.0000 0.7741
vn -0.8265 -0.0000 0.5629
vn -0.9521 -0.0000 0.3056
vn -0.9972 -0.0000 0.0754
vn -0.8929 -0.0000 0.4503
vn -0.6534 -0.0000 0.7570
vn -0.3150 -0.0000 0.9491
vn 0.0712 -0.0000 0.9975
vn 0.4465 -0.0000 0.8948
vn 0.7543 -0.0000 0.6566
vn 0.7875 -0.0000 0.6164
vn 0.7874 -0.0000 0.6164
vn 0.5805 -0.0000 0.8142
vn 0.5805 -0.0000 0.8143
vn 0.3259 -0.0000 0.9454
vn 0.3260 -0.0000 0.9454
vn 0.0447 -0.0000 0.9990
vn -0.0385 -0.0000 0.9993
vn 0.0823 -0.0000 0.9966
vn 0.0822 -0.0000 0.9966
vn 0.2018 -0.0000 0.9794
vn 0.3184 -0.0000 0.9480
vn 0.4304 -0.0000 0.9027
vn 0.4303 -0.0000 0.9027
vn 0.3539 -0.0000 0.9353
vn 0.3538 -0.0000 0.9353
vn 0.0743 -0.0000 0.9972
vn -0.2114 -0.0000 0.9774
vn -0.4797 -0.0000 0.8774
vn -0.4333 -0.0000 0.9013
vn -0.0564 -0.0000 0.9984
vn -0.0565 -0.0000 0.9984
vn 0.3289 -0.0000 0.9444
vn 0.6645 -0.0000 0.7473
vn 0.8994 -0.0000 0.4371
vn 0.9982 -0.0000 0.0607
vn 0.9458 -0.0000 -0.3249
vn 0.9457 -0.0000 -0.3249
vn 0.9275 -0.0000 -0.3738
vn 0.9954 -0.0000 -0.0956
vn 0.9817 -0.0000 0.1904
vn 0.8875 -0.0000 0.4608
vn 0.8461 -0.0000 0.5330
vn 0.9042 -0.0000 0.4271
vn 0.9491 -0.0000 0.3150
vn 0.9802 -0.0000 0.1982
vn 0.9969 -0.0000 0.0786
vn 0.9869 -0.0000 0.1612
vn 0.9008 -0.0000 0.4343
vn 0.7408 -0.0000 0.6718
vn 0.5201 -0.0000 0.8541
vn 0.5200 -0.0000 0.8542
vn 0.5639 -0.0000 0.8258
vn 0.5639 -0.0000 0.8259
vn 0.8364 -0.0000 0.5481
vn 0.9823 -0.0000 0.1873
vn 0.9794 -0.0000 -0.2018
vn 0.8282 -0.0000 -0.5604
vn 0.5517 -0.0000 -0.8341
vn 0.5516 -0.0000 -0.8341
vn 0.1915 -0.0000 -0.9815
vn 0.1401 -0.0000 -0.9901
vn 0.4149 -0.0000 -0.9099
vn 0.6557 -0.0000 -0.7550
vn 0.8428 -0.0000 -0.5382
vn 0.6331 -0.0000 -0.7741
vn 0.8265 -0.0000 -0.5629
vn 0.9521 -0.0000 -0.3056
vn 0.9521 -0.0000 -0.3057
vn 0.8846 -0.0000 -0.4663
vn 0.8220 -0.0000 -0.5695
vn 0.7473 -0.0000 -0.6645
vn 0.6618 -0.0000 -0.7497
vn 0.5665 -0.0000 -0.8240
vn 0.5666 -0.0000 -0.8240
vn 0.9330 -0.0000 0.3598
vn 0.9630 -0.0000 0.2694
vn 0.9843 -0.0000 0.1767
vn 0.9966 -0.0000 0.0823
vn 0.9999 -0.0000 -0.0128
vn 0.9942 -0.0000 -0.1078
vn 0.9558 -0.0000 -0.2940
vn 0.9235 -0.0000 -0.3835
vn 0.8829 -0.0000 -0.4696
vn 0.8343 -0.0000 -0.5514
vn 0.7781 -0.0000 -0.6282
vn 0.7149 -0.0000 -0.6993
vn 0.7148 -0.0000 -0.6993
vn 0.6451 -0.0000 -0.7641
vn 0.5696 -0.0000 -0.8219
vn 0.4889 -0.0000 -0.8724
vn 0.4889 -0.0000 -0.8723
vn 0.4037 -0.0000 -0.9149
vn 0.2233 -0.0000 -0.9748
vn 0.2233 -0.0000 -0.9747
vn 0.1296 -0.0000 -0.9916
vn 0.0348 -0.0000 -0.9994
vn -0.0603 -0.0000 -0.9982
vn -0.0604 -0.0000 -0.9982
vn -0.1550 -0.0000 -0.9879
vn -0.2482 -0.0000 -0.9687
vn -0.3391 -0.0000 -0.9407
vn -0.4270 -0.0000 -0.9042
vn -0.5110 -0.0000 -0.8596
vn -0.5904 -0.0000 -0.8071
vn -0.7325 -0.0000 -0.6808
vn -0.7939 -0.0000 -0.6081
vn -0.8481 -0.0000 -0.5298
vn -0.8946 -0.0000 -0.4468
vn -0.9330 -0.0000 -0.3598
vn -0.9630 -0.0000 -0.2694
vn -0.9843 -0.0000 -0.1767
vn -0.9966 -0.0000 -0.0823
vn -0.9999 -0.0000 0.0128
vn -0.9942 -0.0000 0.1078
vn -0.9558 -0.0000 0.2940
vn -0.9235 -0.0000 0.3835
vn -0.8829 -0.0000 0.4696
vn -0.8343 -0.0000 0.5513
vn -0.8343 -0.0000 0.5514
vn -0.7781 -0.0000 0.6282
vn -0.7148 -0.0000 0.6993
vn -0.6451 -0.0000 0.7641
vn -0.5696 -0.0000 0.8219
vn -0.4889 -0.0000 0.8723
vn -0.4038 -0.0000 0.9149
vn -0.4037 -0.0000 0.9149
vn -0.2233 -0.0000 0.9747
vn -0.1296 -0.0000 0.9916
vn -0.0348 -0.0000 0.9994
vn 0.0604 -0.0000 0.9982
vn 0.1550 -0.0000 0.9879
vn 0.2482 -0.0000 0.9687
vn 0.3391 -0.0000 0.9407
vn 0.4270 -0.0000 0.9042
vn 0.5110 -0.0000 0.8596
vn 0.5904 -0.0000 0.8071
vn 0.7325 -0.0000 0.6808
vn 0.7939 -0.0000 0.6081
vn 0.8481 -0.0000 0.5298
vn 0.8946 -0.0000 0.4468
vn 0.8893 -0.0000 -0.4573
vn 0.8893 -0.0000 -0.4574
vn 0.8388 -0.0000 -0.5444
vn 0.7798 -0.0000 -0.6260
vn 0.7129 -0.0000 -0.7012
vn 0.7129 -0.0000 -0.7013
vn 0.6388 -0.0000 -0.7694
vn 0.5582 -0.0000 -0.8297
vn 0.0486 -0.0000 -0.9988
vn 0.0485 -0.0000 -0.9988
vn -0.0521 -0.0000 -0.9986
vn -0.1522 -0.0000 -0.9883
vn -0.2508 -0.0000 -0.9680
vn -0.2509 -0.0000 -0.9680
vn -0.3469 -0.0000 -0.9379
vn -0.4394 -0.0000 -0.8983
vn -0.8407 -0.0000 -0.5415
vn -0.8909 -0.0000 -0.4542
vn -0.9320 -0.0000 -0.3623
vn -0.9321 -0.0000 -0.3623
vn -0.9638 -0.0000 -0.2668
vn -0.9857 -0.0000 -0.1685
vn -0.9976 -0.0000 -0.0686
vn -0.8893 -0.0000 0.4573
vn -0.8893 -0.0000 0.4574
vn -0.8388 -0.0000 0.5444
vn -0.7798 -0.0000 0.6260
vn -0.7129 -0.0000 0.7012
vn -0.7129 -0.0000 0.7013
vn -0.6388 -0.0000 0.7694
vn -0.5582 -0.0000 0.8297
vn 0.8579 -0.0000 -0.5138
vn 0.7183 -0.0000 -0.6958
vn 0.7183 -0.0000 -0.6957
vn 0.5409 -0.0000 -0.8411
vn 0.3351 -0.0000 -0.9422
vn 0.3350 -0.0000 -0.9422
vn 0.1115 -0.0000 -0.9938
vn 0.9911 -0.0000 0.1328
vn 0.9348 -0.0000 0.3552
vn 0.8293 -0.0000 0.5588
vn 0.6802 -0.0000 0.7330
vn 0.4953 -0.0000 0.8687
vn 0.9995 -0.0000 -0.0319
vn 0.9439 -0.0000 -0.3302
vn 0.8014 -0.0000 -0.5981
vn 0.5851 -0.0000 -0.8109
vn 0.3149 -0.0000 -0.9491
vn 0.0158 -0.0000 -0.9999
vn -0.2848 -0.0000 -0.9586
vn -0.5592 -0.0000 -0.8290
vn -0.7821 -0.0000 -0.6231
vn -0.7821 -0.0000 -0.6232
vn -0.8739 -0.0000 -0.4861
vn -0.9617 -0.0000 -0.2742
vn -0.9989 -0.0000 -0.0479
vn -0.9835 -0.0000 0.1809
vn -0.9835 -0.0000 0.1810
vn -0.9164 -0.0000 0.4003
vn -0.3806 -0.0000 -0.9248
vn -0.3805 -0.0000 -0.9248
vn -0.1599 -0.0000 -0.9871
vn 0.0693 -0.0000 -0.9976
vn 0.2947 -0.0000 -0.9556
vn 0.5047 -0.0000 -0.8633
vn -0.5274 -0.0000 -0.8496
vn -0.7580 -0.0000 -0.6523
vn -0.7579 -0.0000 -0.6523
vn -0.9187 -0.0000 -0.3950
vn -0.9949 -0.0000 -0.1012
vn -0.9949 -0.0000 -0.1013
vn -0.8738 -0.0000 0.4863
vn -0.8738 -0.0000 0.4862
vn -0.6877 -0.0000 0.7260
vn -0.4384 -0.0000 0.8988
vn -0.1486 -0.0000 0.9889
vn -0.1487 -0.0000 0.9889
vn 0.0160 -0.0000 0.9999
vn 0.2434 -0.0000 0.9699
vn 0.4579 -0.0000 0.8890
vn 0.4580 -0.0000 0.8890
vn 0.6485 -0.0000 0.7612
vn 0.6484 -0.0000 0.7613
vn 0.8049 -0.0000 0.5935
vn 0.8048 -0.0000 0.5935
vn -0.6106 -0.0000 0.7919
vn -0.6106 -0.0000 0.7920
vn -0.7750 -0.0000 0.6320
vn -0.8986 -0.0000 0.4388
vn -0.9749 -0.0000 0.2225
vn -1.0000 -0.0000 -0.0054
vn -0.4721 -0.0000 0.8816
vn -0.1860 -0.0000 0.9826
vn -0.1859 -0.0000 0.9826
vn 0.1172 -0.0000 0.9931
vn 0.1173 -0.0000 0.9931
vn 0.4097 -0.0000 0.9122
vn 0.6644 -0.0000 0.7473
vn 0.8580 -0.0000 0.5136
vn 0.9726 -0.0000 0.2326
vn 0.9976 -0.0000 -0.0698
vn 0.9307 -0.0000 -0.3658
vn 0.3805 -0.0000 0.9248
vn 0.3806 -0.0000 0.9248
vn 0.1598 -0.0000 0.9871
vn 0.1599 -0.0000 0.9871
vn -0.0693 -0.0000 0.9976
vn -0.0692 -0.0000 0.9976
vn -0.2947 -0.0000 0.9556
vn -0.2948 -0.0000 0.9556
vn -0.5047 -0.0000 0.8633
vn -0.0000 -1.0000 -0.0001
vn 0.8739 -0.0000 0.4861
vn 0.9617 -0.0000 0.2742
vn 0.9989 -0.0000 0.0479
vn 0.9835 -0.0000 -0.1809
vn 0.9835 -0.0000 -0.1810
vn 0.9164 -0.0000 -0.4003
vn 0.9976 -0.0000 0.0686
vn 0.9857 -0.0000 0.1685
vn 0.9638 -0.0000 0.2668
vn 0.9321 -0.0000 0.3623
vn 0.8909 -0.0000 0.4542
vn 0.8407 -0.0000 0.5415
vn -0.0486 -0.0000 0.9988
vn 0.0521 -0.0000 0.9986
vn 0.1522 -0.0000 0.9883
vn 0.2509 -0.0000 0.9680
vn 0.2508 -0.0000 0.9680
vn 0.3469 -0.0000 0.9379
vn 0.4394 -0.0000 0.8983
vn -0.9995 -0.0000 0.0319
vn -0.9439 -0.0000 0.3302
vn -0.8014 -0.0000 0.5981
vn -0.5851 -0.0000 0.8110
vn -0.3149 -0.0000 0.9491
vn -0.0158 -0.0000 0.9999
vn 0.2848 -0.0000 0.9586
vn 0.5592 -0.0000 0.8291
vn 0.5592 -0.0000 0.8290
vn 0.7821 -0.0000 0.6231
vn -0.9911 -0.0000 -0.1328
vn -0.9348 -0.0000 -0.3552
vn -0.8293 -0.0000 -0.5588
vn -0.6802 -0.0000 -0.7330
vn -0.4953 -0.0000 -0.8687
vn -0.8579 -0.0000 0.5138
vn -0.7183 -0.0000 0.6958
vn -0.7183 -0.0000 0.6957
vn -0.5409 -0.0000 0.8411
vn -0.3351 -0.0000 0.9422
vn -0.1115 -0.0000 0.9938
vn 0.4721 -0.0000 -0.8816
vn 0.4722 -0.0000 -0.8815
vn 0.1859 -0.0000 -0.9826
vn -0.1173 -0.0000 -0.9931
vn -0.1172 -0.0000 -0.9931
vn -0.4097 -0.0000 -0.9122
vn -0.8580 -0.0000 -0.5136
vn -0.9726 -0.0000 -0.2327
vn -0.9726 -0.0000 -0.2326
vn -0.9976 -0.0000 0.0698
vn -0.9307 -0.0000 0.3658
vn 0.6105 -0.0000 -0.7920
vn 0.6106 -0.0000 -0.7919
vn 0.7750 -0.0000 -0.6320
vn 0.8986 -0.0000 -0.4388
vn 0.9749 -0.0000 -0.2225
vn 1.0000 -0.0000 0.0054
vn -0.0160 -0.0000 -0.9999
vn -0.2434 -0.0000 -0.9699
vn -0.2433 -0.0000 -0.9699
vn -0.4580 -0.0000 -0.8890
vn -0.4580 -0.0000 -0.8889
vn -0.6485 -0.0000 -0.7613
vn -0.6484 -0.0000 -0.7613
vn -0.8048 -0.0000 -0.5935
vn 0.5274 -0.0000 0.8496
vn 0.7579 -0.0000 0.6523
vn 0.9187 -0.0000 0.3949
vn 0.9187 -0.0000 0.3950
vn 0.9949 -0.0000 0.1012
vn 0.9949 -0.0000 0.1013
vn 0.8738 -0.0000 -0.4863
vn 0.8738 -0.0000 -0.4862
vn 0.6877 -0.0000 -0.7260
vn 0.4384 -0.0000 -0.8988
vn 0.1486 -0.0000 -0.9889
vn -0.0726 -0.0002 -0.9974
vn -0.0724 -0.0003 -0.9974
vn -0.0722 0.0002 -0.9974
vn -0.0723 -0.0001 -0.9974
vn -0.0723 -0.0002 -0.9974
vn -0.0722 -0.0001 -0.9974
vn -0.0723 0.0001 -0.9974
vn -0.0722 0.0001 -0.9974
vn -0.0721 -0.0000 -0.9974
vn -0.0723 -0.0000 -0.9974
vn -0.0724 -0.0000 -0.9974
vn -0.0720 -0.0000 -0.9974
vn -0.0719 -0.0000 -0.9974
vn -0.0725 -0.0000 -0.9974
vn -0.0721 0.0001 -0.9974
vn -0.0721 -0.0001 -0.9974
vn -0.0732 -0.0000 -0.9973
vn -0.0719 -0.0002 -0.9974
vn -0.0726 -0.0000 -0.9974
vn 0.0723 -0.0006 0.9974
vn 0.0723 -0.0001 0.9974
vn 0.0716 -0.0001 0.9974
vn 0.0718 -0.0001 0.9974
vn 0.0722 -0.0001 0.9974
vn 0.0726 -0.0000 0.9974
vn 0.0719 -0.0000 0.9974
vn 0.0725 -0.0000 0.9974
vn 0.0724 -0.0000 0.9974
vn 0.0720 -0.0000 0.9974
vn 0.0723 -0.0000 0.9974
vn 0.0721 -0.0000 0.9974
vn 0.0718 -0.0000 0.9974
vn 0.0717 -0.0001 0.9974
vn 0.0718 0.0001 0.9974
vn 0.0727 0.0001 0.9974
vn 0.0731 -0.0002 0.9973
vn 0.4998 0.8653 -0.0375
vn 0.4564 0.8892 -0.0318
vn 0.4114 0.9109 -0.0311
vn 0.3658 0.9304 -0.0252
vn 0.3189 0.9475 -0.0244
vn 0.2716 0.9622 -0.0184
vn 0.2232 0.9746 -0.0174
vn 0.1747 0.9846 -0.0114
vn 0.1253 0.9921 -0.0104
vn 0.0760 0.9971 -0.0042
vn 0.0262 0.9997 -0.0032
vn -0.0234 0.9997 0.0030
vn -0.0732 0.9973 0.0040
vn -0.1225 0.9924 0.0101
vn -0.1719 0.9851 0.0112
vn -0.2205 0.9752 0.0172
vn -0.2689 0.9630 0.0182
vn -0.3162 0.9484 0.0242
vn -0.3632 0.9314 0.0250
vn -0.4088 0.9121 0.0309
vn -0.4539 0.8905 0.0316
vn -0.4974 0.8667 0.0373
vn -0.5400 0.8408 0.0378
vn -0.5810 0.8128 0.0433
vn -0.6209 0.7827 0.0437
vn -0.6588 0.7507 0.0490
vn -0.6955 0.7169 0.0491
vn -0.7301 0.6812 0.0541
vn -0.7632 0.6439 0.0540
vn -0.7941 0.6049 0.0588
vn -0.8234 0.5645 0.0583
vn -0.8502 0.5226 0.0628
vn -0.8753 0.4795 0.0621
vn -0.8979 0.4351 0.0663
vn -0.9186 0.3897 0.0652
vn -0.9367 0.3434 0.0691
vn -0.9528 0.2961 0.0677
vn -0.9661 0.2481 0.0712
vn -0.9774 0.1995 0.0695
vn -0.9859 0.1504 0.0727
vn -0.9924 0.1010 0.0706
vn -0.9960 0.0513 0.0734
vn -0.9975 0.0014 0.0710
vn -0.9961 -0.0484 0.0734
vn -0.9927 -0.0982 0.0706
vn -0.9864 -0.1476 0.0727
vn -0.9780 -0.1968 0.0695
vn -0.9668 -0.2454 0.0713
vn -0.9536 -0.2934 0.0678
vn -0.9376 -0.3407 0.0692
vn -0.9197 -0.3871 0.0653
vn -0.8991 -0.4326 0.0664
vn -0.8767 -0.4770 0.0622
vn -0.8517 -0.5202 0.0629
vn -0.8250 -0.5622 0.0585
vn -0.7958 -0.6027 0.0589
vn -0.7650 -0.6417 0.0541
vn -0.7320 -0.6792 0.0543
vn -0.6975 -0.7149 0.0492
vn -0.6609 -0.7488 0.0491
vn -0.6231 -0.7810 0.0438
vn -0.5833 -0.8111 0.0435
vn -0.5424 -0.8393 0.0380
vn -0.4998 -0.8653 0.0375
vn -0.4564 -0.8892 0.0318
vn -0.4114 -0.9109 0.0311
vn -0.3658 -0.9304 0.0252
vn -0.3189 -0.9475 0.0244
vn -0.2716 -0.9622 0.0184
vn -0.2232 -0.9746 0.0174
vn -0.1747 -0.9846 0.0114
vn -0.1253 -0.9921 0.0103
vn -0.0760 -0.9971 0.0042
vn -0.0262 -0.9997 0.0032
vn 0.0234 -0.9997 -0.0030
vn 0.0732 -0.9973 -0.0040
vn 0.1225 -0.9924 -0.0101
vn 0.1719 -0.9851 -0.0112
vn 0.2205 -0.9752 -0.0172
vn 0.2689 -0.9630 -0.0182
vn 0.3162 -0.9484 -0.0242
vn 0.3632 -0.9314 -0.0250
vn 0.4088 -0.9121 -0.0309
vn 0.4539 -0.8905 -0.0316
vn 0.4974 -0.8667 -0.0373
vn 0.5400 -0.8408 -0.0378
vn 0.5810 -0.8128 -0.0433
vn 0.6208 -0.7827 -0.0437
vn 0.6588 -0.7507 -0.0490
vn 0.6955 -0.7168 -0.0491
vn 0.7301 -0.6812 -0.0541
vn 0.7632 -0.6439 -0.0540
vn 0.7941 -0.6049 -0.0588
vn 0.8234 -0.5645 -0.0583
vn 0.8502 -0.5226 -0.0628
vn 0.8753 -0.4795 -0.0621
vn 0.8979 -0.4352 -0.0663
vn 0.9186 -0.3897 -0.0652
vn 0.9367 -0.3433 -0.0691
vn 0.9528 -0.2961 -0.0677
vn 0.9661 -0.2481 -0.0712
vn 0.9774 -0.1995 -0.0695
vn 0.9859 -0.1504 -0.0727
vn 0.9924 -0.1010 -0.0706
vn 0.9960 -0.0512 -0.0734
vn 0.9975 -0.0014 -0.0710
vn 0.9961 0.0484 -0.0734
vn 0.9927 0.0982 -0.0706
vn 0.9864 0.1476 -0.0727
vn 0.9780 0.1968 -0.0695
vn 0.9668 0.2454 -0.0713
vn 0.9536 0.2934 -0.0678
vn 0.9376 0.3407 -0.0692
vn 0.9197 0.3871 -0.0653
vn 0.8991 0.4326 -0.0664
vn 0.8767 0.4770 -0.0622
vn 0.8517 0.5202 -0.0629
vn 0.8250 0.5622 -0.0585
vn 0.7958 0.6027 -0.0589
vn 0.7650 0.6417 -0.0541
vn 0.7320 0.6791 -0.0543
vn 0.6975 0.7149 -0.0492
vn 0.6609 0.7489 -0.0491
vn 0.6230 0.7810 -0.0438
vn 0.5833 0.8111 -0.0435
vn 0.5424 0.8393 -0.0380
vn -0.2400 -0.6445 0.7259
vn -0.3027 -0.6122 0.7305
vn -0.3042 -0.6103 0.7314
vn -0.3622 -0.5745 0.7340
vn -0.3665 -0.5684 0.7366
vn -0.4176 -0.5309 0.7374
vn -0.4238 -0.5202 0.7415
vn -0.4684 -0.4818 0.7406
vn -0.4758 -0.4663 0.7458
vn -0.5141 -0.4278 0.7435
vn -0.5219 -0.4072 0.7495
vn -0.5540 -0.3694 0.7460
vn -0.5616 -0.3437 0.7527
vn -0.5879 -0.3073 0.7483
vn -0.5944 -0.2764 0.7552
vn -0.6153 -0.2420 0.7502
vn -0.6200 -0.2059 0.7571
vn -0.6361 -0.1743 0.7517
vn -0.6381 -0.1332 0.7584
vn -0.6498 -0.1049 0.7528
vn -0.6485 -0.0591 0.7589
vn -0.6565 -0.0344 0.7535
vn -0.6512 0.0159 0.7587
vn -0.6560 0.0363 0.7539
vn -0.6460 0.0907 0.7579
vn -0.6484 0.1067 0.7537
vn -0.6330 0.1646 0.7564
vn -0.6339 0.1759 0.7532
vn -0.6123 0.2368 0.7543
vn -0.6123 0.2431 0.7523
vn -0.5843 0.3065 0.7515
vn -0.5842 0.3078 0.7510
vn -0.5508 0.3699 0.7482
vn -0.5478 0.3723 0.7492
vn -0.5117 0.4285 0.7447
vn -0.5042 0.4336 0.7468
vn -0.4667 0.4830 0.7409
vn -0.4548 0.4898 0.7438
vn -0.4166 0.5326 0.7367
vn -0.3995 0.5406 0.7403
vn -0.3617 0.5769 0.7323
vn -0.3394 0.5853 0.7364
vn -0.3024 0.6156 0.7278
vn -0.2751 0.6234 0.7319
vn -0.2397 0.6479 0.7231
vn -0.2071 0.6545 0.7272
vn -0.1738 0.6737 0.7182
vn -0.1362 0.6783 0.7221
vn -0.1058 0.6928 0.7133
vn -0.0632 0.6945 0.7167
vn -0.0362 0.7048 0.7084
vn 0.0112 0.7030 0.7111
vn 0.0341 0.7098 0.7036
vn 0.0858 0.7037 0.7053
vn 0.1048 0.7076 0.6988
vn 0.1603 0.6965 0.6994
vn 0.1747 0.6982 0.6942
vn 0.2335 0.6815 0.6936
vn 0.2433 0.6818 0.6898
vn 0.3049 0.6589 0.6877
vn 0.3099 0.6586 0.6857
vn 0.3736 0.6289 0.6819
vn 0.3737 0.6288 0.6819
vn 0.4349 0.5941 0.6767
vn 0.4382 0.5902 0.6780
vn 0.4924 0.5534 0.6718
vn 0.4982 0.5450 0.6744
vn 0.5455 0.5070 0.6674
vn 0.5530 0.4939 0.6710
vn 0.5938 0.4553 0.6634
vn 0.6022 0.4374 0.6679
vn 0.6364 0.3992 0.6600
vn 0.6452 0.3759 0.6651
vn 0.6734 0.3388 0.6571
vn 0.6815 0.3104 0.6627
vn 0.7041 0.2751 0.6547
vn 0.7107 0.2415 0.6607
vn 0.7282 0.2085 0.6529
vn 0.7326 0.1698 0.6592
vn 0.7455 0.1398 0.6517
vn 0.7469 0.0963 0.6580
vn 0.7557 0.0697 0.6512
vn 0.7534 0.0216 0.6572
vn 0.7589 -0.0010 0.6512
vn 0.7520 -0.0533 0.6570
vn 0.7549 -0.0716 0.6519
vn 0.7429 -0.1278 0.6571
vn 0.7439 -0.1415 0.6531
vn 0.7259 -0.2010 0.6578
vn 0.7259 -0.2098 0.6551
vn 0.7014 -0.2721 0.6588
vn 0.7011 -0.2758 0.6576
vn 0.6701 -0.3392 0.6602
vn 0.6692 -0.3400 0.6607
vn 0.6340 -0.3997 0.6621
vn 0.6291 -0.4035 0.6644
vn 0.5918 -0.4563 0.6645
vn 0.5825 -0.4624 0.6685
vn 0.5441 -0.5085 0.6674
vn 0.5302 -0.5160 0.6728
vn 0.4915 -0.5555 0.6707
vn 0.4725 -0.5638 0.6774
vn 0.4343 -0.5970 0.6745
vn 0.4102 -0.6052 0.6822
vn 0.3732 -0.6325 0.6787
vn 0.3440 -0.6399 0.6872
vn 0.3088 -0.6616 0.6833
vn 0.2744 -0.6674 0.6923
vn 0.2420 -0.6841 0.6881
vn 0.2023 -0.6874 0.6975
vn 0.1728 -0.6997 0.6932
vn 0.1288 -0.6998 0.7027
vn 0.1027 -0.7082 0.6985
vn 0.0542 -0.7043 0.7078
vn 0.0322 -0.7096 0.7039
vn -0.0204 -0.7011 0.7128
vn -0.0380 -0.7038 0.7094
vn -0.0948 -0.6899 0.7176
vn -0.1075 -0.6909 0.7150
vn -0.1671 -0.6711 0.7222
vn -0.1751 -0.6711 0.7204
vn -0.2376 -0.6447 0.7265
vn 0.0723 0.0004 0.9974
vn 0.0720 0.0002 0.9974
vn 0.0723 -0.0002 0.9974
vn 0.0723 0.0001 0.9974
vn 0.0724 0.0001 0.9974
vn 0.0721 -0.0001 0.9974
vn 0.0727 -0.0000 0.9974
vn 0.0731 -0.0001 0.9973
vn 0.1425 -0.9897 -0.0116
vn 0.1917 -0.9814 -0.0126
vn 0.2401 -0.9706 -0.0187
vn 0.2882 -0.9574 -0.0196
vn 0.3353 -0.9418 -0.0256
vn 0.3818 -0.9238 -0.0264
vn 0.4271 -0.9036 -0.0322
vn 0.4717 -0.8811 -0.0329
vn 0.5147 -0.8565 -0.0385
vn 0.5569 -0.8297 -0.0391
vn 0.5972 -0.8008 -0.0445
vn 0.6365 -0.7700 -0.0448
vn 0.6738 -0.7372 -0.0501
vn 0.7098 -0.7026 -0.0501
vn 0.7437 -0.6663 -0.0551
vn 0.7760 -0.6283 -0.0549
vn 0.8061 -0.5887 -0.0597
vn 0.8346 -0.5477 -0.0592
vn 0.8606 -0.5053 -0.0636
vn 0.8848 -0.4617 -0.0628
vn 0.9065 -0.4169 -0.0669
vn 0.9263 -0.3711 -0.0658
vn 0.9434 -0.3243 -0.0696
vn 0.9585 -0.2767 -0.0681
vn 0.9709 -0.2285 -0.0716
vn 0.9812 -0.1797 -0.0698
vn 0.9888 -0.1304 -0.0729
vn 0.9942 -0.0809 -0.0707
vn 0.9968 -0.0311 -0.0735
vn 0.9973 0.0188 -0.0709
vn 0.9949 0.0686 -0.0733
vn 0.9905 0.1182 -0.0705
vn 0.9832 0.1676 -0.0725
vn 0.9738 0.2165 -0.0692
vn 0.9617 0.2649 -0.0709
vn 0.9475 0.3127 -0.0673
vn 0.9306 0.3596 -0.0687
vn 0.9117 0.4057 -0.0647
vn 0.8902 0.4507 -0.0657
vn 0.8669 0.4947 -0.0615
vn 0.8410 0.5374 -0.0622
vn 0.8135 0.5787 -0.0576
vn 0.7835 0.6187 -0.0580
vn 0.7520 0.6571 -0.0532
vn 0.7182 0.6938 -0.0533
vn 0.6830 0.7289 -0.0482
vn 0.6457 0.7621 -0.0480
vn 0.6072 0.7934 -0.0427
vn 0.5668 0.8228 -0.0423
vn 0.5254 0.8501 -0.0368
vn 0.4823 0.8753 -0.0362
vn 0.4384 0.8983 -0.0305
vn 0.3930 0.9191 -0.0297
vn 0.3470 0.9376 -0.0239
vn 0.2997 0.9537 -0.0230
vn 0.2521 0.9675 -0.0170
vn 0.2035 0.9789 -0.0160
vn 0.1548 0.9879 -0.0099
vn 0.1053 0.9944 -0.0089
vn 0.0559 0.9984 -0.0028
vn 0.0060 1.0000 -0.0017
vn -0.0435 0.9990 0.0044
vn -0.0933 0.9956 0.0055
vn -0.1425 0.9897 0.0116
vn -0.1917 0.9814 0.0126
vn -0.2401 0.9706 0.0187
vn -0.2882 0.9574 0.0196
vn -0.3353 0.9418 0.0256
vn -0.3818 0.9238 0.0264
vn -0.4271 0.9036 0.0322
vn -0.4717 0.8811 0.0329
vn -0.5147 0.8565 0.0385
vn -0.5569 0.8297 0.0391
vn -0.5972 0.8008 0.0445
vn -0.6365 0.7700 0.0448
vn -0.6738 0.7372 0.0501
vn -0.7098 0.7026 0.0501
vn -0.7437 0.6663 0.0551
vn -0.7760 0.6283 0.0549
vn -0.8061 0.5887 0.0596
vn -0.8346 0.5477 0.0592
vn -0.8606 0.5053 0.0636
vn -0.8848 0.4617 0.0628
vn -0.9065 0.4169 0.0669
vn -0.9263 0.3711 0.0658
vn -0.9434 0.3243 0.0696
vn -0.9585 0.2768 0.0681
vn -0.9709 0.2285 0.0716
vn -0.9812 0.1797 0.0698
vn -0.9888 0.1304 0.0729
vn -0.9942 0.0809 0.0707
vn -0.9968 0.0311 0.0735
vn -0.9973 -0.0188 0.0709
vn -0.9949 -0.0686 0.0733
vn -0.9905 -0.1182 0.0705
vn -0.9832 -0.1676 0.0725
vn -0.9738 -0.2165 0.0692
vn -0.9617 -0.2649 0.0709
vn -0.9475 -0.3126 0.0673
vn -0.9306 -0.3596 0.0687
vn -0.9117 -0.4057 0.0647
vn -0.8902 -0.4507 0.0657
vn -0.8669 -0.4947 0.0615
vn -0.8410 -0.5374 0.0622
vn -0.8135 -0.5787 0.0576
vn -0.7835 -0.6187 0.0580
vn -0.7520 -0.6571 0.0532
vn -0.7182 -0.6938 0.0533
vn -0.6830 -0.7289 0.0482
vn -0.6457 -0.7621 0.0480
vn -0.6072 -0.7934 0.0427
vn -0.5668 -0.8228 0.0423
vn -0.5254 -0.8501 0.0368
vn -0.4823 -0.8753 0.0362
vn -0.4384 -0.8983 0.0305
vn -0.3930 -0.9191 0.0297
vn -0.3470 -0.9376 0.0238
vn -0.2997 -0.9537 0.0230
vn -0.2521 -0.9675 0.0170
vn -0.2035 -0.9789 0.0160
vn -0.1548 -0.9879 0.0099
vn -0.1053 -0.9944 0.0089
vn -0.0559 -0.9984 0.0028
vn -0.0060 -1.0000 0.0017
vn 0.0435 -0.9990 -0.0044
vn 0.0933 -0.9956 -0.0055
vn -0.1189 0.6867 0.7171
vn -0.0499 0.7003 0.7121
vn -0.0472 0.6998 0.7128
vn 0.0204 0.7076 0.7063
vn 0.0272 0.7056 0.7081
vn 0.0906 0.7078 0.7006
vn 0.1024 0.7034 0.7034
vn 0.1608 0.7008 0.6950
vn 0.1766 0.6935 0.6985
vn 0.2298 0.6868 0.6896
vn 0.2494 0.6758 0.6936
vn 0.2971 0.6658 0.6844
vn 0.3198 0.6506 0.6888
vn 0.3622 0.6380 0.6795
vn 0.3872 0.6181 0.6841
vn 0.4240 0.6039 0.6749
vn 0.4509 0.5787 0.6795
vn 0.4821 0.5636 0.6708
vn 0.5100 0.5329 0.6752
vn 0.5359 0.5177 0.6669
vn 0.5639 0.4813 0.6711
vn 0.5848 0.4665 0.6636
vn 0.6124 0.4240 0.6673
vn 0.6282 0.4107 0.6608
vn 0.6544 0.3621 0.6638
vn 0.6658 0.3509 0.6585
vn 0.6898 0.2960 0.6607
vn 0.6971 0.2875 0.6569
vn 0.7182 0.2265 0.6580
vn 0.7218 0.2214 0.6557
vn 0.7392 0.1542 0.6556
vn 0.7399 0.1531 0.6551
vn 0.7519 0.0837 0.6539
vn 0.7512 0.0800 0.6552
vn 0.7575 0.0133 0.6527
vn 0.7551 0.0049 0.6556
vn 0.7558 -0.0573 0.6523
vn 0.7510 -0.0701 0.6566
vn 0.7470 -0.1275 0.6525
vn 0.7392 -0.1441 0.6579
vn 0.7312 -0.1965 0.6532
vn 0.7197 -0.2165 0.6596
vn 0.7086 -0.2635 0.6546
vn 0.6927 -0.2864 0.6619
vn 0.6793 -0.3280 0.6565
vn 0.6586 -0.3531 0.6645
vn 0.6436 -0.3891 0.6591
vn 0.6178 -0.4158 0.6674
vn 0.6021 -0.4463 0.6620
vn 0.5705 -0.4739 0.6708
vn 0.5548 -0.4991 0.6657
vn 0.5175 -0.5267 0.6744
vn 0.5026 -0.5467 0.6697
vn 0.4592 -0.5737 0.6783
vn 0.4460 -0.5888 0.6741
vn 0.3961 -0.6144 0.6824
vn 0.3853 -0.6249 0.6790
vn 0.3294 -0.6481 0.6866
vn 0.3215 -0.6546 0.6842
vn 0.2591 -0.6748 0.6910
vn 0.2549 -0.6778 0.6897
vn 0.1866 -0.6940 0.6954
vn 0.1170 -0.7048 0.6997
vn 0.1124 -0.7037 0.7016
vn 0.0466 -0.7086 0.7041
vn 0.0373 -0.7055 0.7078
vn -0.0238 -0.7052 0.7086
vn -0.0371 -0.6994 0.7138
vn -0.0936 -0.6947 0.7132
vn -0.1108 -0.6856 0.7195
vn -0.1621 -0.6771 0.7178
vn -0.1823 -0.6641 0.7251
vn -0.2284 -0.6528 0.7223
vn -0.2513 -0.6352 0.7303
vn -0.2919 -0.6217 0.7268
vn -0.3168 -0.5993 0.7352
vn -0.3519 -0.5845 0.7311
vn -0.3784 -0.5567 0.7396
vn -0.4080 -0.5413 0.7352
vn -0.4350 -0.5078 0.7436
vn -0.4593 -0.4927 0.7391
vn -0.4863 -0.4532 0.7470
vn -0.5054 -0.4392 0.7428
vn -0.5317 -0.3936 0.7499
vn -0.5459 -0.3813 0.7461
vn -0.5706 -0.3295 0.7523
vn -0.5803 -0.3196 0.7490
vn -0.6026 -0.2616 0.7539
vn -0.6083 -0.2548 0.7517
vn -0.6273 -0.1906 0.7551
vn -0.6297 -0.1875 0.7538
vn -0.6445 -0.1186 0.7554
vn -0.6442 -0.1173 0.7558
vn -0.6536 -0.0485 0.7553
vn -0.6519 -0.0425 0.7571
vn -0.6556 0.0220 0.7548
vn -0.6516 0.0327 0.7579
vn -0.6504 0.0925 0.7539
vn -0.6437 0.1073 0.7578
vn -0.6383 0.1622 0.7525
vn -0.6278 0.1806 0.7571
vn -0.6191 0.2302 0.7508
vn -0.6045 0.2518 0.7557
vn -0.5930 0.2961 0.7487
vn -0.5740 0.3202 0.7537
vn -0.5606 0.3590 0.7462
vn -0.5364 0.3850 0.7510
vn -0.5219 0.4182 0.7435
vn -0.4923 0.4454 0.7478
vn -0.4775 0.4733 0.7403
vn -0.4421 0.5010 0.7440
vn -0.4276 0.5235 0.7369
vn -0.3863 0.5510 0.7397
vn -0.3732 0.5684 0.7332
vn -0.3256 0.5949 0.7349
vn -0.3144 0.6076 0.7294
vn -0.2607 0.6321 0.7297
vn -0.2521 0.6405 0.7254
vn -0.1922 0.6624 0.7241
vn -0.1865 0.6670 0.7213
vn -0.1211 0.6853 0.7181
s 0
f 1//1 2//1 3//1
f 4//1 2//1 1//1
f 5//1 2//1 4//1
f 6//1 5//1 4//1
f 7//1 5//1 6//1
f 8//1 7//1 6//1
f 9//1 7//1 8//1
f 10//1 7//1 9//1
f 11//1 7//1 10//1
f 12//1 7//1 11//1
f 13//1 7//1 12//1
f 14//1 7//1 13//1
f 15//1 7//1 14//1
f 16//1 7//1 15//1
f 17//1 7//1 16//1
f 18//1 7//1 17//1
f 19//1 18//1 17//1
f 20//1 18//1 19//1
f 21//1 18//1 20//1
f 22//1 18//1 21//1
f 23//1 18//1 22//1
f 24//1 18//1 23//1
f 25//1 18//1 24//1
f 26//1 18//1 25//1
f 27//1 18//1 26//1
f 28//1 18//1 27//1
f 29//1 28//1 27//1
f 30//1 28//1 29//1
f 31//1 30//1 29//1
f 32//1 30//1 31//1
f 33//1 32//1 31//1
f 34//1 32//1 33//1
f 35//1 34//1 33//1
f 36//2 37//2 38//2
f 39//3 37//3 36//3
f 40//4 39//4 36//4
f 41//5 39//5 40//5
f 42//5 39//5 41//5
f 43//6 42//6 41//6
f 44//6 42//6 43//6
f 45//6 42//6 44//6
f 46//7 38//7 37//7
f 47//8 38//8 46//8
f 48//9 47//9 46//9
f 49//10 47//10 48//10
f 50//11 49//11 48//11
f 51//12 49//12 50//12
f 52//13 51//13 50//13
f 53//14 51//14 52//14
f 54//15 53//15 52//15
f 55//16 53//16 54//16
f 56//17 55//17 54//17
f 57//18 55//18 56//18
f 58//19 57//19 56//19
f 59//20 57//20 58//20
f 60//21 59//21 58//21
f 61//22 59//22 60//22
f 62//23 61//23 60//23
f 63//24 61//24 62//24
f 64//25 63//25 62//25
f 65//26 63//26 64//26
f 66//27 65//27 64//27
f 67//28 65//28 66//28
f 68//29 67//29 66//29
f 69//30 67//30 68//30
f 41//6 70//6 43//6
f 71//31 40//31 36//31
f 72//32 40//32 71//32
f 73//33 72//33 71//33
f 74//34 72//34 73//34
f 75//35 74//35 73//35
f 76//36 74//36 75//36
f 77//37 76//37 75//37
f 78//38 76//38 77//38
f 79//39 78//39 77//39
f 80//40 78//40 79//40
f 81//41 80//41 79//41
f 82//42 80//42 81//42
f 83//43 82//43 81//43
f 84//44 82//44 83//44
f 85//45 84//45 83//45
f 86//46 84//46 85//46
f 87//47 86//47 85//47
f 88//48 86//48 87//48
f 89//49 88//49 87//49
f 90//50 88//50 89//50
f 91//51 90//51 89//51
f 92//52 90//52 91//52
f 93//53 92//53 91//53
f 94//54 92//54 93//54
f 95//55 94//55 93//55
f 96//56 94//56 95//56
f 97//30 96//30 95//30
f 98//1 99//1 100//1
f 101//1 99//1 98//1
f 102//1 101//1 98//1
f 98//1 103//1 102//1
f 104//1 103//1 98//1
f 105//1 104//1 98//1
f 98//1 106//1 105//1
f 107//1 106//1 98//1
f 108//1 107//1 98//1
f 109//1 106//1 107//1
f 110//1 106//1 109//1
f 111//1 110//1 109//1
f 112//1 110//1 111//1
f 98//1 113//1 108//1
f 114//1 113//1 98//1
f 59//1 114//1 98//1
f 61//1 114//1 59//1
f 63//1 114//1 61//1
f 69//1 114//1 63//1
f 65//1 69//1 63//1
f 67//1 69//1 65//1
f 98//1 57//1 59//1
f 55//1 57//1 98//1
f 53//1 55//1 98//1
f 98//1 51//1 53//1
f 49//1 51//1 98//1
f 115//1 49//1 98//1
f 47//1 49//1 115//1
f 38//1 47//1 115//1
f 115//1 36//1 38//1
f 71//57 116//57 117//57
f 118//57 116//57 71//57
f 119//57 118//57 71//57
f 116//57 120//57 117//57
f 36//57 119//57 71//57
f 121//57 119//57 36//57
f 115//57 121//57 36//57
f 122//57 121//57 115//57
f 123//58 69//58 68//58
f 114//58 69//58 123//58
f 124//59 114//59 123//59
f 113//59 114//59 124//59
f 125//60 113//60 124//60
f 108//60 113//60 125//60
f 126//61 108//61 125//61
f 107//61 108//61 126//61
f 127//62 107//62 126//62
f 109//62 107//62 127//62
f 126//63 128//63 127//63
f 129//63 128//63 126//63
f 125//63 129//63 126//63
f 130//63 129//63 125//63
f 131//63 130//63 125//63
f 124//63 131//63 125//63
f 132//63 131//63 124//63
f 123//63 132//63 124//63
f 133//63 132//63 123//63
f 68//63 133//63 123//63
f 134//63 133//63 68//63
f 66//63 134//63 68//63
f 64//63 134//63 66//63
f 62//63 134//63 64//63
f 60//63 134//63 62//63
f 58//63 134//63 60//63
f 56//63 134//63 58//63
f 54//63 134//63 56//63
f 52//63 134//63 54//63
f 50//63 134//63 52//63
f 135//63 134//63 50//63
f 48//63 135//63 50//63
f 46//63 135//63 48//63
f 37//63 135//63 46//63
f 39//63 135//63 37//63
f 42//63 135//63 39//63
f 45//63 135//63 42//63
f 136//63 135//63 45//63
f 137//63 136//63 45//63
f 138//63 136//63 137//63
f 139//63 138//63 137//63
f 137//63 140//63 139//63
f 141//63 140//63 137//63
f 142//63 140//63 141//63
f 143//63 142//63 141//63
f 141//63 144//63 143//63
f 145//63 144//63 141//63
f 141//64 146//64 145//64
f 147//64 146//64 141//64
f 137//65 147//65 141//65
f 148//65 147//65 137//65
f 45//66 148//66 137//66
f 44//66 148//66 45//66
f 149//1 150//1 151//1
f 152//1 150//1 149//1
f 153//1 152//1 149//1
f 154//1 152//1 153//1
f 155//1 154//1 153//1
f 156//1 154//1 155//1
f 147//1 156//1 155//1
f 157//1 156//1 147//1
f 148//1 157//1 147//1
f 158//1 157//1 148//1
f 44//1 158//1 148//1
f 155//1 146//1 147//1
f 159//1 146//1 155//1
f 160//1 146//1 159//1
f 161//67 162//67 163//67
f 151//68 162//68 161//68
f 164//67 151//67 161//67
f 165//67 151//67 164//67
f 150//69 162//69 151//69
f 166//69 162//69 150//69
f 152//70 166//70 150//70
f 167//70 166//70 152//70
f 154//71 167//71 152//71
f 168//71 167//71 154//71
f 156//72 168//72 154//72
f 169//72 168//72 156//72
f 157//73 169//73 156//73
f 170//73 169//73 157//73
f 158//74 170//74 157//74
f 171//74 170//74 158//74
f 44//75 171//75 158//75
f 43//75 171//75 44//75
f 172//63 171//63 43//63
f 170//63 171//63 172//63
f 173//63 170//63 172//63
f 169//63 170//63 173//63
f 174//63 169//63 173//63
f 168//63 169//63 174//63
f 175//63 168//63 174//63
f 167//63 168//63 175//63
f 176//63 167//63 175//63
f 166//63 167//63 176//63
f 162//63 166//63 176//63
f 177//63 174//63 173//63
f 178//63 174//63 177//63
f 179//63 178//63 177//63
f 180//66 43//66 70//66
f 172//66 43//66 180//66
f 181//65 172//65 180//65
f 173//65 172//65 181//65
f 182//64 173//64 181//64
f 177//64 173//64 182//64
f 181//1 183//1 182//1
f 184//1 183//1 181//1
f 185//1 184//1 181//1
f 181//1 186//1 185//1
f 180//1 186//1 181//1
f 187//1 186//1 180//1
f 188//1 187//1 180//1
f 180//1 189//1 188//1
f 70//1 189//1 180//1
f 190//1 189//1 70//1
f 41//1 190//1 70//1
f 40//1 190//1 41//1
f 72//1 190//1 40//1
f 74//1 190//1 72//1
f 76//1 190//1 74//1
f 78//1 190//1 76//1
f 191//1 190//1 78//1
f 80//1 191//1 78//1
f 82//1 191//1 80//1
f 84//1 191//1 82//1
f 86//1 191//1 84//1
f 88//1 191//1 86//1
f 90//1 191//1 88//1
f 92//1 191//1 90//1
f 94//1 191//1 92//1
f 96//1 191//1 94//1
f 192//1 191//1 96//1
f 193//1 192//1 96//1
f 194//1 192//1 193//1
f 195//1 194//1 193//1
f 196//1 194//1 195//1
f 197//1 196//1 195//1
f 198//1 196//1 197//1
f 199//1 198//1 197//1
f 200//1 199//1 197//1
f 201//1 199//1 200//1
f 202//1 201//1 200//1
f 200//62 203//62 202//62
f 204//62 203//62 200//62
f 197//61 204//61 200//61
f 205//61 204//61 197//61
f 195//60 205//60 197//60
f 206//60 205//60 195//60
f 193//59 206//59 195//59
f 207//59 206//59 193//59
f 96//58 207//58 193//58
f 97//58 207//58 96//58
f 208//63 209//63 210//63
f 211//63 209//63 208//63
f 212//63 209//63 211//63
f 213//63 209//63 212//63
f 214//63 209//63 213//63
f 204//63 209//63 214//63
f 203//63 204//63 214//63
f 209//63 77//63 117//63
f 79//63 77//63 209//63
f 81//63 79//63 209//63
f 117//63 73//63 71//63
f 75//63 73//63 117//63
f 77//63 75//63 117//63
f 209//63 83//63 81//63
f 85//63 83//63 209//63
f 87//63 85//63 209//63
f 207//63 87//63 209//63
f 89//63 87//63 207//63
f 91//63 89//63 207//63
f 97//63 91//63 207//63
f 93//63 91//63 97//63
f 95//63 93//63 97//63
f 209//63 206//63 207//63
f 205//63 206//63 209//63
f 204//63 205//63 209//63
f 215//63 203//63 214//63
f 216//63 203//63 215//63
f 217//63 216//63 215//63
f 120//76 209//76 117//76
f 218//76 209//76 120//76
f 116//77 218//77 120//77
f 219//77 218//77 116//77
f 118//78 219//78 116//78
f 220//78 219//78 118//78
f 119//79 220//79 118//79
f 221//79 220//79 119//79
f 121//80 221//80 119//80
f 222//80 221//80 121//80
f 122//81 222//81 121//81
f 223//81 222//81 122//81
f 115//82 223//82 122//82
f 98//82 223//82 115//82
f 100//57 223//57 98//57
f 222//57 223//57 100//57
f 221//57 222//57 100//57
f 100//57 220//57 221//57
f 210//57 220//57 100//57
f 219//57 220//57 210//57
f 218//57 219//57 210//57
f 210//57 209//57 218//57
f 224//83 159//83 155//83
f 225//84 159//84 224//84
f 226//85 225//85 224//85
f 225//86 160//86 159//86
f 145//87 160//87 225//87
f 227//88 145//88 225//88
f 144//89 145//89 227//89
f 228//90 144//90 227//90
f 143//91 144//91 228//91
f 229//92 143//92 228//92
f 142//93 143//93 229//93
f 230//94 142//94 229//94
f 140//95 142//95 230//95
f 231//96 140//96 230//96
f 139//97 140//97 231//97
f 232//98 139//98 231//98
f 138//99 139//99 232//99
f 233//100 138//100 232//100
f 136//101 138//101 233//101
f 234//102 136//102 233//102
f 135//103 136//103 234//103
f 235//104 135//104 234//104
f 134//105 135//105 235//105
f 236//106 134//106 235//106
f 133//107 134//107 236//107
f 237//108 133//108 236//108
f 132//109 133//109 237//109
f 131//110 132//110 237//110
f 145//111 146//111 160//111
f 238//112 131//112 237//112
f 130//113 131//113 238//113
f 239//114 130//114 238//114
f 129//115 130//115 239//115
f 240//116 129//116 239//116
f 128//117 129//117 240//117
f 241//118 128//118 240//118
f 127//119 128//119 241//119
f 242//120 127//120 241//120
f 109//121 127//121 242//121
f 111//122 109//122 242//122
f 243//123 111//123 242//123
f 112//124 111//124 243//124
f 244//125 112//125 243//125
f 110//126 112//126 244//126
f 245//127 110//127 244//127
f 246//128 245//128 244//128
f 247//129 245//129 246//129
f 248//130 247//130 246//130
f 249//131 247//131 248//131
f 250//132 249//132 248//132
f 251//133 249//133 250//133
f 252//134 251//134 250//134
f 253//135 251//135 252//135
f 254//136 253//136 252//136
f 255//137 253//137 254//137
f 256//138 255//138 254//138
f 257//139 255//139 256//139
f 258//140 257//140 256//140
f 259//141 257//141 258//141
f 260//142 259//142 258//142
f 261//143 259//143 260//143
f 262//144 261//144 260//144
f 263//145 261//145 262//145
f 264//146 263//146 262//146
f 265//147 263//147 264//147
f 266//148 265//148 264//148
f 267//149 265//149 266//149
f 268//150 267//150 266//150
f 269//151 267//151 268//151
f 270//152 269//152 268//152
f 271//153 269//153 270//153
f 272//154 271//154 270//154
f 273//155 271//155 272//155
f 274//156 273//156 272//156
f 275//157 273//157 274//157
f 226//158 275//158 274//158
f 224//159 275//159 226//159
f 276//160 151//160 165//160
f 149//160 151//160 276//160
f 277//161 149//161 276//161
f 153//161 149//161 277//161
f 224//162 153//162 277//162
f 155//162 153//162 224//162
f 278//163 110//163 245//163
f 106//163 110//163 278//163
f 279//164 106//164 278//164
f 105//164 106//164 279//164
f 280//165 105//165 279//165
f 104//165 105//165 280//165
f 281//166 104//166 280//166
f 103//166 104//166 281//166
f 277//63 275//63 224//63
f 273//63 275//63 277//63
f 271//63 273//63 277//63
f 276//63 271//63 277//63
f 269//63 271//63 276//63
f 165//63 269//63 276//63
f 267//63 269//63 165//63
f 164//63 267//63 165//63
f 282//63 267//63 164//63
f 265//63 267//63 282//63
f 283//63 265//63 282//63
f 263//63 265//63 283//63
f 284//63 263//63 283//63
f 261//63 263//63 284//63
f 285//63 261//63 284//63
f 259//63 261//63 285//63
f 286//63 259//63 285//63
f 257//63 259//63 286//63
f 287//63 257//63 286//63
f 255//63 257//63 287//63
f 288//63 255//63 287//63
f 281//63 255//63 288//63
f 280//63 255//63 281//63
f 253//63 255//63 280//63
f 251//63 253//63 280//63
f 279//63 251//63 280//63
f 249//63 251//63 279//63
f 278//63 249//63 279//63
f 247//63 249//63 278//63
f 245//63 247//63 278//63
f 286//63 289//63 287//63
f 290//63 289//63 286//63
f 291//63 289//63 290//63
f 292//63 289//63 291//63
f 293//63 292//63 291//63
f 294//63 292//63 293//63
f 295//63 294//63 293//63
f 296//63 294//63 295//63
f 297//63 296//63 295//63
f 298//63 296//63 297//63
f 299//63 298//63 297//63
f 300//63 298//63 299//63
f 301//63 300//63 299//63
f 299//63 302//63 301//63
f 303//63 302//63 299//63
f 234//63 236//63 235//63
f 237//63 236//63 234//63
f 233//63 237//63 234//63
f 238//63 237//63 233//63
f 232//63 238//63 233//63
f 239//63 238//63 232//63
f 240//63 239//63 232//63
f 232//63 241//63 240//63
f 242//63 241//63 232//63
f 243//63 242//63 232//63
f 232//63 244//63 243//63
f 246//63 244//63 232//63
f 248//63 246//63 232//63
f 232//63 250//63 248//63
f 252//63 250//63 232//63
f 231//63 252//63 232//63
f 254//63 252//63 231//63
f 256//63 254//63 231//63
f 231//63 258//63 256//63
f 260//63 258//63 231//63
f 262//63 260//63 231//63
f 231//63 264//63 262//63
f 266//63 264//63 231//63
f 268//63 266//63 231//63
f 231//63 270//63 268//63
f 230//63 270//63 231//63
f 272//63 270//63 230//63
f 229//63 272//63 230//63
f 274//63 272//63 229//63
f 228//63 274//63 229//63
f 226//63 274//63 228//63
f 227//63 226//63 228//63
f 225//63 226//63 227//63
f 296//167 304//167 305//167
f 306//168 304//168 296//168
f 298//168 306//168 296//168
f 305//169 294//169 296//169
f 307//170 294//170 305//170
f 292//171 294//171 307//171
f 210//172 292//172 307//172
f 100//172 292//172 210//172
f 289//173 292//173 100//173
f 99//174 289//174 100//174
f 287//175 289//175 99//175
f 101//176 287//176 99//176
f 102//177 287//177 101//177
f 103//178 287//178 102//178
f 288//179 287//179 103//179
f 281//180 288//180 103//180
f 308//181 210//181 307//181
f 208//182 210//182 308//182
f 309//183 208//183 308//183
f 211//184 208//184 309//184
f 310//179 211//179 309//179
f 311//180 211//180 310//180
f 312//185 313//185 314//185
f 301//186 313//186 312//186
f 300//187 301//187 312//187
f 313//188 302//188 303//188
f 301//189 302//189 313//189
f 300//190 306//190 298//190
f 312//191 306//191 300//191
f 312//192 304//192 306//192
f 315//193 316//193 317//193
f 297//194 316//194 315//194
f 299//195 297//195 315//195
f 297//196 318//196 316//196
f 295//197 318//197 297//197
f 319//198 318//198 295//198
f 320//199 319//199 295//199
f 293//200 320//200 295//200
f 321//201 320//201 293//201
f 291//202 321//202 293//202
f 322//203 321//203 291//203
f 290//204 322//204 291//204
f 323//205 322//205 290//205
f 286//206 323//206 290//206
f 324//207 323//207 286//207
f 285//208 324//208 286//208
f 325//209 324//209 285//209
f 284//209 325//209 285//209
f 326//210 325//210 284//210
f 283//210 326//210 284//210
f 327//211 326//211 283//211
f 282//211 327//211 283//211
f 161//212 327//212 282//212
f 164//212 161//212 282//212
f 317//1 312//1 314//1
f 304//1 312//1 317//1
f 316//1 304//1 317//1
f 318//1 304//1 316//1
f 305//1 304//1 318//1
f 319//1 305//1 318//1
f 320//1 305//1 319//1
f 307//1 305//1 320//1
f 321//1 307//1 320//1
f 308//1 307//1 321//1
f 322//1 308//1 321//1
f 323//1 308//1 322//1
f 309//1 308//1 323//1
f 328//1 309//1 323//1
f 329//1 309//1 328//1
f 310//1 309//1 329//1
f 311//1 310//1 329//1
f 329//1 330//1 311//1
f 331//1 330//1 329//1
f 332//1 330//1 331//1
f 333//1 330//1 332//1
f 334//1 333//1 332//1
f 335//1 333//1 334//1
f 336//1 335//1 334//1
f 337//1 335//1 336//1
f 324//1 328//1 323//1
f 338//1 328//1 324//1
f 339//1 338//1 324//1
f 325//1 339//1 324//1
f 340//1 339//1 325//1
f 326//1 340//1 325//1
f 341//1 340//1 326//1
f 327//1 341//1 326//1
f 342//1 341//1 327//1
f 161//1 342//1 327//1
f 163//1 342//1 161//1
f 343//1 342//1 163//1
f 344//1 343//1 163//1
f 345//1 343//1 344//1
f 346//1 345//1 344//1
f 347//1 345//1 346//1
f 348//1 347//1 346//1
f 346//1 349//1 348//1
f 346//162 174//162 349//162
f 175//162 174//162 346//162
f 344//161 175//161 346//161
f 176//161 175//161 344//161
f 163//160 176//160 344//160
f 162//160 176//160 163//160
f 349//213 33//213 348//213
f 35//214 33//214 349//214
f 178//215 35//215 349//215
f 179//216 35//216 178//216
f 182//217 35//217 179//217
f 177//111 182//111 179//111
f 31//218 348//218 33//218
f 347//219 348//219 31//219
f 29//220 347//220 31//220
f 345//221 347//221 29//221
f 27//222 345//222 29//222
f 343//223 345//223 27//223
f 26//224 343//224 27//224
f 342//225 343//225 26//225
f 25//226 342//226 26//226
f 341//227 342//227 25//227
f 24//228 341//228 25//228
f 340//229 341//229 24//229
f 23//230 340//230 24//230
f 339//231 340//231 23//231
f 22//232 339//232 23//232
f 338//233 339//233 22//233
f 21//234 338//234 22//234
f 328//235 338//235 21//235
f 20//236 328//236 21//236
f 329//237 328//237 20//237
f 19//238 329//238 20//238
f 331//239 329//239 19//239
f 17//240 331//240 19//240
f 332//241 331//241 17//241
f 16//242 332//242 17//242
f 334//243 332//243 16//243
f 15//244 334//244 16//244
f 336//245 334//245 15//245
f 14//246 336//246 15//246
f 337//247 336//247 14//247
f 13//248 337//248 14//248
f 215//127 337//127 13//127
f 217//249 215//249 13//249
f 12//250 217//250 13//250
f 216//251 217//251 12//251
f 11//252 216//252 12//252
f 203//253 216//253 11//253
f 202//121 203//121 11//121
f 10//254 202//254 11//254
f 201//255 202//255 10//255
f 9//256 201//256 10//256
f 199//257 201//257 9//257
f 8//258 199//258 9//258
f 198//259 199//259 8//259
f 6//260 198//260 8//260
f 196//261 198//261 6//261
f 4//262 196//262 6//262
f 194//263 196//263 4//263
f 192//264 194//264 4//264
f 1//265 192//265 4//265
f 191//266 192//266 1//266
f 3//267 191//267 1//267
f 190//268 191//268 3//268
f 2//269 190//269 3//269
f 189//270 190//270 2//270
f 5//271 189//271 2//271
f 188//272 189//272 5//272
f 7//273 188//273 5//273
f 187//274 188//274 7//274
f 18//275 187//275 7//275
f 186//276 187//276 18//276
f 28//277 186//277 18//277
f 185//278 186//278 28//278
f 30//279 185//279 28//279
f 184//280 185//280 30//280
f 32//281 184//281 30//281
f 183//282 184//282 32//282
f 34//283 183//283 32//283
f 182//284 183//284 34//284
f 35//285 182//285 34//285
f 349//83 174//83 178//83
f 330//166 211//166 311//166
f 212//166 211//166 330//166
f 333//165 212//165 330//165
f 213//165 212//165 333//165
f 335//164 213//164 333//164
f 214//164 213//164 335//164
f 337//163 214//163 335//163
f 215//163 214//163 337//163
f 350//286 351//286 352//286
f 353//287 351//287 350//287
f 354//288 351//288 353//288
f 355//289 354//289 353//289
f 356//290 354//290 355//290
f 357//291 356//291 355//291
f 358//292 356//292 357//292
f 359//293 358//293 357//293
f 360//294 359//294 357//294
f 361//295 359//295 360//295
f 362//296 361//296 360//296
f 363//297 361//297 362//297
f 364//298 363//298 362//298
f 365//299 363//299 364//299
f 366//300 367//300 368//300
f 369//301 367//301 366//301
f 370//302 369//302 366//302
f 371//303 369//303 370//303
f 372//304 371//304 370//304
f 373//305 371//305 372//305
f 374//306 373//306 372//306
f 375//307 373//307 374//307
f 376//308 375//308 374//308
f 377//309 375//309 376//309
f 378//310 377//310 376//310
f 379//311 377//311 378//311
f 380//312 379//312 378//312
f 381//313 379//313 380//313
f 382//314 381//314 380//314
f 383//315 384//315 385//315
f 386//315 384//315 383//315
f 387//315 388//315 389//315
f 390//315 388//315 387//315
f 391//316 392//316 393//316
f 394//316 392//316 391//316
f 395//317 394//317 391//317
f 396//317 394//317 395//317
f 397//318 396//318 395//318
f 398//318 396//318 397//318
f 399//319 398//319 397//319
f 400//319 398//319 399//319
f 401//315 392//315 402//315
f 393//315 392//315 401//315
f 403//320 404//320 405//320
f 406//320 404//320 403//320
f 407//321 406//321 403//321
f 408//322 406//322 407//322
f 409//323 408//323 407//323
f 410//323 408//323 409//323
f 411//324 410//324 409//324
f 412//324 410//324 411//324
f 413//325 412//325 411//325
f 414//325 412//325 413//325
f 415//63 416//63 417//63
f 418//63 416//63 415//63
f 419//63 418//63 415//63
f 415//63 420//63 419//63
f 421//63 420//63 415//63
f 422//63 421//63 415//63
f 415//63 423//63 422//63
f 404//63 423//63 415//63
f 424//63 423//63 404//63
f 425//63 424//63 404//63
f 423//63 426//63 427//63
f 428//63 426//63 423//63
f 424//63 428//63 423//63
f 429//63 428//63 424//63
f 430//63 429//63 424//63
f 431//63 429//63 430//63
f 432//63 431//63 430//63
f 433//63 431//63 432//63
f 434//63 433//63 432//63
f 435//63 427//63 426//63
f 436//63 427//63 435//63
f 437//63 436//63 435//63
f 438//63 436//63 437//63
f 439//63 438//63 437//63
f 426//63 440//63 441//63
f 442//63 440//63 426//63
f 428//63 442//63 426//63
f 443//63 442//63 428//63
f 444//63 442//63 443//63
f 445//63 444//63 443//63
f 441//63 446//63 447//63
f 448//63 446//63 441//63
f 449//63 448//63 441//63
f 441//63 450//63 449//63
f 451//63 450//63 441//63
f 440//63 451//63 441//63
f 443//63 452//63 445//63
f 453//63 452//63 443//63
f 454//63 453//63 443//63
f 443//63 455//63 454//63
f 406//63 425//63 404//63
f 456//63 425//63 406//63
f 457//63 456//63 406//63
f 406//63 458//63 457//63
f 459//63 458//63 406//63
f 460//63 459//63 406//63
f 406//63 461//63 460//63
f 462//63 461//63 406//63
f 408//63 462//63 406//63
f 463//63 462//63 408//63
f 410//63 463//63 408//63
f 412//63 463//63 410//63
f 414//63 463//63 412//63
f 415//63 464//63 465//63
f 417//63 464//63 415//63
f 466//326 404//326 415//326
f 405//326 404//326 466//326
f 467//327 414//327 413//327
f 468//327 414//327 467//327
f 469//327 414//327 468//327
f 463//327 414//327 469//327
f 466//63 467//63 413//63
f 470//63 467//63 466//63
f 388//63 470//63 466//63
f 471//63 470//63 388//63
f 386//63 471//63 388//63
f 383//63 471//63 386//63
f 466//63 389//63 388//63
f 413//63 405//63 466//63
f 411//63 405//63 413//63
f 409//63 405//63 411//63
f 407//63 405//63 409//63
f 403//63 405//63 407//63
f 472//328 473//328 474//328
f 475//329 473//329 472//329
f 476//330 475//330 472//330
f 477//331 476//331 472//331
f 478//332 476//332 477//332
f 479//333 478//333 477//333
f 480//334 478//334 479//334
f 481//335 480//335 479//335
f 482//336 481//336 479//336
f 483//337 481//337 482//337
f 484//338 483//338 482//338
f 485//339 483//339 484//339
f 486//340 485//340 484//340
f 487//341 485//341 486//341
f 488//342 485//342 487//342
f 489//343 488//343 487//343
f 490//344 488//344 489//344
f 491//345 490//345 489//345
f 492//346 490//346 491//346
f 493//347 490//347 492//347
f 494//348 493//348 492//348
f 495//349 496//349 472//349
f 497//350 496//350 495//350
f 498//351 497//351 495//351
f 499//352 497//352 498//352
f 500//353 499//353 498//353
f 501//354 499//354 500//354
f 472//355 474//355 495//355
f 304//356 502//356 298//356
f 503//356 502//356 304//356
f 504//357 502//357 503//357
f 307//357 504//357 503//357
f 505//63 303//63 506//63
f 507//63 303//63 505//63
f 508//63 507//63 505//63
f 303//63 509//63 506//63
f 299//63 509//63 303//63
f 510//63 299//63 303//63
f 511//63 299//63 510//63
f 298//63 511//63 510//63
f 512//63 511//63 298//63
f 502//63 512//63 298//63
f 513//63 512//63 502//63
f 514//63 513//63 502//63
f 514//63 504//63 515//63
f 502//63 504//63 514//63
f 505//63 501//63 508//63
f 499//63 501//63 505//63
f 497//63 499//63 505//63
f 505//63 496//63 497//63
f 317//1 314//1 516//1
f 517//1 314//1 317//1
f 518//1 517//1 317//1
f 304//1 517//1 518//1
f 519//1 304//1 518//1
f 503//1 304//1 519//1
f 520//1 503//1 519//1
f 521//1 503//1 520//1
f 307//1 503//1 521//1
f 322//1 307//1 521//1
f 314//1 522//1 516//1
f 523//1 522//1 314//1
f 524//1 522//1 523//1
f 500//1 522//1 524//1
f 525//1 522//1 500//1
f 498//1 525//1 500//1
f 495//1 525//1 498//1
f 474//1 525//1 495//1
f 473//1 525//1 474//1
f 475//1 525//1 473//1
f 476//1 525//1 475//1
f 299//358 518//358 317//358
f 511//358 518//358 299//358
f 519//359 518//359 511//359
f 512//359 519//359 511//359
f 520//360 519//360 512//360
f 513//360 520//360 512//360
f 521//361 520//361 513//361
f 514//361 521//361 513//361
f 322//362 521//362 514//362
f 515//362 322//362 514//362
f 515//79 307//79 322//79
f 504//79 307//79 515//79
f 491//363 526//363 527//363
f 489//364 526//364 491//364
f 528//365 526//365 489//365
f 487//366 528//366 489//366
f 529//367 528//367 487//367
f 486//368 529//368 487//368
f 484//369 529//369 486//369
f 530//370 529//370 484//370
f 482//371 530//371 484//371
f 531//372 530//372 482//372
f 479//373 531//373 482//373
f 532//374 531//374 479//374
f 477//375 532//375 479//375
f 533//376 532//376 477//376
f 472//377 533//377 477//377
f 505//378 533//378 472//378
f 496//379 505//379 472//379
f 476//380 534//380 525//380
f 478//381 534//381 476//381
f 535//382 534//382 478//382
f 480//383 535//383 478//383
f 481//384 535//384 480//384
f 536//385 535//385 481//385
f 483//386 536//386 481//386
f 537//387 536//387 483//387
f 538//388 539//388 540//388
f 541//389 539//389 538//389
f 542//390 539//390 541//390
f 543//391 542//391 541//391
f 544//392 542//392 543//392
f 545//393 544//393 543//393
f 546//394 544//394 545//394
f 547//395 546//395 545//395
f 548//396 546//396 547//396
f 549//397 548//397 547//397
f 550//398 548//398 549//398
f 551//399 550//399 549//399
f 552//400 551//400 549//400
f 553//401 551//401 552//401
f 554//402 553//402 552//402
f 555//403 553//403 554//403
f 352//404 555//404 554//404
f 368//405 555//405 352//405
f 351//406 368//406 352//406
f 366//407 368//407 351//407
f 354//408 366//408 351//408
f 370//409 366//409 354//409
f 356//410 370//410 354//410
f 372//411 370//411 356//411
f 358//412 372//412 356//412
f 374//413 372//413 358//413
f 359//414 374//414 358//414
f 376//415 374//415 359//415
f 361//416 376//416 359//416
f 378//417 376//417 361//417
f 363//418 378//418 361//418
f 365//419 378//419 363//419
f 380//420 378//420 365//420
f 382//421 380//421 365//421
f 365//422 556//422 382//422
f 557//423 556//423 365//423
f 558//424 556//424 557//424
f 559//425 558//425 557//425
f 559//426 560//426 561//426
f 562//427 560//427 559//427
f 557//428 562//428 559//428
f 563//429 562//429 557//429
f 564//430 562//430 563//430
f 565//431 564//431 563//431
f 566//432 564//432 565//432
f 567//433 566//433 565//433
f 568//434 566//434 567//434
f 569//435 568//435 567//435
f 570//436 568//436 569//436
f 490//437 570//437 569//437
f 493//438 570//438 490//438
f 571//439 570//439 493//439
f 561//440 571//440 493//440
f 572//441 571//441 561//441
f 560//442 572//442 561//442
f 573//443 490//443 569//443
f 488//444 490//444 573//444
f 574//445 488//445 573//445
f 575//446 488//446 574//446
f 485//447 488//447 575//447
f 576//448 485//448 575//448
f 483//449 485//449 576//449
f 537//450 483//450 576//450
f 561//451 577//451 578//451
f 579//452 577//452 561//452
f 493//453 579//453 561//453
f 494//454 579//454 493//454
f 578//455 559//455 561//455
f 580//456 559//456 578//456
f 581//457 559//457 580//457
f 582//458 583//458 584//458
f 492//459 583//459 582//459
f 494//460 492//460 582//460
f 585//461 584//461 583//461
f 586//462 584//462 585//462
f 587//463 586//463 585//463
f 588//464 586//464 587//464
f 589//465 588//465 587//465
f 590//466 588//466 589//466
f 583//467 491//467 527//467
f 492//468 491//468 583//468
f 591//469 494//469 582//469
f 579//470 494//470 591//470
f 592//471 579//471 591//471
f 577//472 579//472 592//472
f 593//473 577//473 592//473
f 526//474 573//474 527//474
f 574//475 573//475 526//475
f 528//476 574//476 526//476
f 575//477 574//477 528//477
f 529//478 575//478 528//478
f 576//479 575//479 529//479
f 530//480 576//480 529//480
f 537//481 576//481 530//481
f 531//482 537//482 530//482
f 536//483 537//483 531//483
f 535//484 536//484 531//484
f 532//485 535//485 531//485
f 534//486 535//486 532//486
f 533//487 534//487 532//487
f 525//488 534//488 533//488
f 522//489 525//489 533//489
f 505//490 522//490 533//490
f 516//491 522//491 505//491
f 317//492 516//492 505//492
f 317//493 509//493 299//493
f 506//494 509//494 317//494
f 505//495 506//495 317//495
f 350//63 594//63 353//63
f 595//63 594//63 350//63
f 596//63 595//63 350//63
f 597//63 595//63 596//63
f 598//63 595//63 597//63
f 599//63 598//63 597//63
f 600//63 598//63 599//63
f 601//63 600//63 599//63
f 602//63 600//63 601//63
f 603//63 602//63 601//63
f 604//63 602//63 603//63
f 605//63 604//63 603//63
f 606//63 604//63 605//63
f 607//63 606//63 605//63
f 608//63 606//63 607//63
f 609//63 608//63 607//63
f 610//63 608//63 609//63
f 611//63 610//63 609//63
f 399//63 610//63 611//63
f 612//63 610//63 399//63
f 397//63 612//63 399//63
f 613//63 612//63 397//63
f 614//63 613//63 397//63
f 615//63 353//63 594//63
f 355//63 353//63 615//63
f 616//63 355//63 615//63
f 357//63 355//63 616//63
f 617//63 357//63 616//63
f 360//63 357//63 617//63
f 618//63 360//63 617//63
f 362//63 360//63 618//63
f 619//63 362//63 618//63
f 364//63 362//63 619//63
f 620//63 364//63 619//63
f 621//63 364//63 620//63
f 469//63 364//63 621//63
f 468//63 364//63 469//63
f 622//63 364//63 468//63
f 623//63 622//63 468//63
f 624//63 622//63 623//63
f 625//63 622//63 624//63
f 385//63 625//63 624//63
f 626//63 625//63 385//63
f 589//63 626//63 385//63
f 385//63 590//63 589//63
f 384//63 590//63 385//63
f 395//63 614//63 397//63
f 627//63 614//63 395//63
f 391//63 627//63 395//63
f 628//63 627//63 391//63
f 393//63 628//63 391//63
f 629//63 628//63 393//63
f 630//63 629//63 393//63
f 393//63 631//63 630//63
f 632//63 631//63 393//63
f 401//63 632//63 393//63
f 633//63 632//63 401//63
f 634//63 633//63 401//63
f 401//63 635//63 634//63
f 636//63 635//63 401//63
f 637//63 635//63 636//63
f 638//63 637//63 636//63
f 639//63 637//63 638//63
f 640//63 639//63 638//63
f 641//63 639//63 640//63
f 642//63 641//63 640//63
f 643//63 642//63 640//63
f 644//63 642//63 643//63
f 645//63 644//63 643//63
f 646//63 644//63 645//63
f 647//63 644//63 646//63
f 648//63 647//63 646//63
f 649//63 647//63 648//63
f 650//63 649//63 648//63
f 651//63 649//63 650//63
f 652//63 651//63 650//63
f 653//63 651//63 652//63
f 654//63 653//63 652//63
f 655//63 653//63 654//63
f 656//63 655//63 654//63
f 657//63 655//63 656//63
f 658//63 657//63 656//63
f 659//63 657//63 658//63
f 660//63 659//63 658//63
f 367//63 659//63 660//63
f 661//63 659//63 367//63
f 369//63 661//63 367//63
f 662//63 661//63 369//63
f 371//63 662//63 369//63
f 663//63 662//63 371//63
f 373//63 663//63 371//63
f 664//63 663//63 373//63
f 375//63 664//63 373//63
f 377//63 664//63 375//63
f 665//63 664//63 377//63
f 379//63 665//63 377//63
f 666//63 665//63 379//63
f 667//63 666//63 379//63
f 381//63 667//63 379//63
f 668//63 667//63 381//63
f 669//63 668//63 381//63
f 381//63 387//63 669//63
f 581//63 387//63 381//63
f 580//63 387//63 581//63
f 578//63 387//63 580//63
f 577//63 387//63 578//63
f 593//63 387//63 577//63
f 390//63 387//63 593//63
f 556//496 381//496 382//496
f 581//496 381//496 556//496
f 558//496 581//496 556//496
f 559//496 581//496 558//496
f 582//315 568//315 570//315
f 584//315 568//315 582//315
f 584//497 566//497 568//497
f 586//497 566//497 584//497
f 588//497 566//497 586//497
f 564//497 566//497 588//497
f 386//497 564//497 588//497
f 562//497 564//497 386//497
f 386//497 590//497 384//497
f 588//497 590//497 386//497
f 571//498 582//498 570//498
f 591//498 582//498 571//498
f 572//498 591//498 571//498
f 592//498 591//498 572//498
f 388//498 592//498 572//498
f 593//498 592//498 388//498
f 390//498 593//498 388//498
f 572//498 560//498 388//498
f 569//499 527//499 573//499
f 583//500 527//500 569//500
f 585//501 583//501 569//501
f 567//502 585//502 569//502
f 587//503 585//503 567//503
f 565//504 587//504 567//504
f 589//505 587//505 565//505
f 563//506 589//506 565//506
f 626//507 589//507 563//507
f 625//508 626//508 563//508
f 563//509 622//509 625//509
f 524//510 501//510 500//510
f 508//510 501//510 524//510
f 523//511 508//511 524//511
f 507//511 508//511 523//511
f 314//512 507//512 523//512
f 303//512 507//512 314//512
f 314//513 510//513 303//513
f 517//513 510//513 314//513
f 517//514 298//514 510//514
f 304//514 298//514 517//514
f 364//515 557//515 365//515
f 622//515 557//515 364//515
f 563//515 557//515 622//515
f 465//516 389//516 466//516
f 387//516 389//516 465//516
f 669//516 387//516 465//516
f 466//516 415//516 465//516
f 464//517 669//517 465//517
f 668//517 669//517 464//517
f 667//518 668//518 464//518
f 667//519 416//519 666//519
f 417//519 416//519 667//519
f 464//518 417//518 667//518
f 670//1 671//1 672//1
f 400//1 671//1 670//1
f 673//1 400//1 670//1
f 398//1 400//1 673//1
f 674//1 398//1 673//1
f 396//1 398//1 674//1
f 675//1 396//1 674//1
f 394//1 396//1 675//1
f 402//1 394//1 675//1
f 392//1 394//1 402//1
f 676//1 672//1 671//1
f 677//1 672//1 676//1
f 538//1 677//1 676//1
f 540//1 677//1 538//1
f 538//520 607//520 541//520
f 609//521 607//521 538//521
f 676//522 609//522 538//522
f 611//523 609//523 676//523
f 671//524 611//524 676//524
f 399//525 611//525 671//525
f 400//526 399//526 671//526
f 605//527 541//527 607//527
f 543//528 541//528 605//528
f 603//529 543//529 605//529
f 545//530 543//530 603//530
f 601//531 545//531 603//531
f 547//532 545//532 601//532
f 599//533 547//533 601//533
f 549//534 547//534 599//534
f 597//535 549//535 599//535
f 552//536 549//536 597//536
f 596//537 552//537 597//537
f 554//538 552//538 596//538
f 350//539 554//539 596//539
f 352//540 554//540 350//540
f 675//541 401//541 402//541
f 636//541 401//541 675//541
f 674//542 636//542 675//542
f 638//542 636//542 674//542
f 673//543 638//543 674//543
f 640//543 638//543 673//543
f 670//544 640//544 673//544
f 643//544 640//544 670//544
f 553//545 658//545 551//545
f 660//546 658//546 553//546
f 555//547 660//547 553//547
f 367//548 660//548 555//548
f 368//549 367//549 555//549
f 656//550 551//550 658//550
f 550//551 551//551 656//551
f 548//552 550//552 656//552
f 654//553 548//553 656//553
f 546//554 548//554 654//554
f 652//555 546//555 654//555
f 544//556 546//556 652//556
f 650//557 544//557 652//557
f 542//558 544//558 650//558
f 539//559 542//559 650//559
f 648//560 539//560 650//560
f 540//561 539//561 648//561
f 646//562 540//562 648//562
f 677//563 540//563 646//563
f 645//564 677//564 646//564
f 672//565 677//565 645//565
f 643//566 672//566 645//566
f 670//567 672//567 643//567
f 562//326 388//326 560//326
f 386//326 388//326 562//326
f 678//315 679//315 680//315
f 681//315 679//315 678//315
f 682//498 680//498 683//498
f 678//498 680//498 682//498
f 428//498 678//498 682//498
f 682//498 610//498 428//498
f 679//497 684//497 685//497
f 681//497 684//497 679//497
f 426//497 684//497 681//497
f 644//497 684//497 426//497
f 686//568 687//568 688//568
f 689//568 687//568 686//568
f 690//569 689//569 686//569
f 691//569 689//569 690//569
f 692//570 691//570 690//570
f 693//570 691//570 692//570
f 694//571 693//571 692//571
f 695//571 693//571 694//571
f 696//572 697//572 698//572
f 699//572 697//572 696//572
f 700//573 696//573 698//573
f 701//573 696//573 700//573
f 702//574 701//574 700//574
f 703//574 701//574 702//574
f 704//575 703//575 702//575
f 705//575 703//575 704//575
f 706//576 707//576 708//576
f 709//576 707//576 706//576
f 710//577 709//577 706//577
f 711//577 709//577 710//577
f 712//578 711//578 710//578
f 713//578 711//578 712//578
f 714//579 713//579 712//579
f 715//579 713//579 714//579
f 716//580 717//580 718//580
f 719//580 717//580 716//580
f 720//326 721//326 722//326
f 723//326 721//326 720//326
f 724//315 725//315 726//315
f 727//315 725//315 724//315
f 728//1 610//1 682//1
f 729//1 610//1 728//1
f 716//1 729//1 728//1
f 730//1 729//1 716//1
f 731//1 730//1 716//1
f 732//1 731//1 716//1
f 733//1 731//1 732//1
f 734//1 733//1 732//1
f 726//1 733//1 734//1
f 720//1 733//1 726//1
f 725//1 720//1 726//1
f 723//1 720//1 725//1
f 735//1 723//1 725//1
f 736//1 723//1 735//1
f 720//1 737//1 733//1
f 738//1 737//1 720//1
f 739//1 737//1 738//1
f 740//1 737//1 739//1
f 741//1 740//1 739//1
f 742//1 740//1 741//1
f 743//1 742//1 741//1
f 713//1 743//1 741//1
f 595//1 743//1 713//1
f 594//1 595//1 713//1
f 713//1 744//1 594//1
f 745//1 744//1 713//1
f 715//1 745//1 713//1
f 741//1 711//1 713//1
f 709//1 711//1 741//1
f 707//1 709//1 741//1
f 716//1 746//1 719//1
f 747//1 746//1 716//1
f 728//1 747//1 716//1
f 748//581 749//581 750//581
f 751//581 749//581 748//581
f 752//497 751//497 748//497
f 752//582 753//582 754//582
f 755//582 753//582 752//582
f 748//497 755//497 752//497
f 756//583 714//583 757//583
f 715//584 714//584 756//584
f 425//585 715//585 756//585
f 745//586 715//586 425//586
f 744//587 745//587 425//587
f 425//588 594//588 744//588
f 757//589 758//589 756//589
f 759//590 758//590 757//590
f 760//591 758//591 759//591
f 761//592 760//592 759//592
f 762//593 760//593 761//593
f 763//594 762//594 761//594
f 764//595 762//595 763//595
f 765//596 764//596 763//596
f 766//597 764//597 765//597
f 767//598 766//598 765//598
f 460//599 766//599 767//599
f 768//600 460//600 767//600
f 769//601 460//601 768//601
f 461//602 460//602 769//602
f 462//603 461//603 769//603
f 462//604 770//604 463//604
f 771//604 770//604 462//604
f 769//603 771//603 462//603
f 772//605 416//605 773//605
f 774//606 416//606 772//606
f 775//607 774//607 772//607
f 776//608 774//608 775//608
f 777//609 776//609 775//609
f 778//610 776//610 777//610
f 779//611 778//611 777//611
f 780//612 778//612 779//612
f 781//613 780//613 779//613
f 782//614 780//614 781//614
f 783//615 782//615 781//615
f 784//616 782//616 783//616
f 688//617 784//617 783//617
f 687//618 784//618 688//618
f 422//619 784//619 687//619
f 785//620 422//620 687//620
f 786//621 422//621 785//621
f 661//622 422//622 786//622
f 428//1 681//1 678//1
f 426//1 681//1 428//1
f 787//1 426//1 428//1
f 788//1 426//1 787//1
f 789//1 426//1 788//1
f 790//1 426//1 789//1
f 791//1 426//1 790//1
f 792//1 426//1 791//1
f 793//1 426//1 792//1
f 794//1 426//1 793//1
f 424//1 426//1 794//1
f 795//1 426//1 424//1
f 796//1 795//1 424//1
f 424//1 797//1 796//1
f 798//1 797//1 424//1
f 799//1 798//1 424//1
f 424//1 800//1 799//1
f 801//1 800//1 424//1
f 802//1 801//1 424//1
f 424//1 423//1 802//1
f 462//1 423//1 424//1
f 461//1 462//1 424//1
f 423//1 803//1 422//1
f 804//1 803//1 423//1
f 462//1 804//1 423//1
f 463//1 804//1 462//1
f 805//1 804//1 463//1
f 422//1 782//1 784//1
f 780//1 782//1 422//1
f 778//1 780//1 422//1
f 422//1 776//1 778//1
f 774//1 776//1 422//1
f 416//1 774//1 422//1
f 422//1 803//1 416//1
f 425//1 461//1 424//1
f 460//1 461//1 425//1
f 766//1 460//1 425//1
f 425//1 764//1 766//1
f 762//1 764//1 425//1
f 760//1 762//1 425//1
f 425//1 758//1 760//1
f 756//1 758//1 425//1
f 805//326 770//326 806//326
f 463//326 770//326 805//326
f 807//623 808//623 809//623
f 810//623 808//623 807//623
f 811//624 810//624 807//624
f 812//624 810//624 811//624
f 813//625 812//625 811//625
f 808//626 814//626 809//626
f 815//626 814//626 808//626
f 816//627 814//627 815//627
f 817//627 816//627 815//627
f 818//628 816//628 817//628
f 819//628 818//628 817//628
f 820//629 818//629 819//629
f 821//629 820//629 819//629
f 822//630 820//630 821//630
f 823//630 822//630 821//630
f 824//631 822//631 823//631
f 825//631 824//631 823//631
f 826//632 824//632 825//632
f 827//632 826//632 825//632
f 828//633 826//633 827//633
f 829//633 828//633 827//633
f 830//634 828//634 829//634
f 831//634 830//634 829//634
f 832//635 830//635 831//635
f 833//635 832//635 831//635
f 834//636 832//636 833//636
f 835//636 834//636 833//636
f 836//637 834//637 835//637
f 837//637 836//637 835//637
f 838//638 836//638 837//638
f 839//638 838//638 837//638
f 840//639 838//639 839//639
f 841//639 840//639 839//639
f 842//640 840//640 841//640
f 843//640 842//640 841//640
f 844//641 842//641 843//641
f 845//641 844//641 843//641
f 846//642 844//642 845//642
f 847//642 846//642 845//642
f 848//643 846//643 847//643
f 849//643 848//643 847//643
f 850//644 848//644 849//644
f 851//644 850//644 849//644
f 852//645 850//645 851//645
f 853//645 852//645 851//645
f 854//646 852//646 853//646
f 855//646 854//646 853//646
f 856//647 854//647 855//647
f 857//647 856//647 855//647
f 858//648 856//648 857//648
f 859//648 858//648 857//648
f 860//649 858//649 859//649
f 861//649 860//649 859//649
f 862//650 860//650 861//650
f 863//650 862//650 861//650
f 864//651 862//651 863//651
f 865//651 864//651 863//651
f 866//652 864//652 865//652
f 867//652 866//652 865//652
f 868//653 866//653 867//653
f 869//653 868//653 867//653
f 870//498 868//498 869//498
f 871//498 870//498 869//498
f 872//654 870//654 871//654
f 873//654 872//654 871//654
f 874//655 872//655 873//655
f 875//655 874//655 873//655
f 876//656 874//656 875//656
f 877//656 876//656 875//656
f 878//657 876//657 877//657
f 879//657 878//657 877//657
f 880//658 878//658 879//658
f 881//658 880//658 879//658
f 882//659 880//659 881//659
f 883//659 882//659 881//659
f 884//660 882//660 883//660
f 885//661 884//661 883//661
f 886//662 884//662 885//662
f 887//662 886//662 885//662
f 888//663 886//663 887//663
f 889//663 888//663 887//663
f 890//664 888//664 889//664
f 891//664 890//664 889//664
f 892//665 890//665 891//665
f 893//665 892//665 891//665
f 894//666 892//666 893//666
f 895//666 894//666 893//666
f 896//667 894//667 895//667
f 897//667 896//667 895//667
f 898//668 896//668 897//668
f 899//668 898//668 897//668
f 900//669 898//669 899//669
f 901//669 900//669 899//669
f 902//670 900//670 901//670
f 903//670 902//670 901//670
f 904//671 902//671 903//671
f 905//672 904//672 903//672
f 906//673 904//673 905//673
f 907//673 906//673 905//673
f 908//674 906//674 907//674
f 909//675 908//675 907//675
f 910//676 908//676 909//676
f 911//676 910//676 909//676
f 912//677 910//677 911//677
f 913//677 912//677 911//677
f 914//678 912//678 913//678
f 915//678 914//678 913//678
f 916//679 914//679 915//679
f 917//679 916//679 915//679
f 918//680 916//680 917//680
f 919//680 918//680 917//680
f 920//681 918//681 919//681
f 921//681 920//681 919//681
f 922//682 920//682 921//682
f 923//682 922//682 921//682
f 924//683 922//683 923//683
f 813//683 924//683 923//683
f 811//625 924//625 813//625
f 925//1 870//1 926//1
f 868//1 870//1 925//1
f 927//1 868//1 925//1
f 866//1 868//1 927//1
f 928//1 866//1 927//1
f 864//1 866//1 928//1
f 929//1 864//1 928//1
f 862//1 864//1 929//1
f 930//1 862//1 929//1
f 860//1 862//1 930//1
f 931//1 860//1 930//1
f 858//1 860//1 931//1
f 932//1 858//1 931//1
f 856//1 858//1 932//1
f 933//1 856//1 932//1
f 854//1 856//1 933//1
f 934//1 854//1 933//1
f 935//1 854//1 934//1
f 852//1 854//1 935//1
f 936//1 852//1 935//1
f 850//1 852//1 936//1
f 937//1 850//1 936//1
f 848//1 850//1 937//1
f 938//1 848//1 937//1
f 846//1 848//1 938//1
f 939//1 846//1 938//1
f 844//1 846//1 939//1
f 940//1 844//1 939//1
f 842//1 844//1 940//1
f 941//1 842//1 940//1
f 840//1 842//1 941//1
f 942//1 840//1 941//1
f 838//1 840//1 942//1
f 943//1 838//1 942//1
f 836//1 838//1 943//1
f 944//1 836//1 943//1
f 834//1 836//1 944//1
f 945//1 834//1 944//1
f 832//1 834//1 945//1
f 946//1 832//1 945//1
f 830//1 832//1 946//1
f 947//1 830//1 946//1
f 828//1 830//1 947//1
f 948//1 828//1 947//1
f 826//1 828//1 948//1
f 949//1 826//1 948//1
f 824//1 826//1 949//1
f 950//1 824//1 949//1
f 951//1 824//1 950//1
f 822//1 824//1 951//1
f 952//1 822//1 951//1
f 820//1 822//1 952//1
f 953//1 820//1 952//1
f 818//1 820//1 953//1
f 954//1 818//1 953//1
f 816//1 818//1 954//1
f 955//1 816//1 954//1
f 814//1 816//1 955//1
f 956//1 814//1 955//1
f 809//1 814//1 956//1
f 957//1 809//1 956//1
f 807//1 809//1 957//1
f 958//1 807//1 957//1
f 811//1 807//1 958//1
f 959//1 811//1 958//1
f 924//1 811//1 959//1
f 960//1 924//1 959//1
f 922//1 924//1 960//1
f 961//1 922//1 960//1
f 920//1 922//1 961//1
f 962//1 920//1 961//1
f 918//1 920//1 962//1
f 963//1 918//1 962//1
f 916//1 918//1 963//1
f 964//1 916//1 963//1
f 914//1 916//1 964//1
f 965//1 914//1 964//1
f 966//1 914//1 965//1
f 912//1 914//1 966//1
f 967//1 912//1 966//1
f 910//1 912//1 967//1
f 968//1 910//1 967//1
f 908//1 910//1 968//1
f 969//1 908//1 968//1
f 906//1 908//1 969//1
f 970//1 906//1 969//1
f 904//1 906//1 970//1
f 971//1 904//1 970//1
f 902//1 904//1 971//1
f 972//1 902//1 971//1
f 900//1 902//1 972//1
f 973//1 900//1 972//1
f 898//1 900//1 973//1
f 974//1 898//1 973//1
f 896//1 898//1 974//1
f 975//1 896//1 974//1
f 894//1 896//1 975//1
f 976//1 894//1 975//1
f 892//1 894//1 976//1
f 977//1 892//1 976//1
f 890//1 892//1 977//1
f 978//1 890//1 977//1
f 888//1 890//1 978//1
f 979//1 888//1 978//1
f 886//1 888//1 979//1
f 980//1 886//1 979//1
f 884//1 886//1 980//1
f 981//1 884//1 980//1
f 982//1 884//1 981//1
f 882//1 884//1 982//1
f 983//1 882//1 982//1
f 880//1 882//1 983//1
f 984//1 880//1 983//1
f 878//1 880//1 984//1
f 985//1 878//1 984//1
f 876//1 878//1 985//1
f 986//1 876//1 985//1
f 874//1 876//1 986//1
f 987//1 874//1 986//1
f 872//1 874//1 987//1
f 926//1 872//1 987//1
f 870//1 872//1 926//1
f 988//63 989//63 990//63
f 991//63 989//63 988//63
f 992//63 991//63 988//63
f 990//63 993//63 994//63
f 995//63 993//63 990//63
f 996//63 995//63 990//63
f 994//63 997//63 998//63
f 999//63 997//63 994//63
f 993//63 999//63 994//63
f 997//63 1000//63 998//63
f 1001//63 1000//63 997//63
f 1002//63 1001//63 997//63
f 1003//63 1001//63 1002//63
f 1004//63 1003//63 1002//63
f 1005//63 1003//63 1004//63
f 1006//63 1005//63 1004//63
f 1007//63 1005//63 1006//63
f 1008//63 1007//63 1006//63
f 1009//63 1007//63 1008//63
f 1010//63 1009//63 1008//63
f 1011//63 1009//63 1010//63
f 1012//63 1011//63 1010//63
f 1013//63 1011//63 1012//63
f 1014//63 1013//63 1012//63
f 1015//63 1013//63 1014//63
f 1016//63 1015//63 1014//63
f 1017//63 1015//63 1016//63
f 1018//63 1015//63 1017//63
f 1019//63 1018//63 1017//63
f 1020//63 1018//63 1019//63
f 1021//63 1020//63 1019//63
f 1001//63 1022//63 1000//63
f 1023//63 1022//63 1001//63
f 1024//63 1022//63 1023//63
f 1025//63 1024//63 1023//63
f 1026//63 1024//63 1025//63
f 1027//63 1026//63 1025//63
f 1028//63 1026//63 1027//63
f 1029//63 1026//63 1028//63
f 1030//63 1026//63 1029//63
f 1031//63 1030//63 1029//63
f 1032//63 1030//63 1031//63
f 1033//63 1030//63 1032//63
f 1034//63 1033//63 1032//63
f 1035//63 1033//63 1034//63
f 1036//63 1033//63 1035//63
f 1037//63 1033//63 1036//63
f 1038//63 1037//63 1036//63
f 1039//63 1037//63 1038//63
f 1040//63 1037//63 1039//63
f 1041//63 1040//63 1039//63
f 1042//63 1041//63 1039//63
f 1043//63 1041//63 1042//63
f 1044//63 1043//63 1042//63
f 1045//63 1043//63 1044//63
f 1046//63 1045//63 1044//63
f 1047//63 1045//63 1046//63
f 1048//63 1045//63 1047//63
f 1049//63 1048//63 1047//63
f 1050//63 1048//63 1049//63
f 1051//63 1048//63 1050//63
f 1052//63 1048//63 1051//63
f 1053//63 1052//63 1051//63
f 1054//63 1052//63 1053//63
f 1055//63 1052//63 1054//63
f 1056//63 1055//63 1054//63
f 1057//63 1055//63 1056//63
f 1058//63 1055//63 1057//63
f 1059//63 1055//63 1058//63
f 1060//63 1059//63 1058//63
f 1061//63 1059//63 1060//63
f 1062//63 1061//63 1060//63
f 1063//63 1062//63 1060//63
f 1064//63 1062//63 1063//63
f 1065//63 1064//63 1063//63
f 1066//63 1064//63 1065//63
f 1067//63 1066//63 1065//63
f 1068//63 1066//63 1067//63
f 1069//63 1066//63 1068//63
f 1070//63 1069//63 1068//63
f 1071//63 1069//63 1070//63
f 1072//63 1069//63 1071//63
f 1073//63 1069//63 1072//63
f 1074//63 1073//63 1072//63
f 1075//63 1073//63 1074//63
f 1076//63 1073//63 1075//63
f 1077//63 1076//63 1075//63
f 1078//63 1076//63 1077//63
f 1079//63 1076//63 1078//63
f 1080//63 1076//63 1079//63
f 1081//63 1080//63 1079//63
f 1082//63 1080//63 1081//63
f 1083//63 1082//63 1081//63
f 1084//63 1083//63 1081//63
f 1085//63 1083//63 1084//63
f 1086//63 1085//63 1084//63
f 1087//63 1085//63 1086//63
f 1088//63 1087//63 1086//63
f 1089//63 1087//63 1088//63
f 1090//63 1087//63 1089//63
f 1091//63 1090//63 1089//63
f 1092//63 1090//63 1091//63
f 1093//63 1090//63 1092//63
f 1094//63 1090//63 1093//63
f 1095//63 1094//63 1093//63
f 1096//63 1094//63 1095//63
f 1021//63 1094//63 1096//63
f 1019//63 1094//63 1021//63
f 1014//63 1097//63 1016//63
f 1098//63 1097//63 1014//63
f 1099//63 1098//63 1014//63
f 1100//63 1098//63 1099//63
f 1101//63 1100//63 1099//63
f 1102//63 1100//63 1101//63
f 1103//63 1100//63 1102//63
f 1104//63 1100//63 1103//63
f 1105//63 1104//63 1103//63
f 1106//63 1104//63 1105//63
f 1107//63 1104//63 1106//63
f 1108//63 1107//63 1106//63
f 1109//63 1107//63 1108//63
f 1110//63 1107//63 1109//63
f 1111//63 1107//63 1110//63
f 1112//63 1111//63 1110//63
f 1113//63 1111//63 1112//63
f 1114//63 1111//63 1113//63
f 1115//63 1114//63 1113//63
f 1116//63 1114//63 1115//63
f 1117//63 1116//63 1115//63
f 1118//63 1116//63 1117//63
f 1119//63 1118//63 1117//63
f 1120//63 1119//63 1117//63
f 1121//63 1119//63 1120//63
f 1122//63 1121//63 1120//63
f 1123//63 1121//63 1122//63
f 1124//63 1121//63 1123//63
f 1125//63 1121//63 1124//63
f 1126//63 1125//63 1124//63
f 1127//63 1125//63 1126//63
f 1128//63 1125//63 1127//63
f 1129//63 1128//63 1127//63
f 1130//63 1128//63 1129//63
f 1131//63 1128//63 1130//63
f 1132//63 1128//63 1131//63
f 1133//63 1132//63 1131//63
f 1134//63 1132//63 1133//63
f 1135//63 1132//63 1134//63
f 1136//63 1135//63 1134//63
f 1137//63 1135//63 1136//63
f 1138//63 1137//63 1136//63
f 1139//63 1137//63 1138//63
f 1140//63 1139//63 1138//63
f 1140//63 1141//63 1142//63
f 1143//63 1141//63 1140//63
f 1138//63 1143//63 1140//63
f 1142//63 1144//63 1145//63
f 1146//63 1144//63 1142//63
f 1147//63 1146//63 1142//63
f 1145//63 1148//63 1149//63
f 1150//63 1148//63 1145//63
f 1144//63 1150//63 1145//63
f 1149//63 1151//63 1152//63
f 1153//63 1151//63 1149//63
f 1154//63 1153//63 1149//63
f 1155//63 1152//63 1151//63
f 1156//63 1152//63 1155//63
f 1157//63 1156//63 1155//63
f 1158//63 1156//63 1157//63
f 1159//63 1158//63 1157//63
f 1160//63 1158//63 1159//63
f 1161//63 1160//63 1159//63
f 1161//63 1162//63 1163//63
f 1164//63 1162//63 1161//63
f 1159//63 1164//63 1161//63
f 1163//63 992//63 988//63
f 1165//63 992//63 1163//63
f 1166//63 1165//63 1163//63
f 1167//63 1042//63 1039//63
f 1168//63 1042//63 1167//63
f 1005//63 1168//63 1167//63
f 1007//63 1168//63 1005//63
f 1009//63 1169//63 1007//63
f 1170//63 1169//63 1009//63
f 1060//63 1169//63 1170//63
f 1063//63 1060//63 1170//63
f 1157//63 1171//63 1159//63
f 1172//63 1171//63 1157//63
f 1004//63 1171//63 1172//63
f 1006//63 1004//63 1172//63
f 990//63 989//63 996//63
f 1163//63 1162//63 1166//63
f 1136//63 1173//63 1138//63
f 1174//63 1173//63 1136//63
f 1006//63 1173//63 1174//63
f 1008//63 1006//63 1174//63
f 1149//63 1148//63 1154//63
f 1142//63 1141//63 1147//63
f 1175//63 1117//63 1115//63
f 1176//63 1117//63 1175//63
f 1010//63 1176//63 1175//63
f 1008//63 1176//63 1010//63
f 1081//63 1177//63 1084//63
f 1178//63 1177//63 1081//63
f 1011//63 1177//63 1178//63
f 1009//63 1011//63 1178//63
f 988//684 925//684 1163//684
f 927//685 925//685 988//685
f 990//685 927//685 988//685
f 928//686 927//686 990//686
f 994//686 928//686 990//686
f 929//687 928//687 994//687
f 998//687 929//687 994//687
f 930//688 929//688 998//688
f 1000//688 930//688 998//688
f 931//689 930//689 1000//689
f 1022//689 931//689 1000//689
f 932//690 931//690 1022//690
f 1024//690 932//690 1022//690
f 933//691 932//691 1024//691
f 1026//691 933//691 1024//691
f 934//692 933//692 1026//692
f 1030//692 934//692 1026//692
f 935//693 934//693 1030//693
f 1033//693 935//693 1030//693
f 936//694 935//694 1033//694
f 1037//694 936//694 1033//694
f 937//695 936//695 1037//695
f 1040//695 937//695 1037//695
f 938//696 937//696 1040//696
f 1041//696 938//696 1040//696
f 939//697 938//697 1041//697
f 1043//697 939//697 1041//697
f 940//698 939//698 1043//698
f 1045//698 940//698 1043//698
f 941//699 940//699 1045//699
f 1048//699 941//699 1045//699
f 942//700 941//700 1048//700
f 1052//700 942//700 1048//700
f 943//701 942//701 1052//701
f 1055//701 943//701 1052//701
f 944//702 943//702 1055//702
f 1059//702 944//702 1055//702
f 945//703 944//703 1059//703
f 1061//703 945//703 1059//703
f 946//704 945//704 1061//704
f 1062//704 946//704 1061//704
f 947//705 946//705 1062//705
f 1064//705 947//705 1062//705
f 948//706 947//706 1064//706
f 1066//707 948//707 1064//707
f 949//708 948//708 1066//708
f 1069//708 949//708 1066//708
f 950//709 949//709 1069//709
f 1073//709 950//709 1069//709
f 951//710 950//710 1073//710
f 1076//710 951//710 1073//710
f 952//711 951//711 1076//711
f 1080//711 952//711 1076//711
f 953//712 952//712 1080//712
f 1082//712 953//712 1080//712
f 954//713 953//713 1082//713
f 1083//713 954//713 1082//713
f 955//714 954//714 1083//714
f 1085//714 955//714 1083//714
f 956//715 955//715 1085//715
f 1087//715 956//715 1085//715
f 957//716 956//716 1087//716
f 1090//716 957//716 1087//716
f 958//497 957//497 1090//497
f 1094//497 958//497 1090//497
f 959//717 958//717 1094//717
f 1019//717 959//717 1094//717
f 960//718 959//718 1019//718
f 1017//718 960//718 1019//718
f 961//719 960//719 1017//719
f 1016//719 961//719 1017//719
f 962//720 961//720 1016//720
f 1097//720 962//720 1016//720
f 963//721 962//721 1097//721
f 1098//721 963//721 1097//721
f 964//722 963//722 1098//722
f 1100//722 964//722 1098//722
f 965//723 964//723 1100//723
f 1104//723 965//723 1100//723
f 966//724 965//724 1104//724
f 1107//724 966//724 1104//724
f 967//725 966//725 1107//725
f 1111//725 967//725 1107//725
f 968//726 967//726 1111//726
f 1114//726 968//726 1111//726
f 969//727 968//727 1114//727
f 1116//728 969//728 1114//728
f 970//729 969//729 1116//729
f 1118//730 970//730 1116//730
f 971//731 970//731 1118//731
f 1119//731 971//731 1118//731
f 972//732 971//732 1119//732
f 1121//732 972//732 1119//732
f 973//733 972//733 1121//733
f 1125//733 973//733 1121//733
f 974//734 973//734 1125//734
f 1128//734 974//734 1125//734
f 975//735 974//735 1128//735
f 1132//735 975//735 1128//735
f 976//736 975//736 1132//736
f 1135//737 976//737 1132//737
f 977//738 976//738 1135//738
f 1137//739 977//739 1135//739
f 978//740 977//740 1137//740
f 1139//741 978//741 1137//741
f 979//742 978//742 1139//742
f 1140//742 979//742 1139//742
f 980//743 979//743 1140//743
f 1142//744 980//744 1140//744
f 981//745 980//745 1142//745
f 1145//745 981//745 1142//745
f 982//746 981//746 1145//746
f 1149//746 982//746 1145//746
f 983//747 982//747 1149//747
f 1152//747 983//747 1149//747
f 984//748 983//748 1152//748
f 1156//748 984//748 1152//748
f 985//749 984//749 1156//749
f 1158//749 985//749 1156//749
f 986//750 985//750 1158//750
f 1160//750 986//750 1158//750
f 987//751 986//751 1160//751
f 1161//751 987//751 1160//751
f 926//752 987//752 1161//752
f 1163//752 926//752 1161//752
f 925//684 926//684 1163//684
f 679//63 899//63 680//63
f 901//63 899//63 679//63
f 903//63 901//63 679//63
f 680//63 887//63 683//63
f 889//63 887//63 680//63
f 891//63 889//63 680//63
f 683//63 883//63 1179//63
f 885//63 883//63 683//63
f 887//63 885//63 683//63
f 881//63 1179//63 883//63
f 1180//63 1179//63 881//63
f 879//63 1180//63 881//63
f 1181//63 1180//63 879//63
f 718//63 1181//63 879//63
f 717//63 1181//63 718//63
f 718//63 875//63 1182//63
f 877//63 875//63 718//63
f 879//63 877//63 718//63
f 875//63 1183//63 1182//63
f 873//63 1183//63 875//63
f 724//63 1183//63 873//63
f 871//63 724//63 873//63
f 722//63 724//63 871//63
f 869//63 722//63 871//63
f 867//63 722//63 869//63
f 1184//63 722//63 867//63
f 865//63 1184//63 867//63
f 1185//63 1184//63 865//63
f 1186//63 1185//63 865//63
f 724//63 1187//63 727//63
f 722//63 1187//63 724//63
f 722//63 1188//63 1187//63
f 721//63 1188//63 722//63
f 1186//63 706//63 708//63
f 861//63 706//63 1186//63
f 863//63 861//63 1186//63
f 861//63 710//63 706//63
f 859//63 710//63 861//63
f 712//63 710//63 859//63
f 857//63 712//63 859//63
f 714//63 712//63 857//63
f 855//63 714//63 857//63
f 757//63 714//63 855//63
f 853//63 757//63 855//63
f 759//63 757//63 853//63
f 761//63 759//63 853//63
f 853//63 763//63 761//63
f 765//63 763//63 853//63
f 851//63 765//63 853//63
f 767//63 765//63 851//63
f 768//63 767//63 851//63
f 851//63 769//63 768//63
f 849//63 769//63 851//63
f 771//63 769//63 849//63
f 770//63 771//63 849//63
f 770//63 841//63 806//63
f 843//63 841//63 770//63
f 845//63 843//63 770//63
f 806//63 833//63 1189//63
f 835//63 833//63 806//63
f 837//63 835//63 806//63
f 831//63 1189//63 833//63
f 1190//63 1189//63 831//63
f 773//63 1190//63 831//63
f 829//63 773//63 831//63
f 772//63 773//63 829//63
f 775//63 772//63 829//63
f 829//63 777//63 775//63
f 779//63 777//63 829//63
f 827//63 779//63 829//63
f 781//63 779//63 827//63
f 783//63 781//63 827//63
f 827//63 688//63 783//63
f 825//63 688//63 827//63
f 823//63 688//63 825//63
f 686//63 688//63 823//63
f 690//63 686//63 823//63
f 821//63 690//63 823//63
f 692//63 690//63 821//63
f 819//63 692//63 821//63
f 1191//63 692//63 819//63
f 817//63 1191//63 819//63
f 1192//63 1191//63 817//63
f 815//63 1192//63 817//63
f 1193//63 1192//63 815//63
f 808//63 1193//63 815//63
f 1194//63 1193//63 808//63
f 810//63 1194//63 808//63
f 705//63 1194//63 810//63
f 812//63 705//63 810//63
f 703//63 705//63 812//63
f 813//63 703//63 812//63
f 701//63 703//63 813//63
f 923//63 701//63 813//63
f 696//63 701//63 923//63
f 921//63 696//63 923//63
f 1195//63 696//63 921//63
f 919//63 1195//63 921//63
f 1196//63 1195//63 919//63
f 917//63 1196//63 919//63
f 1197//63 1196//63 917//63
f 685//63 1197//63 917//63
f 1191//63 694//63 692//63
f 1194//63 748//63 750//63
f 755//63 748//63 1194//63
f 705//63 755//63 1194//63
f 753//63 755//63 705//63
f 1195//63 699//63 696//63
f 685//63 913//63 679//63
f 915//63 913//63 685//63
f 917//63 915//63 685//63
f 806//63 839//63 837//63
f 841//63 839//63 806//63
f 770//63 847//63 845//63
f 849//63 847//63 770//63
f 1186//63 865//63 863//63
f 680//63 893//63 891//63
f 895//63 893//63 680//63
f 897//63 895//63 680//63
f 680//63 899//63 897//63
f 679//63 905//63 903//63
f 907//63 905//63 679//63
f 909//63 907//63 679//63
f 679//63 911//63 909//63
f 913//63 911//63 679//63
f 1189//753 805//753 806//753
f 804//753 805//753 1189//753
f 803//754 804//754 1189//754
f 803//755 773//755 416//755
f 1190//755 773//755 803//755
f 1189//754 1190//754 803//754
f 644//1 1198//1 684//1
f 1199//1 1198//1 644//1
f 698//1 1198//1 1199//1
f 1200//1 698//1 1199//1
f 1201//1 698//1 1200//1
f 700//1 698//1 1201//1
f 1202//1 700//1 1201//1
f 702//1 700//1 1202//1
f 704//1 702//1 1202//1
f 698//1 1203//1 1198//1
f 1204//1 1203//1 698//1
f 697//1 1204//1 698//1
f 1205//1 704//1 1202//1
f 754//1 704//1 1205//1
f 749//1 754//1 1205//1
f 752//1 754//1 749//1
f 751//1 752//1 749//1
f 1206//1 1205//1 1202//1
f 1207//1 1205//1 1206//1
f 1208//1 1207//1 1206//1
f 1209//1 1208//1 1206//1
f 1210//1 1208//1 1209//1
f 1211//1 1210//1 1209//1
f 1212//1 1210//1 1211//1
f 689//1 1210//1 1212//1
f 659//1 689//1 1212//1
f 661//1 689//1 659//1
f 786//1 689//1 661//1
f 785//1 689//1 786//1
f 687//1 689//1 785//1
f 1210//1 693//1 695//1
f 691//1 693//1 1210//1
f 689//1 691//1 1210//1
f 1194//326 749//326 1205//326
f 750//326 749//326 1194//326
f 704//315 753//315 705//315
f 754//315 753//315 704//315
f 1187//756 725//756 727//756
f 735//756 725//756 1187//756
f 736//498 735//498 1187//498
f 736//757 721//757 723//757
f 1188//757 721//757 736//757
f 1187//498 1188//498 736//498
f 734//758 724//758 726//758
f 1183//758 724//758 734//758
f 732//759 1183//759 734//759
f 1182//759 1183//759 732//759
f 716//760 1182//760 732//760
f 718//760 1182//760 716//760
f 1179//761 682//761 683//761
f 728//761 682//761 1179//761
f 1180//762 728//762 1179//762
f 747//762 728//762 1180//762
f 1181//763 747//763 1180//763
f 746//763 747//763 1181//763
f 717//764 746//764 1181//764
f 719//764 746//764 717//764
f 739//765 1186//765 741//765
f 1185//765 1186//765 739//765
f 738//766 1185//766 739//766
f 1184//766 1185//766 738//766
f 720//767 1184//767 738//767
f 722//767 1184//767 720//767
f 1186//768 707//768 741//768
f 708//768 707//768 1186//768
f 1198//769 685//769 684//769
f 1197//769 685//769 1198//769
f 1203//770 1197//770 1198//770
f 1196//770 1197//770 1203//770
f 1204//771 1196//771 1203//771
f 1195//771 1196//771 1204//771
f 697//772 1195//772 1204//772
f 699//772 1195//772 697//772
f 1207//773 1194//773 1205//773
f 1193//773 1194//773 1207//773
f 1208//774 1193//774 1207//774
f 1192//774 1193//774 1208//774
f 1210//775 1192//775 1208//775
f 1191//775 1192//775 1210//775
f 1210//776 694//776 1191//776
f 695//776 694//776 1210//776
f 1213//497 1214//497 1215//497
f 1216//497 1214//497 1213//497
f 1217//498 1218//498 1219//498
f 1220//498 1218//498 1217//498
f 1221//63 1222//63 1223//63
f 1224//63 1222//63 1221//63
f 1225//63 1224//63 1221//63
f 1226//63 1224//63 1225//63
f 1227//63 1226//63 1225//63
f 1228//63 1226//63 1227//63
f 1229//63 1226//63 1228//63
f 1230//63 1229//63 1228//63
f 1231//63 1229//63 1230//63
f 1232//63 1229//63 1231//63
f 1233//63 1232//63 1231//63
f 1234//63 1232//63 1233//63
f 1235//63 1232//63 1234//63
f 1236//63 1235//63 1234//63
f 1234//63 1237//63 1236//63
f 1238//63 1237//63 1234//63
f 1239//63 1237//63 1238//63
f 1240//63 1237//63 1239//63
f 1241//63 1240//63 1239//63
f 1242//63 1240//63 1241//63
f 1243//63 1242//63 1241//63
f 1244//63 1243//63 1241//63
f 1245//63 1243//63 1244//63
f 1246//63 1245//63 1244//63
f 1247//63 1245//63 1246//63
f 1248//63 1245//63 1247//63
f 1249//63 1245//63 1248//63
f 1250//63 1245//63 1249//63
f 1251//63 1245//63 1250//63
f 1252//63 1245//63 1251//63
f 1253//63 1245//63 1252//63
f 1215//63 1253//63 1252//63
f 1254//63 1253//63 1215//63
f 1255//63 1254//63 1215//63
f 1255//63 1256//63 1257//63
f 1258//63 1256//63 1255//63
f 1215//63 1258//63 1255//63
f 1214//63 1258//63 1215//63
f 1259//63 1258//63 1214//63
f 1260//63 1259//63 1214//63
f 1256//63 1261//63 1257//63
f 1262//63 1261//63 1256//63
f 1263//63 1262//63 1256//63
f 1256//63 1264//63 1263//63
f 1214//63 1265//63 1260//63
f 1220//63 1265//63 1214//63
f 1266//63 1265//63 1220//63
f 1267//63 1266//63 1220//63
f 1220//63 1268//63 1267//63
f 1269//63 1268//63 1220//63
f 1217//63 1269//63 1220//63
f 1270//63 1269//63 1217//63
f 1271//63 1270//63 1217//63
f 1217//63 1272//63 1271//63
f 1273//63 1272//63 1217//63
f 1274//63 1273//63 1217//63
f 1275//63 1273//63 1274//63
f 1221//63 1275//63 1274//63
f 1276//63 1275//63 1221//63
f 1277//63 1276//63 1221//63
f 1221//63 1278//63 1277//63
f 1223//63 1278//63 1221//63
f 1219//1 1279//1 1280//1
f 1281//1 1279//1 1219//1
f 1282//1 1281//1 1219//1
f 1279//1 1283//1 1280//1
f 1284//1 1283//1 1279//1
f 1285//1 1284//1 1279//1
f 1279//1 1286//1 1285//1
f 1287//1 1286//1 1279//1
f 1288//1 1287//1 1279//1
f 1279//1 1289//1 1288//1
f 1290//1 1289//1 1279//1
f 1291//1 1290//1 1279//1
f 1292//1 1290//1 1291//1
f 1219//1 1293//1 1282//1
f 1294//1 1293//1 1219//1
f 1295//1 1294//1 1219//1
f 1219//1 1296//1 1295//1
f 1297//1 1296//1 1219//1
f 1298//1 1297//1 1219//1
f 1219//1 1213//1 1298//1
f 1218//1 1213//1 1219//1
f 1216//1 1213//1 1218//1
f 1220//326 1216//326 1218//326
f 1214//326 1216//326 1220//326
f 1299//498 1300//498 1301//498
f 1302//498 1300//498 1299//498
f 1303//497 1304//497 1305//497
f 1306//497 1304//497 1303//497
f 1300//326 1303//326 1301//326
f 1306//326 1303//326 1300//326
f 1302//63 1306//63 1300//63
f 1304//63 1306//63 1302//63
f 1307//63 1308//63 1309//63
f 1310//63 1308//63 1307//63
f 1311//63 1310//63 1307//63
f 1312//63 1310//63 1311//63
f 1313//63 1312//63 1311//63
f 1314//63 1312//63 1313//63
f 1315//63 1314//63 1313//63
f 1316//63 1314//63 1315//63
f 1317//63 1316//63 1315//63
f 1318//63 1316//63 1317//63
f 1319//63 1318//63 1317//63
f 1320//63 1318//63 1319//63
f 1321//63 1320//63 1319//63
f 1322//63 1320//63 1321//63
f 1323//63 1322//63 1321//63
f 1324//63 1322//63 1323//63
f 1325//63 1324//63 1323//63
f 1326//63 1324//63 1325//63
f 1327//63 1326//63 1325//63
f 1328//63 1326//63 1327//63
f 1329//63 1328//63 1327//63
f 1330//63 1328//63 1329//63
f 1331//63 1330//63 1329//63
f 1332//63 1330//63 1331//63
f 1333//63 1332//63 1331//63
f 1334//63 1332//63 1333//63
f 1335//63 1334//63 1333//63
f 1336//63 1334//63 1335//63
f 1337//63 1336//63 1335//63
f 1338//63 1336//63 1337//63
f 1339//63 1338//63 1337//63
f 1340//63 1338//63 1339//63
f 1341//63 1340//63 1339//63
f 1342//63 1340//63 1341//63
f 1343//63 1309//63 1308//63
f 1344//63 1309//63 1343//63
f 1345//63 1344//63 1343//63
f 1346//63 1344//63 1345//63
f 1347//63 1346//63 1345//63
f 1348//63 1346//63 1347//63
f 1349//63 1348//63 1347//63
f 1350//63 1348//63 1349//63
f 1351//63 1350//63 1349//63
f 1352//63 1350//63 1351//63
f 1353//63 1352//63 1351//63
f 1354//63 1352//63 1353//63
f 1355//63 1354//63 1353//63
f 1356//63 1354//63 1355//63
f 1357//63 1356//63 1355//63
f 1358//63 1356//63 1357//63
f 1359//63 1358//63 1357//63
f 1360//63 1358//63 1359//63
f 1361//63 1360//63 1359//63
f 1362//63 1360//63 1361//63
f 1363//63 1362//63 1361//63
f 1364//63 1362//63 1363//63
f 1365//63 1364//63 1363//63
f 1366//63 1364//63 1365//63
f 1367//63 1366//63 1365//63
f 1368//63 1366//63 1367//63
f 1369//63 1368//63 1367//63
f 1370//63 1368//63 1369//63
f 1371//63 1370//63 1369//63
f 1372//63 1370//63 1371//63
f 1373//1 1374//1 1375//1
f 1376//1 1374//1 1373//1
f 1377//1 1376//1 1373//1
f 1378//1 1375//1 1374//1
f 1379//1 1375//1 1378//1
f 1380//1 1379//1 1378//1
f 1381//1 1379//1 1380//1
f 1382//1 1379//1 1381//1
f 1383//1 1382//1 1381//1
f 1384//1 1382//1 1383//1
f 1385//1 1384//1 1383//1
f 1386//1 1384//1 1385//1
f 1387//1 1386//1 1385//1
f 1388//1 1386//1 1387//1
f 1389//1 1386//1 1388//1
f 1390//1 1389//1 1388//1
f 1391//1 1389//1 1390//1
f 1392//1 1391//1 1390//1
f 1393//1 1391//1 1392//1
f 1394//1 1391//1 1393//1
f 1395//1 1394//1 1393//1
f 1396//1 1394//1 1395//1
f 1397//1 1396//1 1395//1
f 1398//1 1396//1 1397//1
f 1399//1 1398//1 1397//1
f 1400//1 1398//1 1399//1
f 1401//1 1398//1 1400//1
f 1402//1 1401//1 1400//1
f 1403//1 1401//1 1402//1
f 1404//1 1403//1 1402//1
f 1405//1 1403//1 1404//1
f 1406//1 1403//1 1405//1
f 1407//1 1406//1 1405//1
f 1408//1 1406//1 1407//1
f 1409//1 1408//1 1407//1
f 1410//1 1408//1 1409//1
f 1411//1 1410//1 1409//1
f 1412//1 1410//1 1411//1
f 1413//1 1410//1 1412//1
f 1414//1 1413//1 1412//1
f 1415//1 1413//1 1414//1
f 1416//1 1415//1 1414//1
f 1417//1 1415//1 1416//1
f 1418//1 1415//1 1417//1
f 1419//1 1418//1 1417//1
f 1420//1 1418//1 1419//1
f 1421//1 1420//1 1419//1
f 1422//1 1420//1 1421//1
f 1423//1 1422//1 1421//1
f 1424//1 1422//1 1423//1
f 1425//1 1422//1 1424//1
f 1426//1 1425//1 1424//1
f 1427//1 1425//1 1426//1
f 1428//1 1427//1 1426//1
f 1429//1 1427//1 1428//1
f 1430//1 1427//1 1429//1
f 1431//1 1430//1 1429//1
f 1432//1 1430//1 1431//1
f 1433//1 1432//1 1431//1
f 1434//1 1432//1 1433//1
f 1435//1 1434//1 1433//1
f 1436//1 1434//1 1435//1
f 1437//1 1434//1 1436//1
f 1438//1 1437//1 1436//1
f 1439//1 1437//1 1438//1
f 1440//1 1439//1 1438//1
f 1441//1 1439//1 1440//1
f 1442//1 1439//1 1441//1
f 1443//1 1442//1 1441//1
f 1444//1 1442//1 1443//1
f 1445//1 1444//1 1443//1
f 1446//1 1444//1 1445//1
f 1447//1 1446//1 1445//1
f 1448//1 1446//1 1447//1
f 1449//1 1446//1 1448//1
f 1450//1 1449//1 1448//1
f 1451//1 1449//1 1450//1
f 1452//1 1451//1 1450//1
f 1453//1 1451//1 1452//1
f 1454//1 1451//1 1453//1
f 1455//1 1454//1 1453//1
f 1456//1 1454//1 1455//1
f 1457//1 1456//1 1455//1
f 1458//1 1456//1 1457//1
f 1459//1 1458//1 1457//1
f 1460//1 1458//1 1459//1
f 1461//1 1458//1 1460//1
f 1462//1 1461//1 1460//1
f 1463//1 1461//1 1462//1
f 1464//1 1463//1 1462//1
f 1465//1 1463//1 1464//1
f 1466//1 1463//1 1465//1
f 1467//1 1466//1 1465//1
f 1468//1 1466//1 1467//1
f 1469//1 1468//1 1467//1
f 1470//1 1468//1 1469//1
f 1471//1 1470//1 1469//1
f 1472//1 1470//1 1471//1
f 1473//1 1470//1 1472//1
f 1474//1 1473//1 1472//1
f 1475//1 1473//1 1474//1
f 1476//1 1475//1 1474//1
f 1477//1 1475//1 1476//1
f 1478//1 1475//1 1477//1
f 1479//1 1478//1 1477//1
f 1480//1 1478//1 1479//1
f 1481//1 1480//1 1479//1
f 1482//1 1480//1 1481//1
f 1483//1 1482//1 1481//1
f 1484//1 1482//1 1483//1
f 1485//1 1482//1 1484//1
f 1377//1 1485//1 1484//1
f 1373//1 1485//1 1377//1
f 1376//777 1312//777 1374//777
f 1310//777 1312//777 1376//777
f 1377//778 1310//778 1376//778
f 1308//779 1310//779 1377//779
f 1484//780 1308//780 1377//780
f 1343//780 1308//780 1484//780
f 1483//781 1343//781 1484//781
f 1345//781 1343//781 1483//781
f 1481//782 1345//782 1483//782
f 1347//782 1345//782 1481//782
f 1479//783 1347//783 1481//783
f 1349//783 1347//783 1479//783
f 1477//784 1349//784 1479//784
f 1351//784 1349//784 1477//784
f 1476//785 1351//785 1477//785
f 1353//785 1351//785 1476//785
f 1474//786 1353//786 1476//786
f 1355//786 1353//786 1474//786
f 1472//787 1355//787 1474//787
f 1357//787 1355//787 1472//787
f 1471//788 1357//788 1472//788
f 1359//788 1357//788 1471//788
f 1469//789 1359//789 1471//789
f 1361//789 1359//789 1469//789
f 1467//790 1361//790 1469//790
f 1363//790 1361//790 1467//790
f 1465//791 1363//791 1467//791
f 1365//791 1363//791 1465//791
f 1464//792 1365//792 1465//792
f 1367//792 1365//792 1464//792
f 1462//793 1367//793 1464//793
f 1369//793 1367//793 1462//793
f 1460//794 1369//794 1462//794
f 1371//794 1369//794 1460//794
f 1459//795 1371//795 1460//795
f 1372//795 1371//795 1459//795
f 1457//796 1372//796 1459//796
f 1370//796 1372//796 1457//796
f 1455//797 1370//797 1457//797
f 1368//797 1370//797 1455//797
f 1453//798 1368//798 1455//798
f 1366//798 1368//798 1453//798
f 1452//799 1366//799 1453//799
f 1364//799 1366//799 1452//799
f 1450//800 1364//800 1452//800
f 1362//800 1364//800 1450//800
f 1448//801 1362//801 1450//801
f 1360//801 1362//801 1448//801
f 1447//802 1360//802 1448//802
f 1358//802 1360//802 1447//802
f 1445//803 1358//803 1447//803
f 1356//803 1358//803 1445//803
f 1443//804 1356//804 1445//804
f 1354//804 1356//804 1443//804
f 1441//805 1354//805 1443//805
f 1352//805 1354//805 1441//805
f 1440//806 1352//806 1441//806
f 1350//806 1352//806 1440//806
f 1438//807 1350//807 1440//807
f 1348//807 1350//807 1438//807
f 1436//808 1348//808 1438//808
f 1346//808 1348//808 1436//808
f 1435//809 1346//809 1436//809
f 1344//809 1346//809 1435//809
f 1433//810 1344//810 1435//810
f 1309//810 1344//810 1433//810
f 1431//811 1309//811 1433//811
f 1307//811 1309//811 1431//811
f 1429//812 1307//812 1431//812
f 1311//812 1307//812 1429//812
f 1428//813 1311//813 1429//813
f 1313//813 1311//813 1428//813
f 1426//814 1313//814 1428//814
f 1315//814 1313//814 1426//814
f 1424//815 1315//815 1426//815
f 1317//815 1315//815 1424//815
f 1423//816 1317//816 1424//816
f 1319//816 1317//816 1423//816
f 1421//817 1319//817 1423//817
f 1321//817 1319//817 1421//817
f 1419//818 1321//818 1421//818
f 1323//818 1321//818 1419//818
f 1417//819 1323//819 1419//819
f 1325//819 1323//819 1417//819
f 1416//820 1325//820 1417//820
f 1327//821 1325//821 1416//821
f 1414//822 1327//822 1416//822
f 1329//822 1327//822 1414//822
f 1412//823 1329//823 1414//823
f 1331//823 1329//823 1412//823
f 1411//824 1331//824 1412//824
f 1333//824 1331//824 1411//824
f 1409//825 1333//825 1411//825
f 1335//825 1333//825 1409//825
f 1407//826 1335//826 1409//826
f 1337//826 1335//826 1407//826
f 1405//827 1337//827 1407//827
f 1339//827 1337//827 1405//827
f 1404//828 1339//828 1405//828
f 1341//828 1339//828 1404//828
f 1402//829 1341//829 1404//829
f 1342//829 1341//829 1402//829
f 1400//830 1342//830 1402//830
f 1340//830 1342//830 1400//830
f 1399//831 1340//831 1400//831
f 1338//831 1340//831 1399//831
f 1397//832 1338//832 1399//832
f 1336//832 1338//832 1397//832
f 1395//833 1336//833 1397//833
f 1334//833 1336//833 1395//833
f 1393//834 1334//834 1395//834
f 1332//834 1334//834 1393//834
f 1392//835 1332//835 1393//835
f 1330//835 1332//835 1392//835
f 1390//836 1330//836 1392//836
f 1328//837 1330//837 1390//837
f 1388//838 1328//838 1390//838
f 1326//838 1328//838 1388//838
f 1387//839 1326//839 1388//839
f 1324//839 1326//839 1387//839
f 1385//840 1324//840 1387//840
f 1322//840 1324//840 1385//840
f 1383//841 1322//841 1385//841
f 1320//842 1322//842 1383//842
f 1381//843 1320//843 1383//843
f 1318//843 1320//843 1381//843
f 1380//844 1318//844 1381//844
f 1316//844 1318//844 1380//844
f 1378//845 1316//845 1380//845
f 1314//845 1316//845 1378//845
f 1374//846 1314//846 1378//846
f 1312//846 1314//846 1374//846
f 1486//847 1487//847 1488//847
f 1489//847 1487//847 1486//847
f 1490//848 1489//848 1486//848
f 1491//848 1489//848 1490//848
f 1492//849 1491//849 1490//849
f 1493//849 1491//849 1492//849
f 1494//850 1493//850 1492//850
f 1495//850 1493//850 1494//850
f 1496//851 1495//851 1494//851
f 1497//851 1495//851 1496//851
f 1498//852 1497//852 1496//852
f 1499//852 1497//852 1498//852
f 1500//853 1499//853 1498//853
f 1501//853 1499//853 1500//853
f 1502//854 1501//854 1500//854
f 1503//854 1501//854 1502//854
f 1504//855 1503//855 1502//855
f 1505//856 1503//856 1504//856
f 1506//857 1505//857 1504//857
f 1507//857 1505//857 1506//857
f 1508//858 1507//858 1506//858
f 1509//858 1507//858 1508//858
f 1510//859 1509//859 1508//859
f 1511//859 1509//859 1510//859
f 1512//860 1511//860 1510//860
f 1513//861 1511//861 1512//861
f 1514//862 1513//862 1512//862
f 1515//862 1513//862 1514//862
f 1516//863 1515//863 1514//863
f 1517//863 1515//863 1516//863
f 1518//864 1517//864 1516//864
f 1519//864 1517//864 1518//864
f 1520//865 1519//865 1518//865
f 1521//866 1519//866 1520//866
f 1522//867 1521//867 1520//867
f 1523//868 1521//868 1522//868
f 1524//869 1523//869 1522//869
f 1525//870 1523//870 1524//870
f 1526//871 1525//871 1524//871
f 1527//871 1525//871 1526//871
f 1528//872 1527//872 1526//872
f 1529//872 1527//872 1528//872
f 1530//873 1529//873 1528//873
f 1531//873 1529//873 1530//873
f 1532//874 1531//874 1530//874
f 1533//875 1531//875 1532//875
f 1534//876 1533//876 1532//876
f 1535//877 1533//877 1534//877
f 1536//878 1535//878 1534//878
f 1537//878 1535//878 1536//878
f 1538//879 1537//879 1536//879
f 1539//879 1537//879 1538//879
f 1540//880 1539//880 1538//880
f 1541//880 1539//880 1540//880
f 1542//881 1541//881 1540//881
f 1543//881 1541//881 1542//881
f 1544//882 1543//882 1542//882
f 1545//882 1543//882 1544//882
f 1546//883 1545//883 1544//883
f 1547//883 1545//883 1546//883
f 1548//884 1547//884 1546//884
f 1549//884 1547//884 1548//884
f 1550//885 1549//885 1548//885
f 1551//885 1549//885 1550//885
f 1552//886 1551//886 1550//886
f 1553//886 1551//886 1552//886
f 1554//887 1553//887 1552//887
f 1555//887 1553//887 1554//887
f 1556//888 1555//888 1554//888
f 1557//888 1555//888 1556//888
f 1558//889 1557//889 1556//889
f 1559//889 1557//889 1558//889
f 1560//890 1559//890 1558//890
f 1561//890 1559//890 1560//890
f 1562//891 1561//891 1560//891
f 1563//891 1561//891 1562//891
f 1564//892 1563//892 1562//892
f 1565//892 1563//892 1564//892
f 1566//893 1565//893 1564//893
f 1567//893 1565//893 1566//893
f 1568//894 1567//894 1566//894
f 1569//894 1567//894 1568//894
f 1570//895 1569//895 1568//895
f 1571//895 1569//895 1570//895
f 1572//896 1571//896 1570//896
f 1573//896 1571//896 1572//896
f 1574//897 1573//897 1572//897
f 1575//897 1573//897 1574//897
f 1576//898 1575//898 1574//898
f 1577//899 1575//899 1576//899
f 1578//900 1577//900 1576//900
f 1579//901 1577//901 1578//901
f 1580//902 1579//902 1578//902
f 1581//903 1579//903 1580//903
f 1582//904 1581//904 1580//904
f 1583//905 1581//905 1582//905
f 1584//906 1583//906 1582//906
f 1585//906 1583//906 1584//906
f 1586//907 1585//907 1584//907
f 1587//908 1585//908 1586//908
f 1588//909 1587//909 1586//909
f 1589//909 1587//909 1588//909
f 1590//910 1589//910 1588//910
f 1591//910 1589//910 1590//910
f 1592//911 1591//911 1590//911
f 1593//911 1591//911 1592//911
f 1594//912 1593//912 1592//912
f 1595//912 1593//912 1594//912
f 1596//913 1595//913 1594//913
f 1597//914 1595//914 1596//914
f 1598//915 1597//915 1596//915
f 1599//916 1597//916 1598//916
f 1600//917 1599//917 1598//917
f 1601//917 1599//917 1600//917
f 1602//918 1601//918 1600//918
f 1603//918 1601//918 1602//918
f 1604//919 1603//919 1602//919
f 1605//919 1603//919 1604//919
f 1606//756 1605//756 1604//756
f 1607//756 1605//756 1606//756
f 1608//920 1607//920 1606//920
f 1609//920 1607//920 1608//920
f 1610//921 1609//921 1608//921
f 1611//921 1609//921 1610//921
f 1612//922 1611//922 1610//922
f 1613//922 1611//922 1612//922
f 1614//923 1613//923 1612//923
f 1615//923 1613//923 1614//923
f 1616//924 1615//924 1614//924
f 1617//924 1615//924 1616//924
f 1618//925 1617//925 1616//925
f 1619//925 1617//925 1618//925
f 1620//926 1619//926 1618//926
f 1621//926 1619//926 1620//926
f 1622//927 1621//927 1620//927
f 1623//928 1621//928 1622//928
f 1624//929 1623//929 1622//929
f 1625//930 1623//930 1624//930
f 1626//931 1625//931 1624//931
f 1627//932 1625//932 1626//932
f 1628//933 1627//933 1626//933
f 1629//933 1627//933 1628//933
f 1630//934 1629//934 1628//934
f 1631//934 1629//934 1630//934
f 1632//935 1631//935 1630//935
f 1633//936 1631//936 1632//936
f 1634//937 1633//937 1632//937
f 1635//937 1633//937 1634//937
f 1636//938 1635//938 1634//938
f 1637//938 1635//938 1636//938
f 1638//939 1637//939 1636//939
f 1639//940 1637//940 1638//940
f 1640//941 1639//941 1638//941
f 1641//942 1639//942 1640//942
f 1642//943 1641//943 1640//943
f 1643//943 1641//943 1642//943
f 1644//944 1643//944 1642//944
f 1645//944 1643//944 1644//944
f 1646//945 1645//945 1644//945
f 1647//945 1645//945 1646//945
f 1648//946 1647//946 1646//946
f 1649//946 1647//946 1648//946
f 1650//947 1649//947 1648//947
f 1651//948 1649//948 1650//948
f 1652//949 1651//949 1650//949
f 1653//949 1651//949 1652//949
f 1654//950 1653//950 1652//950
f 1655//950 1653//950 1654//950
f 1656//951 1655//951 1654//951
f 1657//951 1655//951 1656//951
f 1658//952 1657//952 1656//952
f 1659//952 1657//952 1658//952
f 1660//953 1659//953 1658//953
f 1661//954 1659//954 1660//954
f 1662//955 1661//955 1660//955
f 1663//955 1661//955 1662//955
f 1664//956 1663//956 1662//956
f 1665//956 1663//956 1664//956
f 1666//957 1665//957 1664//957
f 1667//957 1665//957 1666//957
f 1668//958 1667//958 1666//958
f 1669//958 1667//958 1668//958
f 1670//959 1669//959 1668//959
f 1671//959 1669//959 1670//959
f 1672//960 1671//960 1670//960
f 1673//960 1671//960 1672//960
f 1674//961 1673//961 1672//961
f 1675//961 1673//961 1674//961
f 1676//962 1675//962 1674//962
f 1677//962 1675//962 1676//962
f 1678//963 1677//963 1676//963
f 1679//963 1677//963 1678//963
f 1680//964 1679//964 1678//964
f 1681//964 1679//964 1680//964
f 1682//965 1681//965 1680//965
f 1683//965 1681//965 1682//965
f 1684//966 1683//966 1682//966
f 1685//966 1683//966 1684//966
f 1686//967 1685//967 1684//967
f 1687//968 1685//968 1686//968
f 1688//969 1687//969 1686//969
f 1689//970 1687//970 1688//970
f 1690//971 1689//971 1688//971
f 1691//971 1689//971 1690//971
f 1692//972 1691//972 1690//972
f 1693//972 1691//972 1692//972
f 1694//973 1693//973 1692//973
f 1695//973 1693//973 1694//973
f 1696//974 1695//974 1694//974
f 1697//974 1695//974 1696//974
f 1698//975 1697//975 1696//975
f 1699//976 1697//976 1698//976
f 1700//977 1699//977 1698//977
f 1701//977 1699//977 1700//977
f 1702//978 1701//978 1700//978
f 1703//978 1701//978 1702//978
f 1704//979 1703//979 1702//979
f 1705//979 1703//979 1704//979
f 1706//980 1705//980 1704//980
f 1707//980 1705//980 1706//980
f 1708//981 1707//981 1706//981
f 1709//981 1707//981 1708//981
f 1710//982 1711//982 1712//982
f 1713//982 1711//982 1710//982
f 1714//983 1713//983 1710//983
f 1715//983 1713//983 1714//983
f 1716//984 1715//984 1714//984
f 1717//985 1715//985 1716//985
f 1488//581 1717//581 1716//581
f 1487//581 1717//581 1488//581
f 1718//986 1709//986 1708//986
f 1719//986 1709//986 1718//986
f 1720//987 1719//987 1718//987
f 1721//987 1719//987 1720//987
f 1722//988 1721//988 1720//988
f 1723//988 1721//988 1722//988
f 1724//989 1723//989 1722//989
f 1725//989 1723//989 1724//989
f 1712//990 1725//990 1724//990
f 1711//991 1725//991 1712//991
f 1726//1 1727//1 1728//1
f 1729//1 1727//1 1726//1
f 1730//1 1729//1 1726//1
f 1731//1 1728//1 1727//1
f 1732//1 1728//1 1731//1
f 1733//1 1732//1 1731//1
f 1734//1 1732//1 1733//1
f 1735//1 1734//1 1733//1
f 1736//1 1734//1 1735//1
f 1737//1 1736//1 1735//1
f 1738//1 1736//1 1737//1
f 1739//1 1738//1 1737//1
f 1740//1 1738//1 1739//1
f 1741//1 1740//1 1739//1
f 1742//1 1740//1 1741//1
f 1743//1 1742//1 1741//1
f 1744//1 1742//1 1743//1
f 1745//1 1744//1 1743//1
f 1746//1 1744//1 1745//1
f 1747//1 1746//1 1745//1
f 1748//1 1746//1 1747//1
f 1749//1 1748//1 1747//1
f 1750//1 1748//1 1749//1
f 1751//1 1750//1 1749//1
f 1752//1 1750//1 1751//1
f 1753//1 1752//1 1751//1
f 1754//1 1752//1 1753//1
f 1755//1 1752//1 1754//1
f 1756//1 1755//1 1754//1
f 1757//1 1755//1 1756//1
f 1758//1 1757//1 1756//1
f 1759//1 1757//1 1758//1
f 1760//1 1759//1 1758//1
f 1761//1 1759//1 1760//1
f 1762//1 1761//1 1760//1
f 1763//1 1761//1 1762//1
f 1764//1 1763//1 1762//1
f 1765//1 1763//1 1764//1
f 1766//1 1765//1 1764//1
f 1767//1 1765//1 1766//1
f 1768//1 1767//1 1766//1
f 1769//1 1767//1 1768//1
f 1770//1 1769//1 1768//1
f 1771//1 1769//1 1770//1
f 1772//1 1771//1 1770//1
f 1773//1 1771//1 1772//1
f 1774//1 1773//1 1772//1
f 1775//1 1773//1 1774//1
f 1776//1 1775//1 1774//1
f 1777//1 1775//1 1776//1
f 1778//1 1777//1 1776//1
f 1779//1 1777//1 1778//1
f 1780//1 1777//1 1779//1
f 1781//1 1780//1 1779//1
f 1782//1 1780//1 1781//1
f 1783//1 1782//1 1781//1
f 1784//1 1782//1 1783//1
f 1785//1 1784//1 1783//1
f 1786//1 1784//1 1785//1
f 1787//1 1786//1 1785//1
f 1788//1 1786//1 1787//1
f 1789//1 1788//1 1787//1
f 1790//1 1788//1 1789//1
f 1791//1 1790//1 1789//1
f 1792//1 1790//1 1791//1
f 1793//1 1792//1 1791//1
f 1794//1 1792//1 1793//1
f 1795//1 1794//1 1793//1
f 1796//1 1794//1 1795//1
f 1797//1 1796//1 1795//1
f 1798//1 1796//1 1797//1
f 1799//1 1798//1 1797//1
f 1800//1 1798//1 1799//1
f 1801//1 1800//1 1799//1
f 1802//1 1800//1 1801//1
f 1803//1 1802//1 1801//1
f 1804//1 1802//1 1803//1
f 1805//1 1804//1 1803//1
f 1806//1 1804//1 1805//1
f 1807//1 1804//1 1806//1
f 1808//1 1807//1 1806//1
f 1809//1 1807//1 1808//1
f 1810//1 1809//1 1808//1
f 1811//1 1809//1 1810//1
f 1812//1 1811//1 1810//1
f 1813//1 1811//1 1812//1
f 1814//1 1813//1 1812//1
f 1815//1 1813//1 1814//1
f 1816//1 1815//1 1814//1
f 1817//1 1815//1 1816//1
f 1818//1 1817//1 1816//1
f 1819//1 1817//1 1818//1
f 1820//1 1819//1 1818//1
f 1821//1 1819//1 1820//1
f 1822//1 1821//1 1820//1
f 1823//1 1821//1 1822//1
f 1824//1 1823//1 1822//1
f 1825//1 1823//1 1824//1
f 1826//1 1825//1 1824//1
f 1827//1 1825//1 1826//1
f 1828//1 1827//1 1826//1
f 1829//1 1827//1 1828//1
f 1830//1 1829//1 1828//1
f 1831//1 1829//1 1830//1
f 1832//1 1829//1 1831//1
f 1833//1 1832//1 1831//1
f 1834//1 1832//1 1833//1
f 1835//1 1834//1 1833//1
f 1836//1 1834//1 1835//1
f 1837//1 1836//1 1835//1
f 1838//1 1836//1 1837//1
f 1839//1 1838//1 1837//1
f 1840//1 1838//1 1839//1
f 1841//1 1840//1 1839//1
f 1842//1 1840//1 1841//1
f 1843//1 1842//1 1841//1
f 1844//1 1842//1 1843//1
f 1845//1 1844//1 1843//1
f 1846//1 1844//1 1845//1
f 1847//1 1846//1 1845//1
f 1848//1 1846//1 1847//1
f 1849//1 1848//1 1847//1
f 1850//1 1848//1 1849//1
f 1851//1 1850//1 1849//1
f 1852//1 1850//1 1851//1
f 1730//1 1852//1 1851//1
f 1726//1 1852//1 1730//1
f 1711//63 1487//63 1725//63
f 1717//63 1487//63 1711//63
f 1715//63 1717//63 1711//63
f 1725//63 1853//63 1723//63
f 1854//63 1853//63 1725//63
f 1489//63 1854//63 1725//63
f 1855//63 1854//63 1489//63
f 1491//63 1855//63 1489//63
f 1856//63 1855//63 1491//63
f 1493//63 1856//63 1491//63
f 1857//63 1856//63 1493//63
f 1858//63 1857//63 1493//63
f 1859//63 1723//63 1853//63
f 1721//63 1723//63 1859//63
f 1860//63 1721//63 1859//63
f 1719//63 1721//63 1860//63
f 1861//63 1719//63 1860//63
f 1699//63 1719//63 1861//63
f 1862//63 1699//63 1861//63
f 1697//63 1699//63 1862//63
f 1863//63 1697//63 1862//63
f 1695//63 1697//63 1863//63
f 1864//63 1695//63 1863//63
f 1865//63 1695//63 1864//63
f 1693//63 1695//63 1865//63
f 1866//63 1693//63 1865//63
f 1691//63 1693//63 1866//63
f 1867//63 1691//63 1866//63
f 1689//63 1691//63 1867//63
f 1868//63 1689//63 1867//63
f 1677//63 1689//63 1868//63
f 1869//63 1677//63 1868//63
f 1675//63 1677//63 1869//63
f 1870//63 1675//63 1869//63
f 1673//63 1675//63 1870//63
f 1871//63 1673//63 1870//63
f 1671//63 1673//63 1871//63
f 1872//63 1671//63 1871//63
f 1659//63 1671//63 1872//63
f 1873//63 1659//63 1872//63
f 1657//63 1659//63 1873//63
f 1874//63 1657//63 1873//63
f 1655//63 1657//63 1874//63
f 1875//63 1655//63 1874//63
f 1653//63 1655//63 1875//63
f 1876//63 1653//63 1875//63
f 1877//63 1653//63 1876//63
f 1651//63 1653//63 1877//63
f 1878//63 1651//63 1877//63
f 1649//63 1651//63 1878//63
f 1879//63 1649//63 1878//63
f 1637//63 1649//63 1879//63
f 1880//63 1637//63 1879//63
f 1635//63 1637//63 1880//63
f 1881//63 1635//63 1880//63
f 1633//63 1635//63 1881//63
f 1882//63 1633//63 1881//63
f 1631//63 1633//63 1882//63
f 1883//63 1631//63 1882//63
f 1619//63 1631//63 1883//63
f 1884//63 1619//63 1883//63
f 1617//63 1619//63 1884//63
f 1885//63 1617//63 1884//63
f 1615//63 1617//63 1885//63
f 1886//63 1615//63 1885//63
f 1613//63 1615//63 1886//63
f 1887//63 1613//63 1886//63
f 1888//63 1613//63 1887//63
f 1611//63 1613//63 1888//63
f 1889//63 1611//63 1888//63
f 1609//63 1611//63 1889//63
f 1890//63 1609//63 1889//63
f 1597//63 1609//63 1890//63
f 1891//63 1597//63 1890//63
f 1595//63 1597//63 1891//63
f 1892//63 1595//63 1891//63
f 1593//63 1595//63 1892//63
f 1893//63 1593//63 1892//63
f 1591//63 1593//63 1893//63
f 1894//63 1591//63 1893//63
f 1579//63 1591//63 1894//63
f 1895//63 1579//63 1894//63
f 1577//63 1579//63 1895//63
f 1896//63 1577//63 1895//63
f 1575//63 1577//63 1896//63
f 1897//63 1575//63 1896//63
f 1898//63 1575//63 1897//63
f 1573//63 1575//63 1898//63
f 1899//63 1573//63 1898//63
f 1571//63 1573//63 1899//63
f 1900//63 1571//63 1899//63
f 1569//63 1571//63 1900//63
f 1901//63 1569//63 1900//63
f 1557//63 1569//63 1901//63
f 1902//63 1557//63 1901//63
f 1555//63 1557//63 1902//63
f 1903//63 1555//63 1902//63
f 1553//63 1555//63 1903//63
f 1904//63 1553//63 1903//63
f 1551//63 1553//63 1904//63
f 1905//63 1551//63 1904//63
f 1539//63 1551//63 1905//63
f 1906//63 1539//63 1905//63
f 1537//63 1539//63 1906//63
f 1907//63 1537//63 1906//63
f 1535//63 1537//63 1907//63
f 1908//63 1535//63 1907//63
f 1533//63 1535//63 1908//63
f 1909//63 1533//63 1908//63
f 1910//63 1533//63 1909//63
f 1531//63 1533//63 1910//63
f 1911//63 1531//63 1910//63
f 1529//63 1531//63 1911//63
f 1912//63 1529//63 1911//63
f 1517//63 1529//63 1912//63
f 1913//63 1517//63 1912//63
f 1515//63 1517//63 1913//63
f 1914//63 1515//63 1913//63
f 1513//63 1515//63 1914//63
f 1915//63 1513//63 1914//63
f 1511//63 1513//63 1915//63
f 1916//63 1511//63 1915//63
f 1499//63 1511//63 1916//63
f 1917//63 1499//63 1916//63
f 1497//63 1499//63 1917//63
f 1918//63 1497//63 1917//63
f 1495//63 1497//63 1918//63
f 1858//63 1495//63 1918//63
f 1493//63 1495//63 1858//63
f 1701//63 1719//63 1699//63
f 1709//63 1719//63 1701//63
f 1707//63 1709//63 1701//63
f 1701//63 1705//63 1707//63
f 1703//63 1705//63 1701//63
f 1677//63 1687//63 1689//63
f 1679//63 1687//63 1677//63
f 1681//63 1687//63 1679//63
f 1683//63 1687//63 1681//63
f 1685//63 1687//63 1683//63
f 1661//63 1671//63 1659//63
f 1669//63 1671//63 1661//63
f 1667//63 1669//63 1661//63
f 1661//63 1665//63 1667//63
f 1663//63 1665//63 1661//63
f 1637//63 1647//63 1649//63
f 1639//63 1647//63 1637//63
f 1641//63 1647//63 1639//63
f 1643//63 1647//63 1641//63
f 1645//63 1647//63 1643//63
f 1621//63 1631//63 1619//63
f 1629//63 1631//63 1621//63
f 1623//63 1629//63 1621//63
f 1625//63 1629//63 1623//63
f 1627//63 1629//63 1625//63
f 1597//63 1607//63 1609//63
f 1599//63 1607//63 1597//63
f 1605//63 1607//63 1599//63
f 1603//63 1605//63 1599//63
f 1599//63 1601//63 1603//63
f 1581//63 1591//63 1579//63
f 1589//63 1591//63 1581//63
f 1587//63 1589//63 1581//63
f 1581//63 1585//63 1587//63
f 1583//63 1585//63 1581//63
f 1557//63 1567//63 1569//63
f 1559//63 1567//63 1557//63
f 1561//63 1567//63 1559//63
f 1563//63 1567//63 1561//63
f 1565//63 1567//63 1563//63
f 1541//63 1551//63 1539//63
f 1549//63 1551//63 1541//63
f 1547//63 1549//63 1541//63
f 1541//63 1545//63 1547//63
f 1543//63 1545//63 1541//63
f 1517//63 1527//63 1529//63
f 1519//63 1527//63 1517//63
f 1521//63 1527//63 1519//63
f 1523//63 1527//63 1521//63
f 1525//63 1527//63 1523//63
f 1501//63 1511//63 1499//63
f 1509//63 1511//63 1501//63
f 1503//63 1509//63 1501//63
f 1505//63 1509//63 1503//63
f 1507//63 1509//63 1505//63
f 1725//63 1487//63 1489//63
f 1711//63 1713//63 1715//63
f 1870//992 1789//992 1871//992
f 1791//992 1789//992 1870//992
f 1869//993 1791//993 1870//993
f 1793//993 1791//993 1869//993
f 1868//994 1793//994 1869//994
f 1795//994 1793//994 1868//994
f 1867//995 1795//995 1868//995
f 1797//995 1795//995 1867//995
f 1866//996 1797//996 1867//996
f 1799//996 1797//996 1866//996
f 1865//997 1799//997 1866//997
f 1801//997 1799//997 1865//997
f 1864//973 1801//973 1865//973
f 1803//973 1801//973 1864//973
f 1863//998 1803//998 1864//998
f 1805//998 1803//998 1863//998
f 1862//999 1805//999 1863//999
f 1806//999 1805//999 1862//999
f 1861//1000 1806//1000 1862//1000
f 1808//1000 1806//1000 1861//1000
f 1860//1001 1808//1001 1861//1001
f 1810//1001 1808//1001 1860//1001
f 1859//1002 1810//1002 1860//1002
f 1812//1002 1810//1002 1859//1002
f 1853//1003 1812//1003 1859//1003
f 1814//1004 1812//1004 1853//1004
f 1854//1005 1814//1005 1853//1005
f 1816//1005 1814//1005 1854//1005
f 1855//1006 1816//1006 1854//1006
f 1818//1006 1816//1006 1855//1006
f 1856//1007 1818//1007 1855//1007
f 1820//1008 1818//1008 1856//1008
f 1857//1009 1820//1009 1856//1009
f 1822//1009 1820//1009 1857//1009
f 1858//850 1822//850 1857//850
f 1824//850 1822//850 1858//850
f 1918//1010 1824//1010 1858//1010
f 1826//1011 1824//1011 1918//1011
f 1917//1012 1826//1012 1918//1012
f 1828//1012 1826//1012 1917//1012
f 1916//1013 1828//1013 1917//1013
f 1830//1013 1828//1013 1916//1013
f 1915//1014 1830//1014 1916//1014
f 1831//1015 1830//1015 1915//1015
f 1914//1016 1831//1016 1915//1016
f 1833//1016 1831//1016 1914//1016
f 1913//1017 1833//1017 1914//1017
f 1835//1017 1833//1017 1913//1017
f 1912//1018 1835//1018 1913//1018
f 1837//1018 1835//1018 1912//1018
f 1911//1019 1837//1019 1912//1019
f 1839//1019 1837//1019 1911//1019
f 1910//1020 1839//1020 1911//1020
f 1841//1020 1839//1020 1910//1020
f 1909//1021 1841//1021 1910//1021
f 1843//1021 1841//1021 1909//1021
f 1908//877 1843//877 1909//877
f 1845//877 1843//877 1908//877
f 1907//1022 1845//1022 1908//1022
f 1847//1022 1845//1022 1907//1022
f 1906//1023 1847//1023 1907//1023
f 1849//1023 1847//1023 1906//1023
f 1905//1024 1849//1024 1906//1024
f 1851//1024 1849//1024 1905//1024
f 1904//1025 1851//1025 1905//1025
f 1730//1025 1851//1025 1904//1025
f 1903//1026 1730//1026 1904//1026
f 1729//1026 1730//1026 1903//1026
f 1902//1027 1729//1027 1903//1027
f 1727//1027 1729//1027 1902//1027
f 1901//1028 1727//1028 1902//1028
f 1731//1028 1727//1028 1901//1028
f 1900//1029 1731//1029 1901//1029
f 1733//1029 1731//1029 1900//1029
f 1899//1030 1733//1030 1900//1030
f 1735//1030 1733//1030 1899//1030
f 1898//1031 1735//1031 1899//1031
f 1737//1031 1735//1031 1898//1031
f 1897//897 1737//897 1898//897
f 1739//897 1737//897 1897//897
f 1896//1032 1739//1032 1897//1032
f 1741//1032 1739//1032 1896//1032
f 1895//1033 1741//1033 1896//1033
f 1743//1033 1741//1033 1895//1033
f 1894//1034 1743//1034 1895//1034
f 1745//1034 1743//1034 1894//1034
f 1893//1035 1745//1035 1894//1035
f 1747//1036 1745//1036 1893//1036
f 1892//1037 1747//1037 1893//1037
f 1749//1037 1747//1037 1892//1037
f 1891//1038 1749//1038 1892//1038
f 1751//1038 1749//1038 1891//1038
f 1890//1039 1751//1039 1891//1039
f 1753//1039 1751//1039 1890//1039
f 1889//1040 1753//1040 1890//1040
f 1754//1040 1753//1040 1889//1040
f 1888//1041 1754//1041 1889//1041
f 1756//1041 1754//1041 1888//1041
f 1887//1042 1756//1042 1888//1042
f 1758//1043 1756//1043 1887//1043
f 1886//923 1758//923 1887//923
f 1760//923 1758//923 1886//923
f 1885//1044 1760//1044 1886//1044
f 1762//1044 1760//1044 1885//1044
f 1884//1045 1762//1045 1885//1045
f 1764//1045 1762//1045 1884//1045
f 1883//1046 1764//1046 1884//1046
f 1766//1046 1764//1046 1883//1046
f 1882//1047 1766//1047 1883//1047
f 1768//1047 1766//1047 1882//1047
f 1881//1048 1768//1048 1882//1048
f 1770//1048 1768//1048 1881//1048
f 1880//1049 1770//1049 1881//1049
f 1772//1049 1770//1049 1880//1049
f 1879//1050 1772//1050 1880//1050
f 1774//1050 1772//1050 1879//1050
f 1878//1051 1774//1051 1879//1051
f 1776//1051 1774//1051 1878//1051
f 1877//1052 1776//1052 1878//1052
f 1778//1052 1776//1052 1877//1052
f 1876//1053 1778//1053 1877//1053
f 1779//1053 1778//1053 1876//1053
f 1875//950 1779//950 1876//950
f 1781//950 1779//950 1875//950
f 1874//1054 1781//1054 1875//1054
f 1783//1054 1781//1054 1874//1054
f 1873//1055 1783//1055 1874//1055
f 1785//1055 1783//1055 1873//1055
f 1872//1056 1785//1056 1873//1056
f 1787//1056 1785//1056 1872//1056
f 1871//1057 1787//1057 1872//1057
f 1789//1057 1787//1057 1871//1057
f 1919//1058 1708//1058 1920//1058
f 1921//1059 1708//1059 1919//1059
f 1922//1060 1921//1060 1919//1060
f 1923//1060 1921//1060 1922//1060
f 1924//1061 1923//1061 1922//1061
f 1925//1061 1923//1061 1924//1061
f 1926//1062 1925//1062 1924//1062
f 1927//1063 1925//1063 1926//1063
f 1928//1064 1927//1064 1926//1064
f 1929//1064 1927//1064 1928//1064
f 1930//1065 1929//1065 1928//1065
f 1712//1065 1929//1065 1930//1065
f 1931//1066 1508//1066 1932//1066
f 1933//1067 1508//1067 1931//1067
f 1934//1068 1933//1068 1931//1068
f 1935//1068 1933//1068 1934//1068
f 1936//1069 1935//1069 1934//1069
f 1937//1069 1935//1069 1936//1069
f 1938//1070 1937//1070 1936//1070
f 1939//1071 1937//1071 1938//1071
f 1940//1072 1939//1072 1938//1072
f 1941//1072 1939//1072 1940//1072
f 1942//1073 1941//1073 1940//1073
f 1518//1073 1941//1073 1942//1073
f 1943//1074 1548//1074 1944//1074
f 1945//1074 1548//1074 1943//1074
f 1946//1075 1945//1075 1943//1075
f 1947//1075 1945//1075 1946//1075
f 1948//1076 1947//1076 1946//1076
f 1949//1077 1947//1077 1948//1077
f 1950//1078 1949//1078 1948//1078
f 1951//1078 1949//1078 1950//1078
f 1952//1079 1951//1079 1950//1079
f 1953//1079 1951//1079 1952//1079
f 1954//1080 1953//1080 1952//1080
f 1558//1080 1953//1080 1954//1080
f 1955//1081 1588//1081 1956//1081
f 1957//1082 1588//1082 1955//1082
f 1958//1083 1957//1083 1955//1083
f 1959//1083 1957//1083 1958//1083
f 1960//1084 1959//1084 1958//1084
f 1961//1084 1959//1084 1960//1084
f 1962//1085 1961//1085 1960//1085
f 1963//1086 1961//1086 1962//1086
f 1964//1087 1963//1087 1962//1087
f 1965//1087 1963//1087 1964//1087
f 1966//1088 1965//1088 1964//1088
f 1598//1088 1965//1088 1966//1088
f 1967//1089 1920//1089 1708//1089
f 1968//1089 1920//1089 1967//1089
f 1969//1090 1968//1090 1967//1090
f 1970//1091 1968//1091 1969//1091
f 1971//1092 1970//1092 1969//1092
f 1972//1092 1970//1092 1971//1092
f 1973//1093 1972//1093 1971//1093
f 1974//1094 1972//1094 1973//1094
f 1700//1095 1974//1095 1973//1095
f 1975//1095 1974//1095 1700//1095
f 1976//1096 1678//1096 1977//1096
f 1978//1096 1678//1096 1976//1096
f 1979//1097 1978//1097 1976//1097
f 1980//1097 1978//1097 1979//1097
f 1981//1098 1980//1098 1979//1098
f 1982//1098 1980//1098 1981//1098
f 1983//1099 1982//1099 1981//1099
f 1984//1099 1982//1099 1983//1099
f 1985//1100 1984//1100 1983//1100
f 1686//1100 1984//1100 1985//1100
f 1986//1101 1488//1101 1987//1101
f 1988//1101 1488//1101 1986//1101
f 1989//1102 1988//1102 1986//1102
f 1990//1102 1988//1102 1989//1102
f 1991//1103 1990//1103 1989//1103
f 1992//1103 1990//1103 1991//1103
f 1993//1104 1992//1104 1991//1104
f 1994//1104 1992//1104 1993//1104
f 1995//850 1994//850 1993//850
f 1996//1105 1994//1105 1995//1105
f 1997//1106 1996//1106 1995//1106
f 1998//1106 1996//1106 1997//1106
f 1999//1107 1998//1107 1997//1107
f 2000//1107 1998//1107 1999//1107
f 2001//1108 2000//1108 1999//1108
f 2002//1108 2000//1108 2001//1108
f 2003//1109 2002//1109 2001//1109
f 1500//1110 2002//1110 2003//1110
f 2004//1111 1944//1111 1548//1111
f 2005//1111 1944//1111 2004//1111
f 2006//1112 2005//1112 2004//1112
f 2007//1112 2005//1112 2006//1112
f 2008//1113 2007//1113 2006//1113
f 2009//1113 2007//1113 2008//1113
f 2010//1114 2009//1114 2008//1114
f 2011//1115 2009//1115 2010//1115
f 1540//1116 2011//1116 2010//1116
f 2012//1116 2011//1116 1540//1116
f 2013//1117 1518//1117 1942//1117
f 2014//1118 1518//1118 2013//1118
f 2015//1119 2014//1119 2013//1119
f 2016//1119 2014//1119 2015//1119
f 2017//1120 2016//1120 2015//1120
f 2018//1120 2016//1120 2017//1120
f 2019//1121 2018//1121 2017//1121
f 2020//1121 2018//1121 2019//1121
f 2021//1122 2020//1122 2019//1122
f 1526//1122 2020//1122 2021//1122
f 2022//1123 1566//1123 2023//1123
f 2024//1123 1566//1123 2022//1123
f 2025//1124 2024//1124 2022//1124
f 2026//1125 2024//1125 2025//1125
f 2027//1126 2026//1126 2025//1126
f 2028//1126 2026//1126 2027//1126
f 2029//1127 2028//1127 2027//1127
f 2030//1128 2028//1128 2029//1128
f 2031//897 2030//897 2029//897
f 2032//897 2030//897 2031//897
f 2033//1129 2032//1129 2031//1129
f 2034//1130 2032//1130 2033//1130
f 2035//1131 2034//1131 2033//1131
f 2036//1131 2034//1131 2035//1131
f 2037//1132 2036//1132 2035//1132
f 2038//1132 2036//1132 2037//1132
f 2039//1133 2038//1133 2037//1133
f 1580//1134 2038//1134 2039//1134
f 2040//1135 2041//1135 1628//1135
f 2042//1135 2041//1135 2040//1135
f 2043//1136 2042//1136 2040//1136
f 2044//1136 2042//1136 2043//1136
f 2045//1137 2044//1137 2043//1137
f 2046//1138 2044//1138 2045//1138
f 2047//1139 2046//1139 2045//1139
f 2048//1140 2046//1140 2047//1140
f 1620//1141 2048//1141 2047//1141
f 2049//1142 2048//1142 1620//1142
f 2050//1143 1598//1143 1966//1143
f 2051//1144 1598//1144 2050//1144
f 2052//1145 2051//1145 2050//1145
f 2053//1145 2051//1145 2052//1145
f 2054//1146 2053//1146 2052//1146
f 2055//1146 2053//1146 2054//1146
f 2056//1147 2055//1147 2054//1147
f 2057//1147 2055//1147 2056//1147
f 2058//1148 2057//1148 2056//1148
f 1606//1148 2057//1148 2058//1148
f 2059//1149 1646//1149 2060//1149
f 2061//1149 1646//1149 2059//1149
f 2062//1150 2061//1150 2059//1150
f 2063//1151 2061//1151 2062//1151
f 2064//1152 2063//1152 2062//1152
f 2065//1153 2063//1153 2064//1153
f 2066//1154 2065//1154 2064//1154
f 2067//1154 2065//1154 2066//1154
f 2068//950 2067//950 2066//950
f 2069//1155 2067//1155 2068//1155
f 2070//1156 2069//1156 2068//1156
f 2071//1156 2069//1156 2070//1156
f 2072//1157 2071//1157 2070//1157
f 2073//1157 2071//1157 2072//1157
f 2074//1158 2073//1158 2072//1158
f 2075//1158 2073//1158 2074//1158
f 2076//1159 2075//1159 2074//1159
f 1660//1159 2075//1159 2076//1159
f 2077//1160 1638//1160 2078//1160
f 2079//1161 1638//1161 2077//1161
f 2080//1162 2079//1162 2077//1162
f 2081//1163 2079//1163 2080//1163
f 2082//1164 2081//1164 2080//1164
f 2083//1165 2081//1165 2082//1165
f 2084//1166 2083//1166 2082//1166
f 2085//1167 2083//1167 2084//1167
f 2060//1168 2085//1168 2084//1168
f 1646//1168 2085//1168 2060//1168
f 2049//63 2056//63 2048//63
f 2058//63 2056//63 2049//63
f 2086//63 2058//63 2049//63
f 2087//63 2058//63 2086//63
f 2088//63 2058//63 2087//63
f 2089//63 2058//63 2088//63
f 2090//63 2058//63 2089//63
f 2091//63 2090//63 2089//63
f 2092//63 2090//63 2091//63
f 2093//63 2092//63 2091//63
f 2054//63 2048//63 2056//63
f 2046//63 2048//63 2054//63
f 2052//63 2046//63 2054//63
f 2044//63 2046//63 2052//63
f 2050//63 2044//63 2052//63
f 2042//63 2044//63 2050//63
f 1966//63 2042//63 2050//63
f 2041//63 2042//63 1966//63
f 1954//63 2041//63 1966//63
f 2094//63 2041//63 1954//63
f 2095//63 2094//63 1954//63
f 1954//63 2096//63 2095//63
f 2097//63 2096//63 1954//63
f 2098//63 2097//63 1954//63
f 2098//63 1948//63 2078//63
f 1950//63 1948//63 2098//63
f 1952//63 1950//63 2098//63
f 2078//63 2099//63 2077//63
f 2100//63 2099//63 2078//63
f 1948//63 2100//63 2078//63
f 2101//63 2100//63 1948//63
f 1946//63 2101//63 1948//63
f 2102//63 2101//63 1946//63
f 2103//63 2102//63 1946//63
f 2104//63 2077//63 2099//63
f 2080//63 2077//63 2104//63
f 2105//63 2080//63 2104//63
f 2082//63 2080//63 2105//63
f 2106//63 2082//63 2105//63
f 2084//63 2082//63 2106//63
f 2076//63 2084//63 2106//63
f 2060//63 2084//63 2076//63
f 2074//63 2060//63 2076//63
f 2072//63 2060//63 2074//63
f 2070//63 2060//63 2072//63
f 2068//63 2060//63 2070//63
f 2066//63 2060//63 2068//63
f 2064//63 2060//63 2066//63
f 2062//63 2060//63 2064//63
f 2059//63 2060//63 2062//63
f 1943//63 2103//63 1946//63
f 2107//63 2103//63 1943//63
f 2108//63 2107//63 1943//63
f 1944//63 2108//63 1943//63
f 1977//63 2108//63 1944//63
f 1976//63 1977//63 1944//63
f 1944//63 1979//63 1976//63
f 1981//63 1979//63 1944//63
f 1942//63 1981//63 1944//63
f 1940//63 1981//63 1942//63
f 1920//63 1981//63 1940//63
f 1938//63 1920//63 1940//63
f 1936//63 1920//63 1938//63
f 1934//63 1920//63 1936//63
f 1931//63 1920//63 1934//63
f 1932//63 1920//63 1931//63
f 1919//63 1920//63 1932//63
f 1922//63 1919//63 1932//63
f 1981//63 1972//63 1983//63
f 1970//63 1972//63 1981//63
f 1968//63 1970//63 1981//63
f 1983//63 2109//63 1985//63
f 2110//63 2109//63 1983//63
f 2111//63 2110//63 1983//63
f 2109//63 2112//63 1985//63
f 2113//63 2112//63 2109//63
f 1983//63 2114//63 2111//63
f 2115//63 2114//63 1983//63
f 2116//63 2115//63 1983//63
f 1983//63 1975//63 2116//63
f 1974//63 1975//63 1983//63
f 1972//63 1974//63 1983//63
f 1981//63 1920//63 1968//63
f 1932//63 1924//63 1922//63
f 1926//63 1924//63 1932//63
f 1928//63 1926//63 1932//63
f 1932//63 1930//63 1928//63
f 2117//63 1930//63 1932//63
f 2118//63 1930//63 2117//63
f 2119//63 2118//63 2117//63
f 2120//1169 2118//1169 2119//1169
f 2121//63 2120//63 2119//63
f 2122//63 2120//63 2121//63
f 2123//63 2122//63 2121//63
f 2124//63 2122//63 2123//63
f 2003//63 2124//63 2123//63
f 1987//63 2124//63 2003//63
f 2001//63 1987//63 2003//63
f 1999//63 1987//63 2001//63
f 1997//63 1987//63 1999//63
f 1995//63 1987//63 1997//63
f 1986//63 1987//63 1995//63
f 1993//63 1986//63 1995//63
f 1989//63 1986//63 1993//63
f 1991//63 1989//63 1993//63
f 2005//63 1942//63 1944//63
f 2013//63 1942//63 2005//63
f 2007//63 2013//63 2005//63
f 2015//63 2013//63 2007//63
f 2009//63 2015//63 2007//63
f 2017//63 2015//63 2009//63
f 2011//63 2017//63 2009//63
f 2019//63 2017//63 2011//63
f 2012//63 2019//63 2011//63
f 2021//63 2019//63 2012//63
f 2125//63 2021//63 2012//63
f 2126//63 2021//63 2125//63
f 2127//63 2021//63 2126//63
f 2128//63 2021//63 2127//63
f 2129//63 2021//63 2128//63
f 2130//63 2021//63 2129//63
f 2131//63 2021//63 2130//63
f 2132//63 2021//63 2131//63
f 2098//63 1954//63 1952//63
f 1954//63 1956//63 2133//63
f 1955//63 1956//63 1954//63
f 1958//63 1955//63 1954//63
f 2134//63 2133//63 1956//63
f 2135//63 2133//63 2134//63
f 2136//63 2135//63 2134//63
f 2137//63 2135//63 2136//63
f 2138//63 2137//63 2136//63
f 2139//63 2137//63 2138//63
f 2140//63 2139//63 2138//63
f 2023//63 2139//63 2140//63
f 2039//63 2023//63 2140//63
f 2022//63 2023//63 2039//63
f 2025//63 2022//63 2039//63
f 2039//63 2027//63 2025//63
f 2029//63 2027//63 2039//63
f 2037//63 2029//63 2039//63
f 2031//63 2029//63 2037//63
f 2035//63 2031//63 2037//63
f 2033//63 2031//63 2035//63
f 1954//63 1960//63 1958//63
f 1962//63 1960//63 1954//63
f 1964//63 1962//63 1954//63
f 1954//63 1966//63 1964//63
f 2141//1170 2100//1170 1668//1170
f 2099//1170 2100//1170 2141//1170
f 2142//1171 2099//1171 2141//1171
f 2104//1171 2099//1171 2142//1171
f 2143//1172 2104//1172 2142//1172
f 2105//1172 2104//1172 2143//1172
f 2144//1173 2105//1173 2143//1173
f 2106//1174 2105//1174 2144//1174
f 1660//1175 2106//1175 2144//1175
f 2076//1175 2106//1175 1660//1175
f 2145//1176 1977//1176 1678//1176
f 2108//1176 1977//1176 2145//1176
f 2146//1177 2108//1177 2145//1177
f 2107//1177 2108//1177 2146//1177
f 2147//1178 2107//1178 2146//1178
f 2103//1178 2107//1178 2147//1178
f 2148//1179 2103//1179 2147//1179
f 2102//1179 2103//1179 2148//1179
f 2149//1180 2102//1180 2148//1180
f 2101//1180 2102//1180 2149//1180
f 1668//1181 2101//1181 2149//1181
f 2100//1181 2101//1181 1668//1181
f 2094//1182 1628//1182 2041//1182
f 2150//1182 1628//1182 2094//1182
f 2095//1183 2150//1183 2094//1183
f 2151//1183 2150//1183 2095//1183
f 2096//1184 2151//1184 2095//1184
f 2152//1184 2151//1184 2096//1184
f 2097//1185 2152//1185 2096//1185
f 2153//1186 2152//1186 2097//1186
f 2098//1187 2153//1187 2097//1187
f 2154//1187 2153//1187 2098//1187
f 2078//1188 2154//1188 2098//1188
f 1638//1188 2154//1188 2078//1188
f 2090//1189 1606//1189 2058//1189
f 2155//1189 1606//1189 2090//1189
f 2092//1190 2155//1190 2090//1190
f 2156//1190 2155//1190 2092//1190
f 2093//1191 2156//1191 2092//1191
f 2157//1191 2156//1191 2093//1191
f 2091//1192 2157//1192 2093//1192
f 2158//1192 2157//1192 2091//1192
f 2089//923 2158//923 2091//923
f 2159//1193 2158//1193 2089//1193
f 2088//1194 2159//1194 2089//1194
f 2160//1194 2159//1194 2088//1194
f 2087//1195 2160//1195 2088//1195
f 2161//1195 2160//1195 2087//1195
f 2086//1196 2161//1196 2087//1196
f 2162//1197 2161//1197 2086//1197
f 2049//1198 2162//1198 2086//1198
f 1620//1198 2162//1198 2049//1198
f 2133//1199 1558//1199 1954//1199
f 2163//1199 1558//1199 2133//1199
f 2135//1200 2163//1200 2133//1200
f 2164//1200 2163//1200 2135//1200
f 2137//1201 2164//1201 2135//1201
f 2165//1201 2164//1201 2137//1201
f 2139//1202 2165//1202 2137//1202
f 2166//1202 2165//1202 2139//1202
f 2023//1203 2166//1203 2139//1203
f 1566//1203 2166//1203 2023//1203
f 2167//1204 1956//1204 1588//1204
f 2134//1204 1956//1204 2167//1204
f 2168//1205 2134//1205 2167//1205
f 2136//1206 2134//1206 2168//1206
f 2169//1207 2136//1207 2168//1207
f 2138//1207 2136//1207 2169//1207
f 2170//1208 2138//1208 2169//1208
f 2140//1208 2138//1208 2170//1208
f 1580//1209 2140//1209 2170//1209
f 2039//1209 2140//1209 1580//1209
f 2132//1210 1526//1210 2021//1210
f 2171//1211 1526//1211 2132//1211
f 2131//1212 2171//1212 2132//1212
f 2172//1212 2171//1212 2131//1212
f 2130//1213 2172//1213 2131//1213
f 2173//1214 2172//1214 2130//1214
f 2129//1215 2173//1215 2130//1215
f 2174//1215 2173//1215 2129//1215
f 2128//877 2174//877 2129//877
f 2175//877 2174//877 2128//877
f 2127//1216 2175//1216 2128//1216
f 2176//1216 2175//1216 2127//1216
f 2126//1217 2176//1217 2127//1217
f 2177//1218 2176//1218 2126//1218
f 2125//1219 2177//1219 2126//1219
f 2178//1219 2177//1219 2125//1219
f 2012//1220 2178//1220 2125//1220
f 1540//1220 2178//1220 2012//1220
f 2118//1221 1712//1221 1930//1221
f 2179//1222 1712//1222 2118//1222
f 2120//1223 2179//1223 2118//1223
f 2180//1223 2179//1223 2120//1223
f 2122//1224 2180//1224 2120//1224
f 2181//1224 2180//1224 2122//1224
f 2124//1225 2181//1225 2122//1225
f 2182//1225 2181//1225 2124//1225
f 1987//1226 2182//1226 2124//1226
f 1488//1226 2182//1226 1987//1226
f 2183//1227 1932//1227 1508//1227
f 2117//1227 1932//1227 2183//1227
f 2184//1228 2117//1228 2183//1228
f 2119//1229 2117//1229 2184//1229
f 2185//1230 2119//1230 2184//1230
f 2121//1231 2119//1231 2185//1231
f 2186//1232 2121//1232 2185//1232
f 2123//1233 2121//1233 2186//1233
f 1500//1234 2123//1234 2186//1234
f 2003//1234 2123//1234 1500//1234
f 2112//1235 1686//1235 1985//1235
f 2187//1235 1686//1235 2112//1235
f 2113//1236 2187//1236 2112//1236
f 2188//1236 2187//1236 2113//1236
f 2109//1237 2188//1237 2113//1237
f 2189//1238 2188//1238 2109//1238
f 2110//1239 2189//1239 2109//1239
f 2190//1240 2189//1240 2110//1240
f 2111//973 2190//973 2110//973
f 2191//973 2190//973 2111//973
f 2114//1241 2191//1241 2111//1241
f 2192//1242 2191//1242 2114//1242
f 2115//1243 2192//1243 2114//1243
f 2193//1243 2192//1243 2115//1243
f 2116//1244 2193//1244 2115//1244
f 2194//1244 2193//1244 2116//1244
f 1975//1245 2194//1245 2116//1245
f 1700//1245 2194//1245 1975//1245
f 2195//1246 2196//1246 2197//1246
f 2198//1247 2196//1247 2195//1247
f 2199//1248 2198//1248 2195//1248
f 2195//1249 2200//1249 2199//1249
f 2201//1250 2200//1250 2195//1250
f 2202//1248 2201//1248 2195//1248
f 2195//315 2203//315 2202//315
f 2204//1251 2203//1251 2195//1251
f 2205//315 2204//315 2195//315
f 2195//315 2206//315 2205//315
f 2207//315 2206//315 2195//315
f 2208//1251 2207//1251 2195//1251
f 2195//315 2209//315 2208//315
f 2210//1252 2209//1252 2195//1252
f 2211//1251 2210//1251 2195//1251
f 2195//1253 2212//1253 2211//1253
f 2213//1254 2212//1254 2195//1254
f 2214//315 2213//315 2195//315
f 2195//315 2215//315 2214//315
f 2216//1255 2215//1255 2195//1255
f 2217//1255 2216//1255 2195//1255
f 2218//315 2217//315 2195//315
f 2219//315 2217//315 2218//315
f 2220//1255 2219//1255 2218//1255
f 2218//315 2221//315 2220//315
f 2222//1255 2221//1255 2218//1255
f 2223//1255 2222//1255 2218//1255
f 2218//1254 2224//1254 2223//1254
f 2225//1255 2224//1255 2218//1255
f 2226//315 2225//315 2218//315
f 2218//315 2227//315 2226//315
f 2228//1256 2227//1256 2218//1256
f 2229//1257 2228//1257 2218//1257
f 2230//1256 2229//1256 2218//1256
f 2231//1255 2229//1255 2230//1255
f 2232//1254 2231//1254 2230//1254
f 2233//1255 2231//1255 2232//1255
f 2234//1257 2233//1257 2232//1257
f 2235//1255 2233//1255 2234//1255
f 2236//315 2235//315 2234//315
f 2237//1254 2235//1254 2236//1254
f 2238//1255 2237//1255 2236//1255
f 2239//1256 2237//1256 2238//1256
f 2240//1254 2239//1254 2238//1254
f 2241//315 2239//315 2240//315
f 2242//315 2241//315 2240//315
f 2243//315 2241//315 2242//315
f 2244//1255 2243//1255 2242//1255
f 2245//315 2243//315 2244//315
f 2246//315 2245//315 2244//315
f 2247//1258 2245//1258 2246//1258
f 2248//1254 2247//1254 2246//1254
f 2249//1259 2247//1259 2248//1259
f 2250//1258 2249//1258 2248//1258
f 2251//1254 2249//1254 2250//1254
f 2252//1260 2251//1260 2250//1260
f 2253//1261 2251//1261 2252//1261
f 2254//1258 2253//1258 2252//1258
f 2255//1262 2253//1262 2254//1262
f 2256//1263 2255//1263 2254//1263
f 2257//1264 2255//1264 2256//1264
f 2258//1265 2259//1265 2260//1265
f 2261//1266 2259//1266 2258//1266
f 2262//1267 2261//1267 2258//1267
f 2258//1268 2263//1268 2262//1268
f 2264//1269 2263//1269 2258//1269
f 2265//1270 2264//1270 2258//1270
f 2258//1271 2266//1271 2265//1271
f 2267//1272 2266//1272 2258//1272
f 2268//1272 2267//1272 2258//1272
f 2258//1266 2269//1266 2268//1266
f 2270//326 2269//326 2258//326
f 2271//1273 2270//1273 2258//1273
f 2258//1274 2272//1274 2271//1274
f 2273//326 2272//326 2258//326
f 2274//1275 2273//1275 2258//1275
f 2258//1276 2275//1276 2274//1276
f 2276//326 2275//326 2258//326
f 2277//1273 2276//1273 2258//1273
f 2258//1276 2278//1276 2277//1276
f 2279//1273 2278//1273 2258//1273
f 2280//326 2279//326 2258//326
f 2258//1274 2281//1274 2280//1274
f 2282//1275 2281//1275 2258//1275
f 2283//326 2282//326 2258//326
f 2258//326 2284//326 2283//326
f 2285//326 2284//326 2258//326
f 2286//326 2285//326 2258//326
f 2258//1273 2287//1273 2286//1273
f 2288//1276 2287//1276 2258//1276
f 2289//1275 2288//1275 2258//1275
f 2258//326 2290//326 2289//326
f 2291//326 2290//326 2258//326
f 2292//1275 2290//1275 2291//1275
f 2293//326 2292//326 2291//326
f 2294//1275 2292//1275 2293//1275
f 2295//326 2294//326 2293//326
f 2296//326 2294//326 2295//326
f 2297//1274 2296//1274 2295//1274
f 2298//1272 2296//1272 2297//1272
f 2299//1276 2298//1276 2297//1276
f 2300//1273 2298//1273 2299//1273
f 2301//326 2300//326 2299//326
f 2302//1275 2300//1275 2301//1275
f 2303//326 2302//326 2301//326
f 2304//1273 2302//1273 2303//1273
f 2305//1277 2304//1277 2303//1277
f 2306//1273 2304//1273 2305//1273
f 2307//1272 2306//1272 2305//1272
f 2308//326 2306//326 2307//326
f 2309//1276 2308//1276 2307//1276
f 2310//1270 2308//1270 2309//1270
f 2311//1278 2310//1278 2309//1278
f 2312//326 2310//326 2311//326
f 2313//1279 2312//1279 2311//1279
f 2314//1280 2312//1280 2313//1280
f 2315//1266 2314//1266 2313//1266
f 2316//1281 2314//1281 2315//1281
f 2195//1282 2317//1282 2218//1282
f 2318//1283 2317//1283 2195//1283
f 2197//1284 2318//1284 2195//1284
f 2319//1285 2318//1285 2197//1285
f 2196//1286 2319//1286 2197//1286
f 2320//1287 2319//1287 2196//1287
f 2198//1288 2320//1288 2196//1288
f 2321//1289 2320//1289 2198//1289
f 2199//1290 2321//1290 2198//1290
f 2322//1291 2321//1291 2199//1291
f 2200//1292 2322//1292 2199//1292
f 2323//1293 2322//1293 2200//1293
f 2201//1294 2323//1294 2200//1294
f 2324//1295 2323//1295 2201//1295
f 2202//1296 2324//1296 2201//1296
f 2325//1297 2324//1297 2202//1297
f 2203//1298 2325//1298 2202//1298
f 2326//1299 2325//1299 2203//1299
f 2204//1300 2326//1300 2203//1300
f 2327//1301 2326//1301 2204//1301
f 2205//1302 2327//1302 2204//1302
f 2328//1303 2327//1303 2205//1303
f 2206//1304 2328//1304 2205//1304
f 2329//1305 2328//1305 2206//1305
f 2207//1306 2329//1306 2206//1306
f 2330//1307 2329//1307 2207//1307
f 2208//1308 2330//1308 2207//1308
f 2331//1309 2330//1309 2208//1309
f 2209//1310 2331//1310 2208//1310
f 2332//1311 2331//1311 2209//1311
f 2210//1312 2332//1312 2209//1312
f 2333//1313 2332//1313 2210//1313
f 2211//1314 2333//1314 2210//1314
f 2334//1315 2333//1315 2211//1315
f 2212//1316 2334//1316 2211//1316
f 2335//1317 2334//1317 2212//1317
f 2213//1318 2335//1318 2212//1318
f 2336//1319 2335//1319 2213//1319
f 2214//1320 2336//1320 2213//1320
f 2337//1321 2336//1321 2214//1321
f 2215//1322 2337//1322 2214//1322
f 2338//1323 2337//1323 2215//1323
f 2216//1324 2338//1324 2215//1324
f 2339//1325 2338//1325 2216//1325
f 2217//1326 2339//1326 2216//1326
f 2340//1327 2339//1327 2217//1327
f 2219//1328 2340//1328 2217//1328
f 2341//1329 2340//1329 2219//1329
f 2220//1330 2341//1330 2219//1330
f 2342//1331 2341//1331 2220//1331
f 2221//1332 2342//1332 2220//1332
f 2343//1333 2342//1333 2221//1333
f 2222//1334 2343//1334 2221//1334
f 2344//1335 2343//1335 2222//1335
f 2223//1336 2344//1336 2222//1336
f 2345//1337 2344//1337 2223//1337
f 2224//1338 2345//1338 2223//1338
f 2346//1339 2345//1339 2224//1339
f 2225//1340 2346//1340 2224//1340
f 2347//1341 2346//1341 2225//1341
f 2226//1342 2347//1342 2225//1342
f 2348//1343 2347//1343 2226//1343
f 2227//1344 2348//1344 2226//1344
f 2349//1345 2348//1345 2227//1345
f 2228//1346 2349//1346 2227//1346
f 2350//1347 2349//1347 2228//1347
f 2229//1348 2350//1348 2228//1348
f 2351//1349 2350//1349 2229//1349
f 2231//1350 2351//1350 2229//1350
f 2352//1351 2351//1351 2231//1351
f 2233//1352 2352//1352 2231//1352
f 2353//1353 2352//1353 2233//1353
f 2235//1354 2353//1354 2233//1354
f 2354//1355 2353//1355 2235//1355
f 2237//1356 2354//1356 2235//1356
f 2355//1357 2354//1357 2237//1357
f 2239//1358 2355//1358 2237//1358
f 2356//1359 2355//1359 2239//1359
f 2241//1360 2356//1360 2239//1360
f 2357//1361 2356//1361 2241//1361
f 2243//1362 2357//1362 2241//1362
f 2358//1363 2357//1363 2243//1363
f 2245//1364 2358//1364 2243//1364
f 2359//1365 2358//1365 2245//1365
f 2247//1366 2359//1366 2245//1366
f 2360//1367 2359//1367 2247//1367
f 2249//1368 2360//1368 2247//1368
f 2361//1369 2360//1369 2249//1369
f 2251//1370 2361//1370 2249//1370
f 2362//1371 2361//1371 2251//1371
f 2253//1372 2362//1372 2251//1372
f 2363//1373 2362//1373 2253//1373
f 2255//1374 2363//1374 2253//1374
f 2364//1375 2363//1375 2255//1375
f 2257//1376 2364//1376 2255//1376
f 2365//1377 2364//1377 2257//1377
f 2256//1378 2365//1378 2257//1378
f 2366//1379 2365//1379 2256//1379
f 2254//1380 2366//1380 2256//1380
f 2367//1381 2366//1381 2254//1381
f 2252//1382 2367//1382 2254//1382
f 2368//1383 2367//1383 2252//1383
f 2250//1384 2368//1384 2252//1384
f 2369//1385 2368//1385 2250//1385
f 2248//1386 2369//1386 2250//1386
f 2370//1387 2369//1387 2248//1387
f 2246//1388 2370//1388 2248//1388
f 2371//1389 2370//1389 2246//1389
f 2244//1390 2371//1390 2246//1390
f 2372//1391 2371//1391 2244//1391
f 2242//1392 2372//1392 2244//1392
f 2373//1393 2372//1393 2242//1393
f 2240//1394 2373//1394 2242//1394
f 2374//1395 2373//1395 2240//1395
f 2238//1396 2374//1396 2240//1396
f 2375//1397 2374//1397 2238//1397
f 2236//1398 2375//1398 2238//1398
f 2376//1399 2375//1399 2236//1399
f 2234//1400 2376//1400 2236//1400
f 2377//1401 2376//1401 2234//1401
f 2232//1402 2377//1402 2234//1402
f 2378//1403 2377//1403 2232//1403
f 2230//1404 2378//1404 2232//1404
f 2379//1405 2378//1405 2230//1405
f 2218//1406 2379//1406 2230//1406
f 2317//1407 2379//1407 2218//1407
f 2260//1408 2349//1408 2350//1408
f 2348//1409 2349//1409 2260//1409
f 2259//1410 2348//1410 2260//1410
f 2347//1411 2348//1411 2259//1411
f 2261//1412 2347//1412 2259//1412
f 2346//1413 2347//1413 2261//1413
f 2262//1414 2346//1414 2261//1414
f 2345//1415 2346//1415 2262//1415
f 2263//1416 2345//1416 2262//1416
f 2344//1417 2345//1417 2263//1417
f 2264//1418 2344//1418 2263//1418
f 2343//1419 2344//1419 2264//1419
f 2265//1420 2343//1420 2264//1420
f 2342//1421 2343//1421 2265//1421
f 2266//1422 2342//1422 2265//1422
f 2341//1423 2342//1423 2266//1423
f 2267//1424 2341//1424 2266//1424
f 2340//1425 2341//1425 2267//1425
f 2268//1426 2340//1426 2267//1426
f 2339//1427 2340//1427 2268//1427
f 2269//1428 2339//1428 2268//1428
f 2338//1429 2339//1429 2269//1429
f 2270//1430 2338//1430 2269//1430
f 2337//1431 2338//1431 2270//1431
f 2271//1432 2337//1432 2270//1432
f 2336//1433 2337//1433 2271//1433
f 2272//1434 2336//1434 2271//1434
f 2335//1435 2336//1435 2272//1435
f 2273//1436 2335//1436 2272//1436
f 2334//1437 2335//1437 2273//1437
f 2274//1438 2334//1438 2273//1438
f 2333//1439 2334//1439 2274//1439
f 2332//1440 2333//1440 2274//1440
f 2275//1441 2332//1441 2274//1441
f 2331//1442 2332//1442 2275//1442
f 2276//1443 2331//1443 2275//1443
f 2330//1444 2331//1444 2276//1444
f 2277//1445 2330//1445 2276//1445
f 2329//1446 2330//1446 2277//1446
f 2278//1447 2329//1447 2277//1447
f 2328//1448 2329//1448 2278//1448
f 2279//1449 2328//1449 2278//1449
f 2327//1450 2328//1450 2279//1450
f 2280//1451 2327//1451 2279//1451
f 2326//1452 2327//1452 2280//1452
f 2281//1453 2326//1453 2280//1453
f 2325//1454 2326//1454 2281//1454
f 2282//1455 2325//1455 2281//1455
f 2324//1456 2325//1456 2282//1456
f 2283//1457 2324//1457 2282//1457
f 2323//1458 2324//1458 2283//1458
f 2284//1459 2323//1459 2283//1459
f 2322//1460 2323//1460 2284//1460
f 2285//1461 2322//1461 2284//1461
f 2321//1462 2322//1462 2285//1462
f 2286//1463 2321//1463 2285//1463
f 2320//1464 2321//1464 2286//1464
f 2287//1465 2320//1465 2286//1465
f 2319//1466 2320//1466 2287//1466
f 2288//1467 2319//1467 2287//1467
f 2318//1468 2319//1468 2288//1468
f 2317//1469 2318//1469 2288//1469
f 2289//1470 2317//1470 2288//1470
f 2379//1471 2317//1471 2289//1471
f 2290//1472 2379//1472 2289//1472
f 2378//1473 2379//1473 2290//1473
f 2292//1474 2378//1474 2290//1474
f 2377//1475 2378//1475 2292//1475
f 2294//1476 2377//1476 2292//1476
f 2376//1477 2377//1477 2294//1477
f 2296//1478 2376//1478 2294//1478
f 2375//1479 2376//1479 2296//1479
f 2298//1480 2375//1480 2296//1480
f 2374//1481 2375//1481 2298//1481
f 2300//1482 2374//1482 2298//1482
f 2373//1483 2374//1483 2300//1483
f 2302//1484 2373//1484 2300//1484
f 2372//1485 2373//1485 2302//1485
f 2304//1486 2372//1486 2302//1486
f 2371//1487 2372//1487 2304//1487
f 2306//1488 2371//1488 2304//1488
f 2370//1489 2371//1489 2306//1489
f 2308//1490 2370//1490 2306//1490
f 2369//1491 2370//1491 2308//1491
f 2310//1492 2369//1492 2308//1492
f 2368//1493 2369//1493 2310//1493
f 2312//1494 2368//1494 2310//1494
f 2367//1495 2368//1495 2312//1495
f 2314//1496 2367//1496 2312//1496
f 2366//1497 2367//1497 2314//1497
f 2316//1498 2366//1498 2314//1498
f 2365//1499 2366//1499 2316//1499
f 2364//1500 2365//1500 2316//1500
f 2315//1501 2364//1501 2316//1501
f 2363//1502 2364//1502 2315//1502
f 2313//1503 2363//1503 2315//1503
f 2362//1504 2363//1504 2313//1504
f 2311//1505 2362//1505 2313//1505
f 2361//1506 2362//1506 2311//1506
f 2309//1507 2361//1507 2311//1507
f 2360//1508 2361//1508 2309//1508
f 2307//1509 2360//1509 2309//1509
f 2359//1510 2360//1510 2307//1510
f 2305//1511 2359//1511 2307//1511
f 2358//1512 2359//1512 2305//1512
f 2303//1513 2358//1513 2305//1513
f 2357//1514 2358//1514 2303//1514
f 2301//1515 2357//1515 2303//1515
f 2356//1516 2357//1516 2301//1516
f 2299//1517 2356//1517 2301//1517
f 2355//1518 2356//1518 2299//1518
f 2297//1519 2355//1519 2299//1519
f 2354//1520 2355//1520 2297//1520
f 2295//1521 2354//1521 2297//1521
f 2353//1522 2354//1522 2295//1522
f 2293//1523 2353//1523 2295//1523
f 2352//1524 2353//1524 2293//1524
f 2291//1525 2352//1525 2293//1525
f 2351//1526 2352//1526 2291//1526
f 2258//1527 2351//1527 2291//1527
f 2350//1528 2351//1528 2258//1528
f 2260//1529 2350//1529 2258//1529
f 2380//1530 2381//1530 2382//1530
f 2383//1531 2381//1531 2380//1531
f 2384//1532 2383//1532 2380//1532
f 2380//326 2385//326 2384//326
f 2386//1533 2385//1533 2380//1533
f 2387//1533 2386//1533 2380//1533
f 2380//1269 2388//1269 2387//1269
f 2389//1276 2388//1276 2380//1276
f 2390//1275 2389//1275 2380//1275
f 2380//1534 2391//1534 2390//1534
f 2392//1535 2391//1535 2380//1535
f 2393//1275 2392//1275 2380//1275
f 2380//326 2394//326 2393//326
f 2395//1534 2394//1534 2380//1534
f 2396//1276 2395//1276 2380//1276
f 2380//326 2397//326 2396//326
f 2398//1275 2397//1275 2380//1275
f 2399//1276 2398//1276 2380//1276
f 2380//326 2400//326 2399//326
f 2401//1274 2400//1274 2380//1274
f 2402//1273 2401//1273 2380//1273
f 2380//326 2403//326 2402//326
f 2404//1275 2403//1275 2380//1275
f 2405//1276 2404//1276 2380//1276
f 2380//1275 2406//1275 2405//1275
f 2407//326 2406//326 2380//326
f 2408//326 2407//326 2380//326
f 2380//326 2409//326 2408//326
f 2410//326 2409//326 2380//326
f 2411//326 2410//326 2380//326
f 2380//1275 2412//1275 2411//1275
f 2413//326 2412//326 2380//326
f 2414//1274 2412//1274 2413//1274
f 2415//1273 2414//1273 2413//1273
f 2416//326 2414//326 2415//326
f 2417//1275 2416//1275 2415//1275
f 2418//326 2416//326 2417//326
f 2419//1273 2418//1273 2417//1273
f 2420//1276 2418//1276 2419//1276
f 2421//1275 2420//1275 2419//1275
f 2422//326 2420//326 2421//326
f 2423//326 2422//326 2421//326
f 2424//1275 2422//1275 2423//1275
f 2425//326 2424//326 2423//326
f 2426//1273 2424//1273 2425//1273
f 2427//1277 2426//1277 2425//1277
f 2428//1273 2426//1273 2427//1273
f 2429//1275 2428//1275 2427//1275
f 2430//1271 2428//1271 2429//1271
f 2431//1272 2430//1272 2429//1272
f 2432//326 2430//326 2431//326
f 2433//1275 2432//1275 2431//1275
f 2434//326 2432//326 2433//326
f 2435//1273 2434//1273 2433//1273
f 2436//1536 2434//1536 2435//1536
f 2437//1275 2436//1275 2435//1275
f 2438//1537 2436//1537 2437//1537
f 2439//1538 2440//1538 2441//1538
f 2442//1539 2440//1539 2439//1539
f 2443//1540 2442//1540 2439//1540
f 2444//1541 2442//1541 2443//1541
f 2445//1542 2444//1542 2443//1542
f 2446//1543 2444//1543 2445//1543
f 2447//1544 2446//1544 2445//1544
f 2448//1545 2446//1545 2447//1545
f 2449//1546 2448//1546 2447//1546
f 2450//1547 2448//1547 2449//1547
f 2451//1548 2450//1548 2449//1548
f 2452//1549 2450//1549 2451//1549
f 2453//1550 2452//1550 2451//1550
f 2454//1551 2452//1551 2453//1551
f 2455//1552 2454//1552 2453//1552
f 2456//1553 2454//1553 2455//1553
f 2457//1554 2456//1554 2455//1554
f 2458//1555 2456//1555 2457//1555
f 2459//1556 2458//1556 2457//1556
f 2460//1557 2458//1557 2459//1557
f 2461//1558 2460//1558 2459//1558
f 2462//1559 2460//1559 2461//1559
f 2463//1560 2462//1560 2461//1560
f 2464//1561 2462//1561 2463//1561
f 2465//1562 2464//1562 2463//1562
f 2466//1563 2464//1563 2465//1563
f 2467//1564 2466//1564 2465//1564
f 2468//1565 2466//1565 2467//1565
f 2469//1566 2468//1566 2467//1566
f 2470//1567 2468//1567 2469//1567
f 2471//1568 2470//1568 2469//1568
f 2472//1569 2470//1569 2471//1569
f 2473//1570 2472//1570 2471//1570
f 2474//1571 2472//1571 2473//1571
f 2475//1572 2474//1572 2473//1572
f 2476//1573 2474//1573 2475//1573
f 2477//1574 2476//1574 2475//1574
f 2478//1575 2476//1575 2477//1575
f 2479//1576 2478//1576 2477//1576
f 2480//1577 2478//1577 2479//1577
f 2481//1578 2480//1578 2479//1578
f 2482//1579 2480//1579 2481//1579
f 2483//1580 2482//1580 2481//1580
f 2484//1581 2482//1581 2483//1581
f 2485//1582 2484//1582 2483//1582
f 2486//1583 2484//1583 2485//1583
f 2487//1584 2486//1584 2485//1584
f 2488//1585 2486//1585 2487//1585
f 2489//1586 2488//1586 2487//1586
f 2490//1587 2488//1587 2489//1587
f 2491//1588 2490//1588 2489//1588
f 2492//1589 2490//1589 2491//1589
f 2493//1590 2492//1590 2491//1590
f 2494//1591 2492//1591 2493//1591
f 2495//1592 2494//1592 2493//1592
f 2496//1593 2494//1593 2495//1593
f 2497//1594 2496//1594 2495//1594
f 2498//1595 2496//1595 2497//1595
f 2499//1596 2498//1596 2497//1596
f 2500//1597 2498//1597 2499//1597
f 2501//1598 2500//1598 2499//1598
f 2502//1599 2500//1599 2501//1599
f 2503//1600 2502//1600 2501//1600
f 2504//1601 2502//1601 2503//1601
f 2505//1602 2504//1602 2503//1602
f 2506//1603 2504//1603 2505//1603
f 2507//1604 2506//1604 2505//1604
f 2508//1605 2506//1605 2507//1605
f 2509//1606 2508//1606 2507//1606
f 2510//1607 2508//1607 2509//1607
f 2511//1608 2510//1608 2509//1608
f 2512//1609 2510//1609 2511//1609
f 2513//1610 2512//1610 2511//1610
f 2514//1611 2512//1611 2513//1611
f 2515//1612 2514//1612 2513//1612
f 2516//1613 2514//1613 2515//1613
f 2517//1614 2516//1614 2515//1614
f 2518//1615 2516//1615 2517//1615
f 2519//1616 2518//1616 2517//1616
f 2520//1617 2518//1617 2519//1617
f 2521//1618 2520//1618 2519//1618
f 2522//1619 2520//1619 2521//1619
f 2523//1620 2522//1620 2521//1620
f 2524//1621 2522//1621 2523//1621
f 2525//1622 2524//1622 2523//1622
f 2526//1623 2524//1623 2525//1623
f 2527//1624 2526//1624 2525//1624
f 2528//1625 2526//1625 2527//1625
f 2529//1626 2528//1626 2527//1626
f 2530//1627 2528//1627 2529//1627
f 2531//1628 2530//1628 2529//1628
f 2532//1629 2530//1629 2531//1629
f 2533//1630 2532//1630 2531//1630
f 2534//1631 2532//1631 2533//1631
f 2535//1632 2534//1632 2533//1632
f 2536//1633 2534//1633 2535//1633
f 2537//1634 2536//1634 2535//1634
f 2538//1635 2536//1635 2537//1635
f 2539//1636 2538//1636 2537//1636
f 2540//1637 2538//1637 2539//1637
f 2541//1638 2540//1638 2539//1638
f 2542//1639 2540//1639 2541//1639
f 2543//1640 2542//1640 2541//1640
f 2544//1641 2542//1641 2543//1641
f 2545//1642 2544//1642 2543//1642
f 2546//1643 2544//1643 2545//1643
f 2547//1644 2546//1644 2545//1644
f 2548//1645 2546//1645 2547//1645
f 2549//1646 2548//1646 2547//1646
f 2550//1647 2548//1647 2549//1647
f 2551//1648 2550//1648 2549//1648
f 2552//1649 2550//1649 2551//1649
f 2553//1650 2552//1650 2551//1650
f 2554//1651 2552//1651 2553//1651
f 2555//1652 2554//1652 2553//1652
f 2556//1653 2554//1653 2555//1653
f 2557//1654 2556//1654 2555//1654
f 2558//1655 2556//1655 2557//1655
f 2559//1656 2558//1656 2557//1656
f 2560//1657 2558//1657 2559//1657
f 2561//1658 2560//1658 2559//1658
f 2562//1659 2560//1659 2561//1659
f 2563//1660 2562//1660 2561//1660
f 2564//1661 2562//1661 2563//1661
f 2441//1662 2564//1662 2563//1662
f 2440//1663 2564//1663 2441//1663
f 2382//1664 2504//1664 2506//1664
f 2502//1665 2504//1665 2382//1665
f 2381//1666 2502//1666 2382//1666
f 2500//1667 2502//1667 2381//1667
f 2383//1668 2500//1668 2381//1668
f 2498//1669 2500//1669 2383//1669
f 2384//1670 2498//1670 2383//1670
f 2496//1671 2498//1671 2384//1671
f 2385//1672 2496//1672 2384//1672
f 2494//1673 2496//1673 2385//1673
f 2386//1674 2494//1674 2385//1674
f 2492//1675 2494//1675 2386//1675
f 2387//1676 2492//1676 2386//1676
f 2490//1677 2492//1677 2387//1677
f 2388//1678 2490//1678 2387//1678
f 2488//1679 2490//1679 2388//1679
f 2389//1680 2488//1680 2388//1680
f 2486//1681 2488//1681 2389//1681
f 2390//1682 2486//1682 2389//1682
f 2484//1683 2486//1683 2390//1683
f 2391//1684 2484//1684 2390//1684
f 2482//1685 2484//1685 2391//1685
f 2392//1686 2482//1686 2391//1686
f 2480//1687 2482//1687 2392//1687
f 2393//1688 2480//1688 2392//1688
f 2478//1689 2480//1689 2393//1689
f 2394//1690 2478//1690 2393//1690
f 2476//1691 2478//1691 2394//1691
f 2395//1692 2476//1692 2394//1692
f 2474//1693 2476//1693 2395//1693
f 2396//1694 2474//1694 2395//1694
f 2472//1695 2474//1695 2396//1695
f 2470//1696 2472//1696 2396//1696
f 2397//1697 2470//1697 2396//1697
f 2468//1698 2470//1698 2397//1698
f 2398//1699 2468//1699 2397//1699
f 2466//1700 2468//1700 2398//1700
f 2399//1701 2466//1701 2398//1701
f 2464//1702 2466//1702 2399//1702
f 2400//1703 2464//1703 2399//1703
f 2462//1704 2464//1704 2400//1704
f 2401//1705 2462//1705 2400//1705
f 2460//1706 2462//1706 2401//1706
f 2402//1707 2460//1707 2401//1707
f 2458//1708 2460//1708 2402//1708
f 2403//1709 2458//1709 2402//1709
f 2456//1710 2458//1710 2403//1710
f 2404//1711 2456//1711 2403//1711
f 2454//1712 2456//1712 2404//1712
f 2405//1713 2454//1713 2404//1713
f 2452//1714 2454//1714 2405//1714
f 2406//1715 2452//1715 2405//1715
f 2450//1716 2452//1716 2406//1716
f 2407//1717 2450//1717 2406//1717
f 2448//1718 2450//1718 2407//1718
f 2408//1719 2448//1719 2407//1719
f 2446//1720 2448//1720 2408//1720
f 2409//1721 2446//1721 2408//1721
f 2444//1722 2446//1722 2409//1722
f 2410//1723 2444//1723 2409//1723
f 2442//1724 2444//1724 2410//1724
f 2440//1725 2442//1725 2410//1725
f 2411//1725 2440//1725 2410//1725
f 2564//1726 2440//1726 2411//1726
f 2412//1727 2564//1727 2411//1727
f 2562//1728 2564//1728 2412//1728
f 2414//1729 2562//1729 2412//1729
f 2560//1730 2562//1730 2414//1730
f 2416//1731 2560//1731 2414//1731
f 2558//1732 2560//1732 2416//1732
f 2418//1733 2558//1733 2416//1733
f 2556//1734 2558//1734 2418//1734
f 2420//1735 2556//1735 2418//1735
f 2554//1736 2556//1736 2420//1736
f 2422//1737 2554//1737 2420//1737
f 2552//1738 2554//1738 2422//1738
f 2424//1739 2552//1739 2422//1739
f 2550//1740 2552//1740 2424//1740
f 2426//1741 2550//1741 2424//1741
f 2548//1742 2550//1742 2426//1742
f 2428//1743 2548//1743 2426//1743
f 2546//1744 2548//1744 2428//1744
f 2430//1745 2546//1745 2428//1745
f 2544//1746 2546//1746 2430//1746
f 2432//1747 2544//1747 2430//1747
f 2542//1748 2544//1748 2432//1748
f 2434//1749 2542//1749 2432//1749
f 2540//1750 2542//1750 2434//1750
f 2436//1751 2540//1751 2434//1751
f 2538//1752 2540//1752 2436//1752
f 2438//1753 2538//1753 2436//1753
f 2536//1754 2538//1754 2438//1754
f 2534//1755 2536//1755 2438//1755
f 2437//1756 2534//1756 2438//1756
f 2532//1757 2534//1757 2437//1757
f 2435//1758 2532//1758 2437//1758
f 2530//1759 2532//1759 2435//1759
f 2433//1760 2530//1760 2435//1760
f 2528//1761 2530//1761 2433//1761
f 2431//1762 2528//1762 2433//1762
f 2526//1763 2528//1763 2431//1763
f 2429//1764 2526//1764 2431//1764
f 2524//1765 2526//1765 2429//1765
f 2427//1766 2524//1766 2429//1766
f 2522//1767 2524//1767 2427//1767
f 2425//1768 2522//1768 2427//1768
f 2520//1769 2522//1769 2425//1769
f 2423//1770 2520//1770 2425//1770
f 2518//1771 2520//1771 2423//1771
f 2421//1772 2518//1772 2423//1772
f 2516//1773 2518//1773 2421//1773
f 2419//1774 2516//1774 2421//1774
f 2514//1775 2516//1775 2419//1775
f 2417//1776 2514//1776 2419//1776
f 2512//1777 2514//1777 2417//1777
f 2415//1778 2512//1778 2417//1778
f 2510//1779 2512//1779 2415//1779
f 2413//1780 2510//1780 2415//1780
f 2508//1781 2510//1781 2413//1781
f 2380//1782 2508//1782 2413//1782
f 2506//1783 2508//1783 2380//1783
f 2382//1784 2506//1784 2380//1784
